0000000000000000
0000000000000000
0000000000000000
0000000000000000
0000000000000000
0000000000000000
0000000000000000
0000000000000000
0000000000000000
0000000000000000
0000000000000000
0000000000000000
0000000000000000
0000000000000000
0000000000000000
0000000000000000
0000000000000000
0000000000000000
0000000000000000
0000000000000000
0000000000000000
0000000000000000
0000000000000000
0000000000000000
0000000000000000
0000000000000000
0000000000000000
0000000000000000
0000000000000000
0000000000000000
0000000000000000
0000000000000000
0000000000000000
0000000000000000
0000000000000000
0000000000000000
0000000000000000
0000000000000000
0000000000000000
0000000000000000
0000000000000000
0000000000000000
0000000000000000
0000000000000000
0000000000000000
0000000000000000
0000000000000000
0000000000000000
0000000000000000
0000000000000000
0000000000000000
0000000000000000
0000000000000000
0000000000000000
0000000000000000
0000000000000000
0000000000000000
0000000000000000
0000000000000000
0000000000000000
0000000000000000
0000000000000000
0000000000000000
0000000000000000
0000000000000000
0000000000000000
0000000000000000
0000000000000000
0000000000000000
0000000000000000
0000000000000000
0000000000000000
0000000000000000
0000000000000000
0000000000000000
0000000000000000
0000000000000000
0000000000000000
0000000000000000
0000000000000000
0000000000000000
0000000000000000
0000000000000000
0000000000000000
0000000000000000
0000000000000000
0000000000000000
0000000000000000
0000000000000000
0000000000000000
0000000000000000
0000000000000000
0000000000000000
0000000000000000
0000000000000000
0000000000000000
0000000000000000
0000000000000000
0000000000000000
0000000000000000
0000000000000000
0000000000000000
0000000000000000
0000000000000000
0000000000000000
0000000000000000
0000000000000000
0000000000000000
0000000000000000
0000000000000000
0000000000000000
0000000000000000
0000000000000000
0000000000000000
0000000000000000
0000000000000000
0000000000000000
0000000000000000
0000000000000000
0000000000000000
0000000000000000
0000000000000000
0000000000000000
0000000000000000
0000000000000000
0000000000000000
0000000000000000
0000000000000000
0000100000100000
0000000000000880
0000000000000000
0000000001002004
0000000000040000
0000100000000000
0000000000000005
0080000000400041
0000000000042000
0000000000800044
8000000000840000
0010000000000040
0000000000000000
0000000001100040
0000000000000800
0000100000100000
0000100000000000
0010000000000021
0000100000002000
0000000000000000
8000220080000800
0000000001040000
0000000000042000
0080000080000000
0000020000800000
0000000000000000
0000000000000001
0000100000000000
0000200000000000
0000200080000020
0000000000000040
0000000000000800
0000100000000024
0010000000100000
0080200000840000
0000320000000080
0080000000000000
0000000000000000
8000000000000000
00001000015000c0
0000000000000040
0010000000000000
0000000000000000
8000000080800040
0000020000000040
0080000000002000
0000000000800001
0000000001800000
0080000000100080
00000000000000c0
0000220001000000
0000000001400000
0000000000000000
0000000000000044
0000000000000800
0000000000000000
0000100080000880
0010000000000000
0000000001000000
0000200000000000
0000000000000000
0000200001000040
0000000000000000
0000000000000000
0000000000000000
0000000000000000
0000000000000000
0000000000000000
0000000000000000
0000000000000000
0000000000000000
0000000000000000
0000000000000000
0000000000000000
0000000000000000
0000000000000000
0000000000000000
0000000000000000
0000000000000000
0000000000000000
0000000000000000
0000000000000000
0000000000000000
0000000000000000
0000000000000000
0000000000000000
0000000000000000
0000000000000000
0000000000000000
0000000000000000
0000000000000000
0000000000000000
0000000000000000
0000000000000000
0000000000000000
0000000000000000
0000000000000000
0000000000000000
0000000000000000
0000000000000000
0000000000000000
0000000000000000
0000000000000000
0000000000000000
0000000000000000
0000000000000000
0000000000000000
0000000000000000
0000000000000000
0000000000000000
0000000000000000
0000000000000000
0000000000000000
0000000000000000
0000000000000000
0000000000000000
0000000000000000
0000000000000000
0000000000000000
0000000000000000
0000000000000000
0000000000000000
0000000000000000
0000000000000000
0000000000000000
0000000000000000
0000000000000000
0000000000000000
0000100200300400
0000800000200880
0000400400000000
0000000041006004
0000080020040000
0000108040000400
0000000000000005
0081000000400041
0100080000042000
0000000000800044
a040008040a40000
0210080004000040
2000008000000000
0000000001100040
0000000000000800
0000100000100000
0000100000000000
0030000040000029
0000100400002008
0000000600000000
8200220084000800
0000800201040000
0000000000042200
00800000c0000000
0000020000800000
2100000000000000
2000008000004009
0001180200004000
0040280000000000
0000200080000020
2020400204000240
0001000000000808
0000908400000224
0110008000100000
0280200000840000
0200720000000080
0080000000200000
0000080040004000
8000000000000200
00001000015004c0
0000080000000040
2010000040000200
2000008000200000
8120000080800040
0200020000000040
0080000000002000
0000080020800201
2000000001800000
2080008140304080
00400002000002c0
01402a0001000000
0001080001400000
2000400404200000
0000400000000044
0000000000000c00
0200000000200600
0000100080000880
0010000100000000
2000800001000000
0000200000200000
2000080020000000
0000200001000040
0100000000000000
2000408000000200
1000000000000000
0000000000000000
0000000000001000
0000002000010000
0000000000010000
0000002000000000
4000000000000000
0000040000000000
0000000000000000
0000050000000000
0000000000000000
0000040000000000
0000000000000000
0000000000000000
0000012000000000
0000000000010000
0000000000001000
0000000000000000
0000000000080000
0000042000010000
0000002000080000
0000000000080000
4000000000000000
0000000000000000
0000000000090000
0000040000000000
0000002000000000
0000000000000000
0000042000000000
0000002000080000
0000000000000000
0000000000000000
0000002000010000
0000000000000000
0000000000000002
0000002000090000
0000000000090000
1000000000000000
1000042000000000
0000000000000000
0000000000000000
0000040000000000
4000000000001002
0000000000000000
0000000000000002
1000050000000000
4000000000000000
1000000000000000
0000040000000002
5000000000000000
0000040000080000
0000000000000000
1000040000000002
0000000000000000
0000000000000000
1000000000000000
0000042000000000
0000000000000000
0000002000010002
0000000000080000
0000000000000000
0000000000001000
0000040000000000
0000000000000000
0000100000100000
0000000000000880
0000000000000000
0000000001002004
0000000000040000
0000100000000000
0000000000000005
0080000000400041
0000000000042000
0000000000800044
8000000000840000
0010000000000040
0000000000000000
0000000001100040
0000000000000800
0000100000100000
0000100000000000
0010000000000021
0000100000002000
0000000000000000
8000220080000800
0000000001040000
0000000000042000
0080000080000000
0000020000800000
0000000000000000
0000000000000001
0000100000000000
0000200000000000
0000200080000020
0000000000000040
0000000000000800
0000100000000024
0010000000100000
0080200000840000
0000320000000080
0080000000000000
0000000000000000
8000000000000000
00001000015000c0
0000000000000040
0010000000000000
0000000000000000
8000000080800040
0000020000000040
0080000000002000
0000000000800001
0000000001800000
0080000000100080
00000000000000c0
0000220001000000
0000000001400000
0000000000000000
0000000000000044
0000000000000800
0000000000000000
0000100080000880
0010000000000000
0000000001000000
0000200000000000
0000000000000000
0000200001000040
0000000000000000
0000000000000000
0000000000000000
0000000000000000
0000000000000000
0000000000000000
0000000000000000
0000000000000000
0000000000000000
0000000000000000
0100000000000000
0000000000000000
0000000000000000
0000000000000000
0000000000000000
0000000000000000
0000000000000000
0000000000000000
0000000000000000
0000000000000000
0000000000000000
0000000000000000
0000000000000000
0000000000000000
0000000000000000
0000000000000000
0000000000000000
0100000000000000
0000000000000000
0000000000000000
0000000000000000
0000000000000000
0000000000000000
0000000000000000
0000000000000000
0100000000000000
0000000000000000
0000000000000000
0000000000000000
0000000000000000
0000000000000000
0000000000000000
0000000000000000
0000000000000000
0000000000000000
0100000000000000
0000000000000000
0000000000000000
0000000000000000
0000000000000000
0000000000000000
0000000000000000
0100000000000000
0000000000000000
0000000000000000
0000000000000000
0000000000000000
0000000000000000
0000000000000000
0000000000000000
0000000000000000
0000000000000000
0000000000000000
0000000000000000
0100000000000000
0000000000000000
0000100200300400
0000800000200880
0000400400000000
0000000041006004
0000080020040000
0000108040000400
0000000000000005
0081000000400041
0000080000042000
0000000000800044
a040008040a40000
0210080004000040
2000008000000000
0000000001100040
0000000000000800
0000100000100000
0000100000000000
0030000040000029
0000100400002008
0000000600000000
8200220084000800
0000800201040000
0000000000042200
00800000c0000000
0000020000800000
2000000000000000
2000008000004009
0001180200004000
0040280000000000
0000200080000020
2020400204000240
0001000000000808
0000908400000224
0010008000100000
0280200000840000
0200720000000080
0080000000200000
0000080040004000
8000000000000200
00001000015004c0
0000080000000040
2010000040000200
2000008000200000
8020000080800040
0200020000000040
0080000000002000
0000080020800201
2000000001800000
2080008140304080
00400002000002c0
00402a0001000000
0001080001400000
2000400404200000
0000400000000044
0000000000000c00
0200000000200600
0000100080000880
0010000100000000
2000800001000000
0000200000200000
2000080020000000
0000200001000040
0000000000000000
2000408000000200
1000000000000010
0000000800000000
0000000000000000
0000002800000000
0000000000000000
0000002010000000
4000000000000000
0000040800000000
0000000000000000
0000040000000000
0000000000000000
0000040010000000
0000000000000000
0000000000000000
0000002000000000
0000000000000000
0000000000000000
0000000000000010
0000000000080010
0000042010000000
0002002000080000
0000000800080000
4000000000000000
0000000000000000
0000000000080000
0000040000000010
0000002800000000
0000000000000000
0000042000000000
0000002010080000
0000000000000000
0000000000000000
0000002000000000
0000000000000000
0000000800000000
0000002000080000
0000000000080000
1000000000000000
1000042000000010
0000000000000000
0000000000000000
0000040000000000
4000000000000000
0000000000000000
0000000000000000
1000040000000000
4000000000000000
1000000000000000
0002040000000000
5000000000000000
0000040800080000
0000000000000010
1000040000000010
0000000800000000
0000000000000000
1000000000000000
0002042000000000
0000000000000000
0000002010000010
0000000000080000
0000000800000000
0000000010000000
0000040000000000
0000000000000000
0400100000100000
0800000000000880
0000000000001000
0000000001012004
0000000000050000
0004104000000000
0000001000000005
0080000000400041
0408000000042000
0000010000800044
8400001000840000
0010000002000040
0000001000000100
0000000001100040
0400010000000800
0000100000110000
0004100000001000
0010000000000121
0000100000002000
0000000000010000
8000220080000800
0000000001040000
0000000000042000
0080000080000000
0800020000810000
0000000000000000
0000000000000001
0000100000000000
0008200000000000
0000200080000120
0000004000000040
0000000000000800
0000100000010024
0018000000100000
0480200000840002
0000320000010080
0484000002010000
0000000000000000
8000000000000000
00001010015000c0
0000000000000040
0010000000000000
0404000000001002
8000000080800040
0800024000000042
0080014000002000
0000000000800001
0000000001800000
0080000000100082
08000000000000c0
0008220001000000
0000000001400000
0004000000000102
0000000000000044
0800000000000800
0008000000000000
0004100080000880
0014004000000000
0000000001010002
0000205000000000
0004001000000000
0004200001001140
0000000000000000
0804000000000000
0000000000000000
0000000000000000
0000000000000000
0000000000000000
0000000000000000
0000000000000000
0000000000000000
0000000000000000
0100000000000000
0000000000000000
0000000008000000
0000000000000000
0000000000000000
0000000000000000
0000000008000000
0000000000000000
0000000008000000
0000000000000000
0000000008000000
0000000000000000
0000000000000000
0000000000000000
0000000000000000
0000000000000000
0000000000000000
0100000000000000
0000000000000000
0000000000020000
0000000000000000
0000000000000000
0000000000000000
0000000000008000
0000000000020000
0100000000020000
0000000000000000
0000000000020000
0000000000008000
0000000000000000
0000000000020000
0000000000000000
0000000000000000
0000000000000000
0000000000000000
0100000000000000
0000000008008000
0000000000000000
0000000000000000
0000000000000000
0000000000000000
0000000000020000
0100000000020000
0000000000000000
0000000000000000
0000000000000000
0000000000000000
0000000000000000
0000000000000000
0000000000000000
0000000000000000
0000000000000000
0000000000000000
0000000008020000
0100000000000000
0000000000000000
0000100200300400
0000800000200880
0000400400000000
0000000041006004
0000080020040000
0000108040000400
0000000000000005
0081000000400041
0000080000042000
0000000000800044
a040008040a40000
0210080004000040
2000008000000000
0000000001100040
0000000000000800
0000100000100000
0000100000000000
0030000040000029
0000100400002008
0000000600000000
8200220084000800
0000800201040000
0000000000042200
00800000c0000000
0000020000800000
2000000000000000
2000008000004009
0001180200004000
0040280000000000
0000200080000020
2020400204000240
0001000000000808
0000908400000224
0010008000100000
0280200000840000
0200720000000080
0080000000200000
0000080040004000
8000000000000200
00001000015004c0
0000080000000040
2010000040000200
2000008000200000
8020000080800040
0200020000000040
0080000000002000
0000080020800201
2000000001800000
2080008140304080
00400002000002c0
00402a0001000000
0001080001400000
2000400404200000
0000400000000044
0000000000000c00
0200000000200600
0000100080000880
0010000100000000
2000800001000000
0000200000200000
2000080020000000
0000200001000040
0000000000000000
2000408000000200
1000000000000000
0000000000000000
0000000000000000
0000002000000000
0000000000000000
0000002000000000
4000000000000000
0000040000000000
0000000000000000
0000040000000000
0000000000000000
0000040000000000
0000000000000000
0000000000000000
0000002000000000
0000000000000000
0000000000000000
0000000000000000
0000000000080000
0000042000000000
0000002000080000
0000000000080000
4000000000000000
0000000000000000
0000000000080000
0000040000000000
0000002000000000
0000000000000000
0000042000000000
0000002000080000
0000000000000000
0000000000000000
0000002000000000
0000000000000000
0000000000000000
0000002000080000
0000000000080000
1000000000000000
1000042000000000
0000000000000000
0000000000000000
0000040000000000
4000000000000000
0000000000000000
0000000000000000
1000040000000000
4000000000000000
1000000000000000
0000040000000000
5000000000000000
0000040000080000
0000000000000000
1000040000000000
0000000000000000
0000000000000000
1000000000000000
0000042000000000
0000000000000000
0000002000000000
0000000000080000
0000000000000000
0000000000000000
0000040000000000
0000000000000000
0000100000100000
0000000000000880
0000000000001000
0000000001012004
0000000000050000
0000100000000000
0000000000000005
0080000000400041
0000000000042000
0000000000800044
8000000000840000
0010000000000040
0000000000000000
0000000001100040
0000000000000800
0000100000110000
0000100000001000
0010000000000021
0000100000002000
0000000000010000
8000220080000800
0000000001040000
0000000000042000
0080000080000000
0000020000810000
0000000000000000
0000000000000001
0000100000000000
0000200000000000
0000200080000020
0000000000000040
0000000000000800
0000100000010024
0010000000100000
0080200000840000
0000320000010080
0080000000010000
0000000000000000
8000000000000000
00001000015000c0
0000000000000040
0010000000000000
0000000000001000
8000000080800040
0000020000000040
0080000000002000
0000000000800001
0000000001800000
0080000000100080
00000000000000c0
0000220001000000
0000000001400000
0000000000000000
0000000000000044
0000000000000800
0000000000000000
0000100080000880
0010000000000000
0000000001010000
0000200000000000
0000000000000000
0000200001001040
0000000000000000
0000000000000000
0000000000000000
0000000000000000
0000000000000000
0000000000000000
0000000000000000
0000000000000000
0000000000000000
0000000000000000
0100000000000000
0000010000000000
0000000000000000
0000000000000000
0000000000000000
0000000000000000
0000010000000000
0000000000000000
0000000000000000
0000000000000000
0000000000000000
0000000000000000
0000000000000000
0000000000000000
0000000000000000
0000000000000000
0000000000000000
0100000000000000
0000000000000000
0000000000000000
0000000000000000
0000000000000000
0000000000000000
0000000000000000
0000000000000000
0100000000000000
0000000000000002
0000000000000000
0000000000000000
0000000000000000
0000000000000000
0000000000000000
0000000000000000
0000000000000000
0000000000000002
0100000000000000
0000000000000002
0000010000000000
0000000000000000
0000000000000000
0000000000000002
0000000000000000
0100000000000000
0000000000000000
0000000000000002
0000000000000000
0000000000000000
0000000000000000
0000000000000000
0000000000000000
0000000000000002
0000000000000000
0000000000000000
0000000000000000
0100000000000000
0000000000000000
0000100200300400
0000800000200880
0000400400000000
0000000041006004
0000080020040000
0000108040000400
0000000000000005
0081000000400041
0000080000042000
0000000000800044
a040008040a40000
0210080004000040
2000008000000000
0000000001100040
0000000000000800
0000100000100000
0000100000000000
0030000040000029
0000100400002008
0000000600000000
8200220084000800
0000800201040000
0000000000042200
00800000c0000000
0000020000800000
2000000000000000
2000008000004009
0001180200004000
0040280000000000
0000200080000020
2020400204000240
0001000000000808
0000908400000224
0010008000100000
0280200000840000
0200720000000080
0080000000200000
0000080040004000
8000000000000200
00001000015004c0
0000080000000040
2010000040000200
2000008000200000
8020000080800040
0200020000000040
0080000000002000
0000080020800201
2000000001800000
2080008140304080
00400002000002c0
00402a0001000000
0001080001400000
2000400404200000
0000400000000044
0000000000000c00
0200000000200600
0000100080000880
0010000100000000
2000800001000000
0000200000200000
2000080020000000
0000200001000040
0000000000000000
2000408000000200
1000000000000000
0000000800000000
0000000000000000
0000002800000000
0000000000000000
0000002000000000
4000000000000000
0000040800000000
0000000000000000
0000040000000000
0000000000000000
0000040000000000
0000000000000000
0000000000000000
0000002000000000
0000000000000000
0000000000000000
0000000000000000
0000000000080000
0000042000000000
0002002000080000
0000000800080000
4000000000000000
0000000000000000
0000000000080000
0000040000000000
0000002800000000
0000000000000000
0000042000000000
0000002000080000
0000000000000000
0000000000000000
0000002000000000
0000000000000000
0000000800000000
0000002000080000
0000000000080000
1000000000000000
1000042000000000
0000000000000000
0000000000000000
0000040000000000
4000000000000000
0000000000000000
0000000000000000
1000040000000000
4000000000000000
1000000000000000
0002040000000000
5000000000000000
0000040800080000
0000000000000000
1000040000000000
0000000800000000
0000000000000000
1000000000000000
0002042000000000
0000000000000000
0000002000000000
0000000000080000
0000000800000000
0000000000000000
0000040000000000
0000000000000000
0000100000100000
0000000000000880
0000000000000000
0000000001002004
0000000000040000
0000100010000000
0000000000000005
0080000000400041
0000000000042000
0000000000800044
8000000000840000
0010000010000040
0000000000000000
0000000001100040
0000000000000800
0000100000100000
0000100000000000
0010000000000021
0000100000002000
0000000010000000
8000220080000800
0000000001040000
0000000000042000
0080000080000000
0000020000800000
0000000000000000
0000000000000001
0000100000000000
0000200000000000
0000200090000020
0000000000000040
0000000000000800
0000100000000024
0010000000100000
0080200000840000
0000320000000080
0080000000000000
0000000000000000
8000000000000000
00001000015000c0
0000000000000040
0010000000000000
0000000000000000
8000000080800040
0000020000000040
0080000000002000
0000000000800001
0000000001800000
0080000000100080
00000000000000c0
0000220001000000
0000000001400000
0000000000000000
0000000000000044
0000000000000800
0000000000000000
0000100080000880
0010000000000000
0000000011000000
0000200000000000
0000000000000000
0000200011000040
0000000000000000
0000000000000000
0000000000000010
0800000000000000
0000000000001000
0000000000010000
0000000000010000
0000000000000000
0000001000000000
0000000000000000
0100000000000000
0000000000000000
0000001000000000
0000000000000000
0000001000000100
0000000000000000
0000000000000000
0000000000010000
0000000000001000
0000000000000110
0000000000000010
0000000000010000
0000000000000000
0000000000000000
0000000000000000
0000000000000000
0800000000010000
0100000000000010
0000000000000000
0000000000000000
0000000000000000
0000000000000100
0000000000000000
0000000000000000
0000000000010000
0100000000000000
0000000000000000
0000000000010000
0000000000010000
0000000000000000
0000000000000010
0000001000000000
0000000000000000
0000000000000000
0000000000001000
0100000000000000
0800000000000000
0000000000000000
0000000000000000
0000000000000000
0000000000000000
0800000000000000
0100000000000000
0000000000000010
0000000000000110
0000000000000000
0800000000000000
0000000000000000
0000000000000000
0000000000000000
0000000000010010
0000001000000000
0000001000000000
0000000000001100
0100000000000000
0800000000000000
0000000000000000
0000000000000000
0000000000000000
0000000000000000
0000000000000000
0000000000000000
0000000000000000
0000000000000000
0000000000000000
0000000000000000
0000000000000000
0000000000000000
0000000000000000
0000000000000000
0000000000000000
0000000000000000
0000000000000000
0000000000000000
0000000000000000
0000000000000000
0000000000000000
0000000000000000
0000000000000000
0000000000000000
0000000000000000
0000000000000000
0000000000000000
0000000000000000
0000000000000000
0000000000000000
0000000000000000
0000000000000000
0000000000000000
0000000000000000
0000000000000000
0000000000000000
0000000000000000
0000000000000000
0000000000000000
0000000000000000
0000000000000000
0000000000000000
0000000000000000
0000000000000000
0000000000000000
0000000000000000
0000000000000000
0000000000000000
0000000000000000
0000000000000000
0000000000000000
0000000000000000
0000000000000000
0000000000000000
0000000000000000
0000000000000000
0000000000000000
0000000000000000
0000000000000000
0000000000000000
0000000000000000
0000000000000000
0000000000000000
0000000000000000
0000000000000000
0000000000000000
0000000000000000
0000000000000000
0000000000000000
0000000000000000
0000000000000000
0000000000000000
0000000000000000
0000000000000000
0000000000000000
0000000000000000
0000000000000000
0000000000000000
0000000000000000
0000000000000000
0000000000000000
0000000000000000
0000000000000000
0000000000000000
0000000000000000
0000000000000000
0000000000000000
0000000000000000
0000000000000000
0000000000000000
0000000000000000
0000000000000000
0000000000000000
0000000000000000
0000000000000000
0000000000000000
0000000000000000
0000000000000000
0000000000000000
0000000000000000
0000000000000000
0000000000000000
0000000000000000
0000000000000000
0000000000000000
0000000000000000
0000000000000000
0000000000000000
0000000000000000
0000000000000000
0000000000000000
0000000000000000
0000000000000000
0000000000000000
0000000000000000
0000000000000000
0000000000000000
0000000000000000
0000000000000000
0000000000000000
0000000000000000
0000000000000000
0000000000000000
0000000000000000
0000000000000000
0000000000000000
0000000000000000
0000000000000000
0000100000100000
0000000000000880
0000000000000000
0000000001002004
0000000000040000
0000100000000000
0000000000000005
0080000000400041
0000000000042000
0000000000800044
8000000000840000
0010000000000040
0000000000000000
0000000001100040
0000000000000800
0000100000100000
0000100000000000
0010000000000021
0000100000002000
0000000000000000
8000220080000800
0000000001040000
0000000000042000
0080000080000000
0000020000800000
0000000000000000
0000000000000001
0000100000000000
0000200000000000
0000200080000020
0000000000000040
0000000000000800
0000100000000024
0010000000100000
0080200000840000
0000320000000080
0080000000000000
0000000000000000
8000000000000000
00001000015000c0
0000000000000040
0010000000000000
0000000000000000
8000000080800040
0000020000000040
0080000000002000
0000000000800001
0000000001800000
0080000000100080
00000000000000c0
0000220001000000
0000000001400000
0000000000000000
0000000000000044
0000000000000800
0000000000000000
0000100080000880
0010000000000000
0000000001000000
0000200000000000
0000000000000000
0000200001000040
0000000000000000
0000000000000000
0000000000000000
0000000000000000
0000000000000000
0000000000000000
0000000000000000
0000000000000000
0000000000000000
0000000000000000
0000000000000000
0000000000000000
0000000000000000
0000000000000000
0000000000000000
0000000000000000
0000000000000000
0000000000000000
0000000000000000
0000000000000000
0000000000000000
0000000000000000
0000000000000000
0000000000000000
0000000000000000
0000000000000000
0000000000000000
0000000000000000
0000000000000000
0000000000000000
0000000000000000
0000000000000000
0000000000000000
0000000000000000
0000000000000000
0000000000000000
0000000000000000
0000000000000000
0000000000000000
0000000000000000
0000000000000000
0000000000000000
0000000000000000
0000000000000000
0000000000000000
0000000000000000
0000000000000000
0000000000000000
0000000000000000
0000000000000000
0000000000000000
0000000000000000
0000000000000000
0000000000000000
0000000000000000
0000000000000000
0000000000000000
0000000000000000
0000000000000000
0000000000000000
0000000000000000
0000000000000000
0000000000000000
0000000000000000
0000000000000000
0000000000000000
1000100200300400
0000800000200880
0000400400001000
0000002041016004
0000080020050000
000010a040000400
4000000000000005
0081040000400041
0100080000042000
0000050000800044
a040008040a40000
02100c0004000040
2000008000000000
0000000001100040
0000012000000800
0000100000110000
0000100000001000
0030000040000029
0000100400082008
0000042600010000
8200222084080800
00008002010c0000
4000000000042200
00800000c0000000
0000020000890000
2100040000000000
200000a000004009
0001180200004000
00402c2000000000
0000202080080020
2020400204000240
0001000000000808
000090a400010224
0110008000100000
0280200000840000
0200722000090080
0080000000290000
1000080040004000
9000042000000200
00001000015004c0
0000080000000040
2010040040000200
6000008000201000
8120000080800040
0200020000000040
1080050000002000
4000080020800201
3000000001800000
2080048140304080
50400002000002c0
01402e0001080000
0001080001400000
3000440404200000
0000400000000044
0000000000000c00
1200000000200600
0000142080000880
0010000100000000
2000802001010000
0000200000280000
2000080020000000
0000200001001040
0100040000000000
2000408000000200
0000000000000000
0000000000000000
0000000000000000
0000000000000000
0000000000000000
0000000000000000
0000000000000000
0000000000000000
0000000000000000
0000000000000000
0000000000000000
0000000000000000
0000000000000000
0000000000000000
0000000000000000
0000000000000000
0000000000000000
0000000000000000
0000000000000000
0000000000000000
0000000000000000
0000000000000000
0000000000000000
0000000000000000
0000000000000000
0000000000000000
0000000000000000
0000000000000000
0000000000000000
0000000000000000
0000000000000000
0000000000000000
0000000000000000
0000000000000000
0000000000000002
0000000000000000
0000000000000000
0000000000000000
0000000000000000
0000000000000000
0000000000000000
0000000000000000
0000000000000002
0000000000000000
0000000000000002
0000000000000000
0000000000000000
0000000000000000
0000000000000002
0000000000000000
0000000000000000
0000000000000000
0000000000000002
0000000000000000
0000000000000000
0000000000000000
0000000000000000
0000000000000000
0000000000000002
0000000000000000
0000000000000000
0000000000000000
0000000000000000
0000000000000000
0000100000100000
0000000000000880
0000000000000000
0000000001002004
0000000000040000
0000100000000000
0000000000000005
0080000000400041
0000000000042000
0000000000800044
8000000000840000
0010000000000040
0000000000000000
0000000001100040
0000000000000800
0000100000100000
0000100000000000
0010000000000021
0000100000002000
0000000000000000
8000220080000800
0000000001040000
0000000000042000
0080000080000000
0000020000800000
0000000000000000
0000000000000001
0000100000000000
0000200000000000
0000200080000020
0000000000000040
0000000000000800
0000100000000024
0010000000100000
0080200000840000
0000320000000080
0080000000000000
0000000000000000
8000000000000000
00001000015000c0
0000000000000040
0010000000000000
0000000000000000
8000000080800040
0000020000000040
0080000000002000
0000000000800001
0000000001800000
0080000000100080
00000000000000c0
0000220001000000
0000000001400000
0000000000000000
0000000000000044
0000000000000800
0000000000000000
0000100080000880
0010000000000000
0000000001000000
0000200000000000
0000000000000000
0000200001000040
0000000000000000
0000000000000000
0000000200200400
0000000800200000
0000400400000000
0000000840000000
0000080000000000
0000008040000400
0000000000000000
0001040800000000
0100080000000000
0000040000000000
2000008040200000
00000c0000000000
2000008000000000
0000000000000000
0000000000000000
0000000000000000
0000000000000000
0020000040000000
0000000400000000
0000040600000000
0000000000000000
0000000a00000000
0000000000000000
0000000040000000
0000000000000000
2100040000000000
2000008800000000
0001080200000000
00000c0000000000
0000000000000000
2020400200000000
0001000000000000
0000008400000000
0100008000000000
0000000800000000
0000400000000000
0000000000200000
0000080040000000
0000040000000000
0000000000000400
0000080000000000
2000040040000000
2000008000200000
0120000000000000
0000000000000000
0000040000000000
0000080000000000
2000000000000000
2000048040200000
0000000200000000
01000c0800000000
0001080000000000
2000440400200000
0000400800000000
0000000000000400
0000000000200400
0000040000000000
0000000000000000
2000000000000000
0000000000200000
2000080800000000
0000000000000000
0100040000000000
2000408000000000
1000100000100000
0000800000000880
0000000000001000
0000002001016004
0000000020050000
0000102010000000
4000000000000005
0080000000400041
0000000000042000
0000010000800044
8040000000840000
0210000014000040
0000000000000000
0000000001100040
0000012000000800
0000100000110000
0000100000001000
0010000000000029
0000100000082008
0000002010010000
8202222084080800
00008000010c0000
4000000000042200
0080000080000000
0000020000890000
0000000000000000
0000002000004009
0000100000004000
0040202000000000
0000202090080020
0000000004000240
0000000000000808
0000902000010224
0010000000100000
0280200000840000
0200322000090080
0080000000090000
1000000000004000
9000002000000200
00001000015000c0
0000000000000040
0010000000000200
4000000000001000
8000000080800040
0200020000000040
1080010000002000
4000000020800201
1000000001800000
0082000100104080
50400000000002c0
0040220001080000
0000000001400000
1000000004000000
0000000000000044
0000000000000800
1200000000000200
0002102080000880
0010000100000000
0000802011010000
0000200000080000
0000000020000000
0000200011001040
0000000000000000
0000000000000200
0400000000000010
0800000000000000
0000000000000000
0000000000000000
0000000000000000
0004004000000000
0000001000000000
0000000000000000
0408000000000000
0000000000000000
0400001000000000
0000000002000000
0000001000000100
0000000000000000
0400000000000000
0000000000000000
0004000000000000
0000000000000110
0000000000000010
0000000000000000
0000000000000000
0000000000000000
0000000000000000
0000000000000000
0800000000000000
0000000000000010
0000000000000000
0000000000000000
0008000000000000
0000000000000100
0000004000000000
0000000000000000
0000000000000000
0008000000000000
0400000000000002
0000000000000000
0404000002000000
0000000000000000
0000000000000010
0000001000000000
0000000000000000
0000000000000000
0404000000000002
0000000000000000
0800004000000002
0000004000000000
0000000000000000
0000000000000000
0000000000000002
0800000000000000
0008000000000000
0000000000000010
0004000000000112
0000000000000000
0800000000000000
0008000000000000
0004000000000000
0004004000000000
0000000000000012
0000005000000000
0004001000000000
0004000000000100
0000000000000000
0804000000000000
0000100000100000
0000000000000880
0000000000000000
0000000001002004
0000000000040000
0000100000000000
0000000000000005
0080000000400041
0000000000042000
0000000000000044
8000000000040000
0010000000000040
0000000000000000
0000000001100040
0000000000000800
0000100000100000
0000100000000000
0010000000000021
0000100000002000
0000000000000000
8000220080000800
0000000001040000
0000000000042000
0080000080000000
0000020000000000
0000000000000000
0000000000000001
0000100000000000
0000200000000000
0000200080000020
0000000000000040
0000000000008800
0000100000000024
0010000000100000
0080200000040000
0000320000000080
0080000000008000
0000000000000000
8000000000000000
00001000015000c0
0000000000000040
0010000000000000
0000000000000000
8000000080000040
0000020000008040
0080000000002000
0000000000000001
0000000001000000
0080000000100080
00000000000000c0
0000220001000000
0000000001400000
0000000000000000
0000000000000044
0000000000000800
0000000000000000
0000100080000880
0010000000000000
0000000001000000
0000200000000000
0000000000000000
0000200001000040
0000000000000000
0000000000000000
0000000200200400
0000000000200000
0000400400000000
0000000040000000
0000080000000000
0000008040000400
0000000000000000
0001040000000000
0100080000000000
0000040000800000
2000008048a00000
00000c0000000000
2000008000000000
0000000000000000
0000000008000000
0000000000000000
0000000008000000
0020000040000000
0000000408000000
0000040600000000
0000000000000000
0000000200000000
0000000000000000
0000000040000000
0000000000800000
2100040000000000
2000008000000000
0001080200020000
00000c0000000000
0000000000000000
2020400200000000
0001000000000000
0000008400020000
0100008000020000
0000000000800000
0000400000020000
0000000000200000
0000080040000000
0000040000020000
0000000000000400
0000080000000000
2000040040000000
2000008000200000
0120000000800000
0000000008000000
0000040000000000
0000080000800000
2000000000800000
2000048040200000
0000000200020000
01000c0000020000
0001080000000000
2000440400200000
0000400000000000
0000000000000400
0000000000200400
0000040000000000
0000000000000000
2000000000000000
0000000000200000
2000080000000000
0000000008020000
0100040000000000
2000408000000000
1000100000100000
0000000000000880
0000000000000000
0000000001002004
0000000020040000
0000100000000000
0000000000000005
0080000000400041
0000000000042000
0000000000000044
8000000000040000
0210000000000040
0000000000000000
0000000001100040
0000000000000800
0000100000100000
0000100000000000
0010000000000021
0000100000002000
0000000000000000
8200200080000800
0000000001040000
0000000000042000
0080000080000000
0000000000000000
0000000000000000
0000000000000001
0000100000000000
0000200000000000
0000200080000020
0000000000000040
0000000000000800
0000100000000024
0010000000100000
0280200000040000
0200300000000080
0080000000000000
1000000000000000
9000000000000000
00001000015000c0
0000000000000040
0010000000000000
0000000000000000
8000000080000040
0200000000000040
1080000000002000
0000000020000001
1000000001000000
0080000000100080
10000000000000c0
0000200001000000
0000000001400000
1000000000000000
0000000000000044
0000000000000800
1200000000000000
0000100080000880
0010000000000000
0000000001000000
0000200000000000
0000000020000000
0000200001000040
0000000000000000
0000000000000000
0000000000000000
0000800000000000
0000000000001000
0000002000014000
0000000000010000
0000002000000000
4000000000000000
0000000000000000
0000000000000000
0000010000800000
0040000000800000
0000000004000000
0000000000000000
0000000000000000
0000012000000000
0000000000010000
0000000000001000
0000000000000008
0000000000080008
0000002000010000
0000022004080000
0000800000080000
4000000000000200
0000000000000000
0000020000890000
0000000000000000
0000002000004008
0000000000004000
0040002000000000
0000002000080000
0000000004000200
0000000000000008
0000802000010200
0000000000000000
0000000000800000
0000022000090000
0000000000090000
0000000000004000
0000002000000200
0000000000000000
0000000000000000
0000000000000200
4000000000001000
0000000000800000
0000020000000000
0000010000000000
4000000000800200
0000000000800000
0000000100004000
4040000000000200
0040020000080000
0000000000000000
0000000004000000
0000000000000000
0000000000000000
0000000000000200
0000002000000000
0000000100000000
0000802000010000
0000000000080000
0000000000000000
0000000000001000
0000000000000000
0000000000000200
0000100000100000
0000000800000880
0000000000000000
0000000801002004
0000000000040000
0000100000000000
0000000000000005
0080000800400041
0000000000042000
0000000000000044
8000000000040000
0010000000000040
0000000000000000
0000000001100040
0000000000000800
0000100000100000
0000100000000000
0010000000000021
0000100000002000
0000000000000000
8000200080000800
0000000801040000
0000000000042000
0080000080000000
0000000000000000
0000000000000000
0000000800000001
0000100000000000
0000200000000000
0000200080000020
0000000000000040
0000000000000800
0000100000000024
0010000000100000
0080200800040002
0000300000000080
0080000000000000
0000000000000000
8000000000000000
00001000015000c0
0000000000000040
0010000000000000
0000000000000002
8000000080000040
0000000000000042
0080000000002000
0000000000000001
0000000001000000
0080000000100082
00000000000000c0
0000200801000000
0000000001400000
0000000000000002
0000000800000044
0000000000000800
0000000000000000
0000100080000880
0010000000000000
0000000001000002
0000200000000000
0000000800000000
0000200001000040
0000000000000000
0000000000000000
0000000200200400
0000000000200000
0000400400000000
0000000040000000
0000080000000000
0000008040000400
0000000000000000
0001040000000000
0100080000000000
0000040000800000
2000008040a00000
00000c0000000000
2000008000000000
0000000000000000
0000000000000000
0000000000000000
0000000000000000
0020000040000000
0000000400000000
0000040600000000
0000020000000000
0000000200000000
0000000000000000
0000000040000000
0000020000800000
2100040000000000
2000008000000000
0001080200000000
00000c0000000000
0000000000000000
2020400200000000
0001000000000000
0000008400000000
0100008000000000
0000000000800000
0000420000000000
0000000000200000
0000080040000000
0000040000000000
0000000000000400
0000080000000000
2000040040000000
2000008000200000
0120000000800000
0000020000000000
0000040000000000
0000080000800000
2000000000800000
2000048040200000
0000000200000000
01000e0000000000
0001080000000000
2000440400200000
0000400000000000
0000000000000400
0000000000200400
0000040000000000
0000000000000000
2000000000000000
0000000000200000
2000080000000000
0000000000000000
0100040000000000
2000408000000000
1000100000100000
0000000000000880
0000000000000000
0000000001002004
0000000020040000
0000100000000000
0000000000000005
0080000000400041
0000000000042000
0000000000000044
8000000000040000
0210000000000040
0000000000000000
0000000001100040
0000000000000800
0000100000100000
0000100000000000
0010000000000021
0000100000002000
0000000000000000
8202200080000800
0000000001040000
0000000000042000
0080000080000000
0000000000000000
0000000000000000
0000000000000001
0000100000000000
0000200000000000
0000200080000020
0000000000000040
0000000000000800
0000100000000024
0010000000100000
0280200000040000
0200300000000080
0080000000000000
1000000000000000
9000000000000000
00001000015000c0
0000000000000040
0010000000000000
0000000000000000
8000000080000040
0200000000000040
1080000000002000
0000000020000001
1000000001000000
0082000000100080
10000000000000c0
0000200001000000
0000000001400000
1000000000000000
0000000000000044
0000000000000800
1200000000000000
0002100080000880
0010000000000000
0000000001000000
0000200000000000
0000000020000000
0000200001000040
0000000000000000
0000000000000000
0000000000000000
0000800000000000
0000000000001000
0000002000004000
0000000000000000
0000002010000000
4000000000000000
0000000000000000
0000000000000000
0000000000800000
0040000000800000
0000000014000000
0000000000000000
0000000000000000
0000002000000000
0000000000000000
0000000000001000
0000000000000008
0000000000080008
0000002010000000
0000022004080000
0000800000080000
4000000000000200
0000000000000000
0000020000880000
0000000000000000
0000002000004008
0000000000004000
0040002000000000
0000002010080000
0000000004000200
0000000000000008
0000802000000200
0000000000000000
0000000000800000
0000022000080000
0000000000080000
0000000000004000
0000002000000200
0000000000000000
0000000000000000
0000000000000200
4000000000001000
0000000000800000
0000020000000000
0000000000000000
4000000000800200
0000000000800000
0000000100004000
4040000000000200
0040020000080000
0000000000000000
0000000004000000
0000000000000000
0000000000000000
0000000000000200
0000002000000000
0000000100000000
0000802010000000
0000000000080000
0000000000000000
0000000010001000
0000000000000000
0000000000000200
0000100000100000
0000000000000880
0000000000000000
0000000001012004
0000000000050000
0000100000000000
0000000000000005
0080000000400041
0000000000042000
0000010000000044
8000000000040000
0010000000000040
0000000000000000
0000000001100040
0000010000000800
0000100000110000
0000100000000000
0010000000000021
0000100000002000
0000000000010000
8000200080000800
0000000001040000
0000000000042000
0080000080000000
0000000000010000
0000000000000000
0000000000000001
0000100000000000
0000200000000000
0000200080000020
0000000000000040
0000000000000800
0000100000010024
0010000000100000
0080200000040002
0000300000010080
0080000000010000
0000000000000000
8000000000000000
00001000015000c0
0000000000000040
0010000000000000
0000000000000002
8000000080000040
0000000000000042
0080010000002000
0000000000000001
0000000001000000
0080000000100082
00000000000000c0
0000200001000000
0000000001400000
0000000000000002
0000000000000044
0000000000000800
0000000000000000
0000100080000880
0010000000000000
0000000001010002
0000200000000000
0000000000000000
0000200001000040
0000000000000000
0000000000000000
0400000200200410
0800000000200000
0000400400000000
0000000040000000
0000080000000000
000000c040000400
0000001000000000
0001040000000000
0508080000000000
0000040000800000
2400009040a00000
00000c0000000000
2000009000000100
0000000000000000
0400000000000000
0000000000000000
0000000000000000
0020000040000110
0000000400000010
0000040600000000
0000020000000000
0000000200000000
0000000000000000
0000000040000000
0800020000800000
2100040000000010
2000008000000000
0001080200000000
00080c0000000000
0000000000000100
2020404200000000
0001000000000000
0000008400000000
0108008000000000
0400000000800000
0000420000000000
0400000000200000
0000080040000000
0000040000000010
0000001000000400
0000080000000000
2000040040000000
2400008000200000
0120000000800000
0800024000000000
0000044000000000
0000080000800000
2000000000800000
2000048040200000
0800000200000000
01080e0000000000
0001080000000010
2000440400200110
0000400000000000
0800000000000400
0008000000200400
0000040000000000
0000004000000000
2000000000000010
0000005000200000
2000081000000000
0000000000000100
0100040000000000
2800408000000000
0000000000000000
0000000000000000
0000000000000000
0000000000000000
0000000000000000
0000000000000000
0000000000000000
0000000000000000
0000000000000000
0000000000000000
0000000000000000
0000000000000000
0000000000000000
0000000000000000
0000000000000000
0000000000000000
0000000000000000
0000000000000000
0000000000000000
0000000000000000
0000000000000000
0000000000000000
0000000000000000
0000000000000000
0000000000000000
0000000000000000
0000000000000000
0000000000000000
0000000000000000
0000000000000000
0000000000000000
0000000000000000
0000000000000000
0000000000000000
0000000000000000
0000000000000000
0000000000000000
0000000000000000
0000000000000000
0000000000000000
0000000000000000
0000000000000000
0000000000000000
0000000000000000
0000000000000000
0000000000000000
0000000000000000
0000000000000000
0000000000000000
0000000000000000
0000000000000000
0000000000000000
0000000000000000
0000000000000000
0000000000000000
0000000000000000
0000000000000000
0000000000000000
0000000000000000
0000000000000000
0000000000000000
0000000000000000
0000000000000000
0000000000000000
0000000000000000
0000000000000000
0000000000000000
0000000000000000
0000000000000000
0000000000000000
0000000000000000
0000000000000000
0000000000000000
0000000000000000
0000000000000000
0000000000000000
0000000000000000
0000000000000000
0000000000000000
0000000000000000
0000000000000000
0000000000000000
0000000000000000
0000000000000000
0000000000000000
0000000000000000
0000000000000000
0000000000000000
0000000000000000
0000000000000000
0000000000000000
0000000000000000
0000000000000000
0000000000000000
0000000000000000
0000000000000000
0000000000000000
0000000000000000
0000000000000000
0000000000000000
0000000000000000
0000000000000000
0000000000000000
0000000000000000
0000000000000000
0000000000000000
0000000000000000
0000000000000000
0000000000000000
0000000000000000
0000000000000000
0000000000000000
0000000000000000
0000000000000000
0000000000000000
0000000000000000
0000000000000000
0000000000000000
0000000000000000
0000000000000000
0000000000000000
0000000000000000
0000000000000000
0000000000000000
0000000000000000
0000000000000000
0000000000000000
0000000000000000
0000100000100000
0000000000000880
0000000000000000
0000000001002004
0000000000040000
0000100000000000
0000000000000005
0080000000400041
0000000000042000
0000000000800044
8000000000840000
0010000000000040
0000000000000000
0000000001100040
0000000000000800
0000100000100000
0000100000000000
0010000000000021
0000100000002000
0000000000000000
8000220080000800
0000000001040000
0000000000042000
0080000080000000
0000020000800000
0000000000000000
0000000000000001
0000100000000000
0000200000000000
0000200080000020
0000000000000040
0000000000000800
0000100000000024
0010000000100000
0080200000840000
0000320000000080
0080000000000000
0000000000000000
8000000000000000
00001000015000c0
0000000000000040
0010000000000000
0000000000000000
8000000080800040
0000020000000040
0080000000002000
0000000000800001
0000000001800000
0080000000100080
00000000000000c0
0000220001000000
0000000001400000
0000000000000000
0000000000000044
0000000000000800
0000000000000000
0000100080000880
0010000000000000
0000000001000000
0000200000000000
0000000000000000
0000200001000040
0000000000000000
0000000000000000
0000000000000000
0000000000000000
0000000000000000
0000000000000000
0000000000000000
0000000000000000
0000000000000000
0000000000000000
0000000000000000
0000000000000000
0000000000000000
0000000000000000
0000000000000000
0000000000000000
0000000000000000
0000000000000000
0000000000000000
0000000000000000
0000000000000000
0000000000000000
0000000000000000
0000000000000000
0000000000000000
0000000000000000
0000000000000000
0000000000000000
0000000000000000
0000000000000000
0000000000000000
0000000000000000
0000000000000000
0000000000000000
0000000000000000
0000000000000000
0000000000000000
0000000000000000
0000000000000000
0000000000000000
0000000000000000
0000000000000000
0000000000000000
0000000000000000
0000000000000000
0000000000000000
0000000000000000
0000000000000000
0000000000000000
0000000000000000
0000000000000000
0000000000000000
0000000000000000
0000000000000000
0000000000000000
0000000000000000
0000000000000000
0000000000000000
0000000000000000
0000000000000000
0000000000000000
0000000000000000
0000000000000000
0000000000000000
0000000000000000
0000000000000000
1000100200300400
0000800000200880
0000400400001000
0000002041006004
0000080020040000
000010a040000400
4000000000000005
0081040000400041
0100080000042000
0000040000800044
a040008040a40000
02100c0004000040
2000008000000000
0000000001100040
0000002000000800
0000100000100000
0000100000001000
0030000040000029
0000100400082008
0000042600000000
8200222084080800
00008002010c0000
4000000000042200
00800000c0000000
0000020000880000
2100040000000000
200000a000004009
0001180200004000
00402c2000000000
0000202080080020
2020400204000240
0001000000000808
000090a400000224
0110008000100000
0280200000840000
0200722000080080
0080000000280000
1000080040004000
9000042000000200
00001000015004c0
0000080000000040
2010040040000200
6000008000201000
8120000080800040
0200020000000040
1080040000002000
4000080020800201
3000000001800000
2080048140304080
50400002000002c0
01402e0001080000
0001080001400000
3000440404200000
0000400000000044
0000000000000c00
1200000000200600
0000142080000880
0010000100000000
2000802001000000
0000200000280000
2000080020000000
0000200001001040
0100040000000000
2000408000000200
0000000000000000
0000000000000000
0000000000000000
0000000000010000
0000000000010000
0000000000000000
0000000000000000
0000000000000000
0000000000000000
0000010000000000
0000000000000000
0000000000000000
0000000000000000
0000000000000000
0000010000000000
0000000000010000
0000000000000000
0000000000000000
0000000000000000
0000000000010000
0000000000000000
0000000000000000
0000000000000000
0000000000000000
0000000000010000
0000000000000000
0000000000000000
0000000000000000
0000000000000000
0000000000000000
0000000000000000
0000000000000000
0000000000010000
0000000000000000
0000000000000002
0000000000010000
0000000000010000
0000000000000000
0000000000000000
0000000000000000
0000000000000000
0000000000000000
0000000000000002
0000000000000000
0000000000000002
0000010000000000
0000000000000000
0000000000000000
0000000000000002
0000000000000000
0000000000000000
0000000000000000
0000000000000002
0000000000000000
0000000000000000
0000000000000000
0000000000000000
0000000000000000
0000000000010002
0000000000000000
0000000000000000
0000000000000000
0000000000000000
0000000000000000
0000100000100000
0000000000000880
0000000000000000
0000000001002004
0000000000040000
0000100000000000
0000000000000005
0080000000400041
0000000000042000
0000000000800044
8000000000840000
0010000000000040
0000000000000000
0000000001100040
0000000000000800
0000100000100000
0000100000000000
0010000000000021
0000100000002000
0000000000000000
8000220080000800
0000000001040000
0000000000042000
0080000080000000
0000020000800000
0000000000000000
0000000000000001
0000100000000000
0000200000000000
0000200080000020
0000000000000040
0000000000000800
0000100000000024
0010000000100000
0080200000840000
0000320000000080
0080000000000000
0000000000000000
8000000000000000
00001000015000c0
0000000000000040
0010000000000000
0000000000000000
8000000080800040
0000020000000040
0080000000002000
0000000000800001
0000000001800000
0080000000100080
00000000000000c0
0000220001000000
0000000001400000
0000000000000000
0000000000000044
0000000000000800
0000000000000000
0000100080000880
0010000000000000
0000000001000000
0000200000000000
0000000000000000
0000200001000040
0000000000000000
0000000000000000
0000000000000000
0000000000000000
0000000000000000
0000000000000000
0000000000000000
0000000000000000
0000000000000000
0000000000000000
0100000000000000
0000000000000000
0000000000000000
0000000000000000
0000000000000000
0000000000000000
0000000000000000
0000000000000000
0000000000000000
0000000000000000
0000000000000000
0000000000000000
0000000000000000
0000000000000000
0000000000000000
0000000000000000
0000000000000000
0100000000000000
0000000000000000
0000000000000000
0000000000000000
0000000000000000
0000000000000000
0000000000000000
0000000000000000
0100000000000000
0000000000000000
0000000000000000
0000000000000000
0000000000000000
0000000000000000
0000000000000000
0000000000000000
0000000000000000
0000000000000000
0100000000000000
0000000000000000
0000000000000000
0000000000000000
0000000000000000
0000000000000000
0000000000000000
0100000000000000
0000000000000000
0000000000000000
0000000000000000
0000000000000000
0000000000000000
0000000000000000
0000000000000000
0000000000000000
0000000000000000
0000000000000000
0000000000000000
0100000000000000
0000000000000000
1000100200300400
0000800800200880
0000400400001000
0000002841006004
0000080020040000
000010a040000400
4000000000000005
0081040800400041
0000080000042000
0000040000800044
a040008040a40000
02100c0004000040
2000008000000000
0000000001100040
0000002000000800
0000100000100000
0000100000001000
0030000040000029
0000100400082008
0000042600000000
8200222084080800
0000800a010c0000
4000000000042200
00800000c0000000
0000020000880000
2000040000000000
200000a800004009
0001180200004000
00402c2000000000
0000202080080020
2020400204000240
0001000000000808
000090a400000224
0010008000100000
0280200800840000
0200722000080080
0080000000280000
1000080040004000
9000042000000200
00001000015004c0
0000080000000040
2010040040000200
6000008000201000
8020000080800040
0200020000000040
1080040000002000
4000080020800201
3000000001800000
2080048140304080
50400002000002c0
00402e0801080000
0001080001400000
3000440404200000
0000400800000044
0000000000000c00
1200000000200600
0000142080000880
0010000100000000
2000802001000000
0000200000280000
2000080820000000
0000200001001040
0000040000000000
2000408000000200
0000000000000010
0800000000000000
0000000000000000
0000000000010000
0000000000010000
0004004010000000
0000001000000000
0000000000000000
0008000000000000
0000010000000000
0000001000000000
0000000012000000
0000001000000100
0000000000000000
0000010000000000
0000000000010000
0004000000000000
0000000000000110
0000000000000010
0000000010010000
0002000000000000
0000000000000000
0000000000000000
0000000000000000
0800000000010000
0000000000000010
0000000000000000
0000000000000000
0008000000000000
0000000010000100
0000004000000000
0000000000008000
0000000000010000
0008000000000000
0000000000000002
0000000000010000
0004000002018000
0000000000000000
0000000000000010
0000001000000000
0000000000000000
0000000000000000
0004000000000002
0000000000000000
0800004000008002
0000014000000000
0000000000000000
0000000000000000
0002000000000002
0800000000000000
0008000000000000
0000000000000010
0004000000000112
0000000000000000
0800000000000000
0008000000000000
0006000000000000
0004004000000000
0000000010010012
0000005000000000
0004001000000000
0004000010000100
0000000000000000
0804000000000000
0400100000100000
0000000000000880
0000000000000000
0000000001002004
0000000000040000
0000100000000000
0000000000000005
0080000000400041
0500000000042000
0000000000800044
8400000008840000
0010000000000040
0000000000000000
0000000001100040
0400000008000800
0000100000100000
0000100008000000
0010000000000021
0000100008002000
0000000000000000
8000220080000800
0000000001040000
0000000000042000
0080000080000000
0000020000800000
0100000000000000
0000000000000001
0000100000020000
0000200000000000
0000200080000020
0000000000000040
0000000000000800
0000100000020024
0110000000120000
0480200000840000
0000320000020080
0480000000000000
0000000000000000
8000000000020000
00001000015000c0
0000000000000040
0010000000000000
0400000000000000
8100000080800040
0000020008000040
0080000000002000
0000000000800001
0000000001800000
0080000000100080
00000000000200c0
0100220001020000
0000000001400000
0000000000000000
0000000000000044
0000000000000800
0000000000000000
0000100080000880
0010000000000000
0000000001000000
0000200000000000
0000000000000000
0000200009020040
0100000000000000
0000000000000000
1000000200000400
0000000000000000
0000400400000000
0000000040000000
0000080020000000
0000008040000400
0000000000000000
0001040000000000
0000080000000000
0000040000000000
2000008040000000
02000c0000000000
2000008000000000
0000000000000000
0000000000000000
0000000000000000
0000000000000000
0020000040000000
0000000400000000
0000040600000000
0200000000000000
0000000200000000
0000000000000000
0000000040000000
0000000000000000
2000040000000000
2000008000000000
0001080200000000
00000c0000000000
0000000000000000
2020400200000000
0001000000000000
0000008400000000
0000008000000000
0200000000000000
0200400000000000
0000000000000000
1000080040000000
1000040000000000
0000000000000400
0000080000000000
2000040040000000
2000008000000000
0020000000000000
0200000000000000
1000040000000000
0000080020000000
3000000000000000
2000048040000000
1000000200000000
00000c0000000000
0001080000000000
3000440400000000
0000400000000000
0000000000000400
1200000000000400
0000040000000000
0000000000000000
2000000000000000
0000000000000000
2000080020000000
0000000000000000
0000040000000000
2000408000000000
0000100000300000
0000800000200880
0000000000001000
0000002001006004
0000000000040000
0000102000000000
4000000000000005
0080000000400041
0000000000042000
0000000000800044
8040000000a40000
0010000004000040
0000000000000000
0000000001100040
0000002000000800
0000100000100000
0000100000001000
0010000000000029
0000100000082008
0000002000000000
8000222084080800
00008000010c0000
4000000000042200
0080000080000000
0000020000880000
0000000000000000
0000002000004009
0000100000004000
0040202000000000
0000202080080020
0000000004000240
0000000000000808
0000902000000224
0010000000100000
0080200000840000
0000322000080080
0080000000280000
0000000000004000
8000002000000200
00001000015000c0
0000000000000040
0010000000000200
4000000000201000
8000000080800040
0000020000000040
0080000000002000
4000000000800201
0000000001800000
0080000100304080
40400000000002c0
0040220001080000
0000000001400000
0000000004200000
0000000000000044
0000000000000800
0000000000200200
0000102080000880
0010000100000000
0000802001000000
0000200000280000
0000000000000000
0000200001001040
0000000000000000
0000000000000200
0000000000000000
0000000000000000
0000000000000000
0000000000010000
0000000000010000
0000000000000000
0000000000000000
0000000000000000
0100000000000000
0000010000000000
0000000000000000
0000000000000000
0000000000000000
0000000000000000
0000010000000000
0000000000010000
0000000000000000
0000000000000000
0000000000000000
0000000000010000
0000000000000000
0000000000000000
0000000000000000
0000000000000000
0000000000010000
0100000000000000
0000000000000000
0000000000000000
0000000000000000
0000000000000000
0000000000000000
0000000000000000
0000000000010000
0100000000000000
0000000000000000
0000000000010000
0000000000010000
0000000000000000
0000000000000000
0000000000000000
0000000000000000
0000000000000000
0000000000000000
0100000000000000
0000000000000000
0000010000000000
0000000000000000
0000000000000000
0000000000000000
0000000000000000
0100000000000000
0000000000000000
0000000000000000
0000000000000000
0000000000000000
0000000000000000
0000000000000000
0000000000000000
0000000000010000
0000000000000000
0000000000000000
0000000000000000
0100000000000000
0000000000000000
0000100000100000
0000000000000880
0000000000000000
0000000001002004
0000000000040000
0000100000000000
0000000000000005
0080000000400041
0000000000042000
0000000000000044
8000000000040000
0010000000000040
0000000000000000
0000000001100040
0000000000000800
0000100000100000
0000100000000000
0010000000000021
0000100000002000
0000000000000000
8000220080000800
0000000001040000
0000000000042000
0080000080000000
0000020000000000
0000000000000000
0000000000000001
0000100000000000
0000200000000000
0000200080000020
0000000000000040
0000000000000800
0000100000000024
0010000000100000
0080200000040002
0000320000000080
0080000000000000
0000000000000000
8000000000000000
00001000015000c0
0000000000000040
0010000000000000
0000000000000002
8000000080000040
0000020000000042
0080000000002000
0000000000000001
0000000001000000
0080000000100082
00000000000000c0
0000220001000000
0000000001400000
0000000000000002
0000000000000044
0000000000000800
0000000000000000
0000100080000880
0010000000000000
0000000001000002
0000200000000000
0000000000000000
0000200001000040
0000000000000000
0000000000000000
0000000200000400
0000000800000000
0000400400000000
0000000840000000
0000080020000000
0000008040000400
0000000000000000
0001040800000000
0000080000000000
0000040000800000
2000008040800000
00000c0000000000
2000008000000000
0000000000000000
0000000000000000
0000000000000000
0000000000000000
0020000040000000
0000000400000000
0000040600000000
0000000000000000
0000000a00000000
0000000000000000
0000000040000000
0000000000800000
2000040000000000
2000008800000000
0001080200000000
00000c0000000000
0000000000000000
2020400200000000
0001000000000000
0000008400000000
0000008000000000
0000000800800000
0000400000000000
0000000000000000
0000080040000000
0000040000000000
0000000000000400
0000080000000000
2000040040000000
2000008000000000
0020000000800000
0000000000000000
0000040000000000
0000080020800000
2000000000800000
2000048040000000
0000000200000000
00000c0800000000
0001080000000000
2000440400000000
0000400800000000
0000000000000400
0000000000000400
0000040000000000
0000000000000000
2000000000000000
0000000000000000
2000080820000000
0000000000000000
0000040000000000
2000408000000000
1000100000100000
0000800000000880
0000000000000000
0000000001002004
0000000000040000
0000100000000000
0000000000000005
0080000000400041
0000000000042000
0000000000000044
8000000000040000
0210000000000040
0000000000000000
0000000001100040
0000000000000800
0000100000100000
0000100000000000
0010000000000021
0000100000002000
0000000000000000
8200200000000800
0000800001040000
0000000000042000
0080000000000000
0000000000000000
0000000000000000
0000000000000001
0000100000000000
0000200000000000
0000200000000020
0000000000000040
0000000000000800
0000900000000024
0010000000100000
0280200000040000
0200300000000080
0080000000000000
1000000000000000
9000000000000000
00001000015000c0
0000000000000040
0010000000000000
0000000000000000
8000000000000040
0200000000000040
1080000000002000
0000000000000001
1000000001000000
0080000000100080
10000000000000c0
0000200001000000
0000000001400000
1000000000000000
0000000000000044
0000000000000800
1200000000000000
0000100000000880
0010000000000000
0000800001000000
0000200000000000
0000000000000000
0000200001000040
0000000000000000
0000000000000000
0000000000200000
0000000000200000
0000000000001000
0000002000004000
0000000000000000
0000002000000000
4000000000000000
0000000000000000
0100000000000000
0000000000800000
0040000000a00000
0000000004000000
0000000000000000
0000000000000000
0000002000000000
0000000000000000
0000000000001000
0000000000000008
0000000000080008
0000002000000000
0002022084080000
0000000000080000
4000000000000200
0000000080000000
0000020000880000
0100000000000000
0000002000004008
0000000000004000
0040002000000000
0000002080080000
0000000004000200
0000000000000008
0000002000000200
0100000000000000
0000000000800000
0000022000080000
0000000000280000
0000000000004000
0000002000000200
0000000000000000
0000000000000000
0000000000000200
4000000000201000
0100000080800000
0000020000000000
0000000000000000
4000000000800200
0000000000800000
0002000100204000
4040000000000200
0140020000080000
0000000000000000
0000000004200000
0000000000000000
0000000000000000
0000000000200200
0002002080000000
0000000100000000
0000002000000000
0000000000280000
0000000000000000
0000000000001000
0100000000000000
0000000000000200
0000100000100000
0000000000000880
0000000000000000
0000000001012004
0000000000050000
0000100010000000
0000000000000005
0080000000400041
0000000000042000
0000010000000044
8000000000040000
0010000010000040
0000000000000000
0000000001100040
0000010000000800
0000100000110000
0000100000000000
0010000000000021
0000100000002000
0000000010010000
8000200000000800
0000000001040000
0000000000042000
0080000000000000
0000000000010000
0000000000000000
0000000000000001
0000100000000000
0000200000000000
0000200010000020
0000000000000040
0000000000000800
0000100000010024
0010000000100000
0080200000040000
0000300000010080
0080000000010000
0000000000000000
8000000000000000
00001000015000c0
0000000000000040
0010000000000000
0000000000000000
8000000000000040
0000000000000040
0080010000002000
0000000000000001
0000000001000000
0080000000100080
00000000000000c0
0000200001000000
0000000001400000
0000000000000000
0000000000000044
0000000000000800
0000000000000000
0000100000000880
0010000000000000
0000000011010000
0000200000000000
0000000000000000
0000200011000040
0000000000000000
0000000000000000
0000000200000410
0800000000000000
0000400400000000
0000000040000000
0000080020000000
000000c040000400
0000001000000000
0001040000000000
0008080000000000
0000040000800000
2000009040800000
00000c0000000000
2000009000000100
0000000000000000
0000000000000000
0000000000000000
0000000000000000
0020000040000110
0000000400000010
0000040600000000
0000020080000000
0000000200000000
0000000000000000
00000000c0000000
0800020000800000
2000040000000010
2000008000000000
0001080200000000
00080c0000000000
0000000080000100
2020404200000000
0001000000000000
0000008400000000
0008008000000000
0000000000800002
0000420000000000
0000000000000000
0000080040000000
0000040000000010
0000001000000400
0000080000000000
2000040040000000
2000008000000002
0020000080800000
0800024000000002
0000044000000000
0000080020800000
2000000000800000
2000048040000002
0800000200000000
00080e0000000000
0001080000000010
2000440400000112
0000400000000000
0800000000000400
0008000000000400
0000040080000000
0000004000000000
2000000000000012
0000005000000000
2000081020000000
0000000000000100
0000040000000000
2800408000000000
0000000000000000
0000000000000000
0000000000000000
0000000000000000
0000000000000000
0000000000000000
0000000000000000
0000000000000000
0000000000000000
0000000000000000
0000000000000000
0000000000000000
0000000000000000
0000000000000000
0000000000000000
0000000000000000
0000000000000000
0000000000000000
0000000000000000
0000000000000000
0000000000000000
0000000000000000
0000000000000000
0000000000000000
0000000000000000
0000000000000000
0000000000000000
0000000000000000
0000000000000000
0000000000000000
0000000000000000
0000000000000000
0000000000000000
0000000000000000
0000000000000000
0000000000000000
0000000000000000
0000000000000000
0000000000000000
0000000000000000
0000000000000000
0000000000000000
0000000000000000
0000000000000000
0000000000000000
0000000000000000
0000000000000000
0000000000000000
0000000000000000
0000000000000000
0000000000000000
0000000000000000
0000000000000000
0000000000000000
0000000000000000
0000000000000000
0000000000000000
0000000000000000
0000000000000000
0000000000000000
0000000000000000
0000000000000000
0000000000000000
0000000000000000
0000000000000000
0000000000000000
0000000000000000
0000000000000000
0000000000000000
0000000000000000
0000000000000000
0000000000000000
0000000000000000
0000000000000000
0000000000000000
0000000000000000
0000000000000000
0000000000000000
0000000000000000
0000000000000000
0000000000000000
0000000000000000
0000000000000000
0000000000000000
0000000000000000
0000000000000000
0000000000000000
0000000000000000
0000000000000000
0000000000000000
0000000000000000
0000000000000000
0000000000000000
0000000000000000
0000000000000000
0000000000000000
0000000000000000
0000000000000000
0000000000000000
0000000000000000
0000000000000000
0000000000000000
0000000000000000
0000000000000000
0000000000000000
0000000000000000
0000000000000000
0000000000000000
0000000000000000
0000000000000000
0000000000000000
0000000000000000
0000000000000000
0000000000000000
0000000000000000
0000000000000000
0000000000000000
0000000000000000
0000000000000000
0000000000000000
0000000000000000
0000000000000000
0000000000000000
0000000000000000
0000000000000000
0000000000000000
0000000000000000
0000000000000000
0000100000100000
0000000000000880
0000000000000000
0000000001002004
0000000000040000
0000100000000000
0000000000000005
0080000000400041
0000000000042000
0000000000800044
8000000000840000
0010000000000040
0000000000000000
0000000001100040
0000000000000800
0000100000100000
0000100000000000
0010000000000021
0000100000002000
0000000000000000
8000220080000800
0000000001040000
0000000000042000
0080000080000000
0000020000800000
0000000000000000
0000000000000001
0000100000000000
0000200000000000
0000200080000020
0000000000000040
0000000000000800
0000100000000024
0010000000100000
0080200000840000
0000320000000080
0080000000000000
0000000000000000
8000000000000000
00001000015000c0
0000000000000040
0010000000000000
0000000000000000
8000000080800040
0000020000000040
0080000000002000
0000000000800001
0000000001800000
0080000000100080
00000000000000c0
0000220001000000
0000000001400000
0000000000000000
0000000000000044
0000000000000800
0000000000000000
0000100080000880
0010000000000000
0000000001000000
0000200000000000
0000000000000000
0000200001000040
0000000000000000
0000000000000000
0000000000000000
0000000000000000
0000000000000000
0000000000000000
0000000000000000
0000000000000000
0000000000000000
0000000000000000
0000000000000000
0000000000000000
0000000000000000
0000000000000000
0000000000000000
0000000000000000
0000000000000000
0000000000000000
0000000000000000
0000000000000000
0000000000000000
0000000000000000
0000000000000000
0000000000000000
0000000000000000
0000000000000000
0000000000000000
0000000000000000
0000000000000000
0000000000000000
0000000000000000
0000000000000000
0000000000000000
0000000000000000
0000000000000000
0000000000000000
0000000000000000
0000000000000000
0000000000000000
0000000000000000
0000000000000000
0000000000000000
0000000000000000
0000000000000000
0000000000000000
0000000000000000
0000000000000000
0000000000000000
0000000000000000
0000000000000000
0000000000000000
0000000000000000
0000000000000000
0000000000000000
0000000000000000
0000000000000000
0000000000000000
0000000000000000
0000000000000000
0000000000000000
0000000000000000
0000000000000000
0000000000000000
0000000000000000
0000000000000000
0000000000000000
1000100200300400
0000800000200880
0000400400001000
0000002041006004
0000080020040000
000010a040000400
4000000000000005
0081040000400041
0100080000042000
0000040000800044
a040008040a40000
02100c0004000040
2000008000000000
0000000001100040
0000002000000800
0000100000100000
0000100000001000
0030000040000029
0000100400082008
0000042600000000
8200222084080800
00008002010c0000
4000000000042200
00800000c0000000
0000020000880000
2100040000000000
200000a000004009
0001180200004000
00402c2000000000
0000202080080020
2020400204000240
0001000000000808
000090a400000224
0110008000100000
0280200000840000
0200722000080080
0080000000280000
1000080040004000
9000042000000200
00001000015004c0
0000080000000040
2010040040000200
6000008000201000
8120000080800040
0200020000000040
1080040000002000
4000080020800201
3000000001800000
2080048140304080
50400002000002c0
01402e0001080000
0001080001400000
3000440404200000
0000400000000044
0000000000000c00
1200000000200600
0000142080000880
0010000100000000
2000802001000000
0000200000280000
2000080020000000
0000200001001040
0100040000000000
2000408000000200
0000000000000000
0000000000000000
0000000000000000
0000000000010000
0000000000010000
0000000000000000
0000000000000000
0000000000000000
0000000000000000
0000010000000000
0000000000000000
0000000000000000
0000000000000000
0000000000000000
0000010000000000
0000000000010000
0000000000000000
0000000000000000
0000000000000000
0000000000010000
0000000000000000
0000000000000000
0000000000000000
0000000000000000
0000000000010000
0000000000000000
0000000000000000
0000000000000000
0000000000000000
0000000000000000
0000000000000000
0000000000000000
0000000000010000
0000000000000000
0000000000000002
0000000000010000
0000000000010000
0000000000000000
0000000000000000
0000000000000000
0000000000000000
0000000000000000
0000000000000002
0000000000000000
0000000000000002
0000010000000000
0000000000000000
0000000000000000
0000000000000002
0000000000000000
0000000000000000
0000000000000000
0000000000000002
0000000000000000
0000000000000000
0000000000000000
0000000000000000
0000000000000000
0000000000010002
0000000000000000
0000000000000000
0000000000000000
0000000000000000
0000000000000000
0000100000100000
0000000000000880
0000000000000000
0000000001002004
0000000000040000
0000100000000000
0000000000000005
0080000000400041
0000000000042000
0000000000800044
8000000000840000
0010000000000040
0000000000000000
0000000001100040
0000000000000800
0000100000100000
0000100000000000
0010000000000021
0000100000002000
0000000000000000
8000220080000800
0000000001040000
0000000000042000
0080000080000000
0000020000800000
0000000000000000
0000000000000001
0000100000000000
0000200000000000
0000200080000020
0000000000000040
0000000000000800
0000100000000024
0010000000100000
0080200000840000
0000320000000080
0080000000000000
0000000000000000
8000000000000000
00001000015000c0
0000000000000040
0010000000000000
0000000000000000
8000000080800040
0000020000000040
0080000000002000
0000000000800001
0000000001800000
0080000000100080
00000000000000c0
0000220001000000
0000000001400000
0000000000000000
0000000000000044
0000000000000800
0000000000000000
0000100080000880
0010000000000000
0000000001000000
0000200000000000
0000000000000000
0000200001000040
0000000000000000
0000000000000000
0000000200200400
0000000800200000
0000400400000000
0000000840000000
0000080000000000
0000008040000400
0000000000000000
0001040800000000
0100080000000000
0000040000000000
2000008040200000
00000c0000000000
2000008000000000
0000000000000000
0000000000000000
0000000000000000
0000000000000000
0020000040000000
0000000400000000
0000040600000000
0000000000000000
0000000a00000000
0000000000000000
0000000040000000
0000000000000000
2100040000000000
2000008800000000
0001080200000000
00000c0000000000
0000000000000000
2020400200000000
0001000000000000
0000008400000000
0100008000000000
0000000800000000
0000400000000000
0000000000200000
0000080040000000
0000040000000000
0000000000000400
0000080000000000
2000040040000000
2000008000200000
0120000000000000
0000000000000000
0000040000000000
0000080000000000
2000000000000000
2000048040200000
0000000200000000
01000c0800000000
0001080000000000
2000440400200000
0000400800000000
0000000000000400
0000000000200400
0000040000000000
0000000000000000
2000000000000000
0000000000200000
2000080800000000
0000000000000000
0100040000000000
2000408000000000
1000100000100000
0000800000000880
0000000000001000
0000002001006004
0000000020040000
0000102010000000
4000000000000005
0080000000400041
0000000000042000
0000000000800044
8040000000840000
0210000014000040
0000000000000000
0000000001100040
0000002000000800
0000100000100000
0000100000001000
0010000000000029
0000100000082008
0000002010000000
8202222084080800
00008000010c0000
4000000000042200
0080000080000000
0000020000880000
0000000000000000
0000002000004009
0000100000004000
0040202000000000
0000202090080020
0000000004000240
0000000000000808
0000902000000224
0010000000100000
0280200000840000
0200322000080080
0080000000080000
1000000000004000
9000002000000200
00001000015000c0
0000000000000040
0010000000000200
4000000000001000
8000000080800040
0200020000000040
1080000000002000
4000000020800201
1000000001800000
0082000100104080
50400000000002c0
0040220001080000
0000000001400000
1000000004000000
0000000000000044
0000000000000800
1200000000000200
0002102080000880
0010000100000000
0000802011000000
0000200000080000
0000000020000000
0000200011001040
0000000000000000
0000000000000200
0400000000000010
0800000000000000
0000000000000000
0000000000010000
0000000000010000
0004004000000000
0000001000000000
0000000000000000
0408000000000000
0000010000000000
0400001000000000
0000000002000000
0000001000000100
0000000000000000
0400010000000000
0000000000010000
0004000000000000
0000000000000110
0000000000000010
0000000000010000
0000000000000000
0000000000000000
0000000000000000
0000000000000000
0800000000010000
0000000000000010
0000000000000000
0000000000000000
0008000000000000
0000000000000100
0000004000000000
0000000000008000
0000000000010000
0008000000000000
0400000000000002
0000000000010000
0404000002018000
0000000000000000
0000000000000010
0000001000000000
0000000000000000
0000000000000000
0404000000000002
0000000000000000
0800004000008002
0000014000000000
0000000000000000
0000000000000000
0000000000000002
0800000000000000
0008000000000000
0000000000000010
0004000000000112
0000000000000000
0800000000000000
0008000000000000
0004000000000000
0004004000000000
0000000000010012
0000005000000000
0004001000000000
0004000000000100
0000000000000000
0804000000000000
0000100000100000
0000000000000880
0000000000000000
0000000001002004
0000000000040000
0000100000000000
0000000000000005
0080000000400041
0000000000042000
0000000000800044
8000000000840000
0010000000000040
0000000000000000
0000000001100040
0000000000000800
0000100000100000
0000100000000000
0010000000000021
0000100000002000
0000000000000000
8000220080000800
0000000001040000
0000000000042000
0080000080000000
0000020000800000
0000000000000000
0000000000000001
0000100000020000
0000200000000000
0000200080000020
0000000000000040
0000000000000800
0000100000020024
0010000000120000
0080200000840000
0000320000020080
0080000000000000
0000000000000000
8000000000020000
00001000015000c0
0000000000000040
0010000000000000
0000000000000000
8000000080800040
0000020000000040
0080000000002000
0000000000800001
0000000001800000
0080000000100080
00000000000200c0
0000220001020000
0000000001400000
0000000000000000
0000000000000044
0000000000000800
0000000000000000
0000100080000880
0010000000000000
0000000001000000
0000200000000000
0000000000000000
0000200001020040
0000000000000000
0000000000000000
0000000200200400
0000000000200000
0000400400000000
0000000040000000
0000080000000000
0000008040000400
0000000000000000
0001040000000000
0100080000000000
0000040000000000
2000008048200000
00000c0000000000
2000008000000000
0000000000000000
0000000008000000
0000000000000000
0000000008000000
0020000040000000
0000000408000000
0000040600000000
0000000000000000
0000000200000000
0000000000000000
0000000040000000
0000000000000000
2100040000000000
2000008000000000
0001080200000000
00000c0000000000
0000000000000000
2020400200000000
0001000000000000
0000008400000000
0100008000000000
0000000000000000
0000400000000000
0000000000200000
0000080040000000
0000040000000000
0000000000000400
0000080000000000
2000040040000000
2000008000200000
0120000000000000
0000000008000000
0000040000000000
0000080000000000
2000000000000000
2000048040200000
0000000200000000
01000c0000000000
0001080000000000
2000440400200000
0000400000000000
0000000000000400
0000000000200400
0000040000000000
0000000000000000
2000000000000000
0000000000200000
2000080000000000
0000000008000000
0100040000000000
2000408000000000
1000100000100000
0000800000000880
0000000000000000
0000002001002004
0000000020040000
0000102000000000
0000000000000005
0080000000400041
0000000000042000
0000000000000044
8040000000040000
0210000000000040
0000000000000000
0000000001100040
0000002000000800
0000100000100000
0000100000000000
0010000000000029
0000100000002008
0000002000000000
8200202000000800
0000800001040000
0000000000042200
0080000000000000
0000000000000000
0000000000000000
0000002000000009
0000100000000000
0040202000000000
0000202000000020
0000000000000240
0000000000000808
0000902000000224
0010000000100000
0280200000040000
0200302000000080
0080000000000000
1000000000000000
9000002000000200
00001000015000c0
0000000000000040
0010000000000200
0000000000000000
8000000000000040
0200000000000040
1080000000002000
0000000020000201
1000000001000000
0080000000100080
10400000000002c0
0040200001000000
0000000001400000
1000000000000000
0000000000000044
0000000000000800
1200000000000200
0000102000000880
0010000000000000
0000802001000000
0000200000000000
0000000020000000
0000200001000040
0000000000000000
0000000000000200
0000000000000000
0000000000000000
0000000000001000
0000000000004000
0000000000000000
0000000000000000
4000000000000000
0000000000000000
0000000000000000
0000000000800000
0000000000800000
0000000004000000
0000000000000000
0000000000000000
0000000000000000
0000000000000000
0000000000001000
0000000000000000
0000000000080000
0000000000000000
0000020084080000
0000000000080000
4000000000000000
0000000080000000
0000020000880000
0000000000000000
0000000000004000
0000000000004000
0000000000000000
0000000080080000
0000000004000000
0000000000000000
0000000000000000
0000000000000000
0000000000800000
0000020000080000
0000000000080000
0000000000004000
0000000000000000
0000000000000000
0000000000000000
0000000000000000
4000000000001000
0000000080800000
0000020000000000
0000000000000000
4000000000800000
0000000000800000
0000000100004000
4000000000000000
0000020000080000
0000000000000000
0000000004000000
0000000000000000
0000000000000000
0000000000000000
0000000080000000
0000000100000000
0000000000000000
0000000000080000
0000000000000000
0000000000001000
0000000000000000
0000000000000000
0000100000100000
0000000000000880
0000000000000000
0000000001012004
0000000000050000
0000100000000000
0000000000000005
0080000000400041
0000000000042000
0000010000000044
8000000000040000
0010000000000040
0000000000000000
0000000001100040
0000010000000800
0000100000110000
0000100000000000
0010000000000021
0000100000002000
0000000000010000
8000200000000800
0000000001040000
0000000000042000
0080000000000000
0000000000010000
0000000000000000
0000000000000001
0000100000000000
0000200000000000
0000200000000020
0000000000000040
0000000000000800
0000100000010024
0010000000100000
0080200000040002
0000300000010080
0080000000010000
0000000000000000
8000000000000000
00001000015000c0
0000000000000040
0010000000000000
0000000000000002
8000000000000040
0000000000000042
0080010000002000
0000000000000001
0000000001000000
0080000000100082
00000000000000c0
0000200001000000
0000000001400000
0000000000000002
0000000000000044
0000000000000800
0000000000000000
0000100000000880
0010000000000000
0000000001010002
0000200000000000
0000000000000000
0000200001000040
0000000000000000
0000000000000000
0000000200200400
0000000800200000
0000400400000000
0000000840000000
0000080000000000
0000008040000400
0000000000000000
0001040800000000
0100080000000000
0000040000800000
2000008040a00000
00000c0000000000
2000008000000000
0000000000000000
0000000000000000
0000000000000000
0000000000000000
0020000040000000
0000000400000000
0000040600000000
0000020080000000
0000000a00000000
0000000000000000
00000000c0000000
0000020000800000
2100040000000000
2000008800000000
0001080200000000
00000c0000000000
0000000080000000
2020400200000000
0001000000000000
0000008400000000
0100008000000000
0000000800800000
0000420000000000
0000000000200000
0000080040000000
0000040000000000
0000000000000400
0000080000000000
2000040040000000
2000008000200000
0120000080800000
0000020000000000
0000040000000000
0000080000800000
2000000000800000
2000048040200000
0000000200000000
01000e0800000000
0001080000000000
2000440400200000
0000400800000000
0000000000000400
0000000000200400
0000040080000000
0000000000000000
2000000000000000
0000000000200000
2000080800000000
0000000000000000
0100040000000000
2000408000000000
1000100000100000
0000800000000880
0000000000000000
0000002001002004
0000000020040000
0000102000000000
0000000000000005
0080000000400041
0000000000042000
0000000000000044
8040000000040000
0210000000000040
0000000000000000
0000000001100040
0000002000000800
0000100000100000
0000100000000000
0010000000000029
0000100000002008
0000002000000000
8202202000000800
0000800001040000
0000000000042200
0080000000000000
0000000000000000
0000000000000000
0000002000000009
0000100000000000
0040202000000000
0000202000000020
0000000000000240
0000000000000808
0000902000000224
0010000000100000
0280200000040000
0200302000000080
0080000000000000
1000000000000000
9000002000000200
00001000015000c0
0000000000000040
0010000000000200
0000000000000000
8000000000000040
0200000000000040
1080000000002000
0000000020000201
1000000001000000
0082000000100080
10400000000002c0
0040200001000000
0000000001400000
1000000000000000
0000000000000044
0000000000000800
1200000000000200
0002102000000880
0010000000000000
0000802001000000
0000200000000000
0000000020000000
0000200001000040
0000000000000000
0000000000000200
0000000000000000
0000000000000000
0000000000001000
0000000000004000
0000000000000000
0000000010000000
4000000000000000
0000000000000000
0000000000000000
0000000000800000
0000000000800000
0000000014000000
0000000000000000
0000000000000000
0000000000000000
0000000000000000
0000000000001000
0000000000000000
0000000000080000
0000000010000000
0000020084080000
0000000000080000
4000000000000000
0000000080000000
0000020000880000
0000000000000000
0000000000004000
0000000000004000
0000000000000000
0000000090080000
0000000004000000
0000000000000000
0000000000000000
0000000000000000
0000000000800000
0000020000080000
0000000000080000
0000000000004000
0000000000000000
0000000000000000
0000000000000000
0000000000000000
4000000000001000
0000000080800000
0000020000000000
0000000000000000
4000000000800000
0000000000800000
0000000100004000
4000000000000000
0000020000080000
0000000000000000
0000000004000000
0000000000000000
0000000000000000
0000000000000000
0000000080000000
0000000100000000
0000000010000000
0000000000080000
0000000000000000
0000000010001000
0000000000000000
0000000000000000
0000100000100000
0000000000000880
0000000000000000
0000000001002004
0000000000040000
0000100000000000
0000000000000005
0080000000400041
0000000000042000
0000000000000044
8000000000040000
0010000000000040
0000000000000000
0000000001100040
0000000000000800
0000100000100000
0000100000000000
0010000000000021
0000100000002000
0000000000000000
8000200000000800
0000000001040000
0000000000042000
0080000000000000
0000000000000000
0000000000000000
0000000000000001
0000100000000000
0000200000000000
0000200000000020
0000000000000040
0000000000000800
0000100000000024
0010000000100000
0080200000040000
0000300000000080
0080000000000000
0000000000000000
8000000000000000
00001000015000c0
0000000000000040
0010000000000000
0000000000000000
8000000000000040
0000000000000040
0080000000002000
0000000000000001
0000000001000000
0080000000100080
00000000000000c0
0000200001000000
0000000001400000
0000000000000000
0000000000000044
0000000000000800
0000000000000000
0000100000000880
0010000000000000
0000000001000000
0000200000000000
0000000000000000
0000200001000040
0000000000000000
0000000000000000
0400000200200410
0800000000200000
0000400400000000
0000000040010000
0000080000010000
000000c040000400
0000001000000000
0001040000000000
0508080000000000
0000050000800000
2400009040a00000
00000c0000000000
2000009000000100
0000000000000000
0400010000000000
0000000000010000
0000000000000000
0020000040000110
0000000400000010
0000040600010000
0000020080000000
0000000200000000
0000000000000000
00000000c0000000
0800020000810000
2100040000000010
2000008000000000
0001080200000000
00080c0000000000
0000000080000100
2020404200000000
0001000000008000
0000008400010000
0108008000000000
0400000000800002
0000420000010000
0400000000218000
0000080040000000
0000040000000010
0000001000000400
0000080000000000
2000040040000000
2400008000200002
0120000080800000
0800024000008002
0000054000000000
0000080000800000
2000000000800000
2000048040200002
0800000200000000
01080e0000000000
0001080000000010
2000440400200112
0000400000000000
0800000000000400
0008000000200400
0000040080000000
0000004000000000
2000000000010012
0000005000200000
2000081000000000
0000000000000100
0100040000000000
2800408000000000
0000000000000000
0000000000000000
0000000000000000
0000000000000000
0000000000000000
0000000000000000
0000000000000000
0000000000000000
0000000000000000
0000000000000000
0000000000000000
0000000000000000
0000000000000000
0000000000000000
0000000000000000
0000000000000000
0000000000000000
0000000000000000
0000000000000000
0000000000000000
0000000000000000
0000000000000000
0000000000000000
0000000000000000
0000000000000000
0000000000000000
0000000000000000
0000000000000000
0000000000000000
0000000000000000
0000000000000000
0000000000000000
0000000000000000
0000000000000000
0000000000000000
0000000000000000
0000000000000000
0000000000000000
0000000000000000
0000000000000000
0000000000000000
0000000000000000
0000000000000000
0000000000000000
0000000000000000
0000000000000000
0000000000000000
0000000000000000
0000000000000000
0000000000000000
0000000000000000
0000000000000000
0000000000000000
0000000000000000
0000000000000000
0000000000000000
0000000000000000
0000000000000000
0000000000000000
0000000000000000
0000000000000000
0000000000000000
0000000000000000
0000000000000000
0000000000000000
0000000000000000
0000000000000000
0000000000000000
0000000000000000
0000000000000000
0000000000000000
0000000000000000
0000000000000000
0000000000000000
0000000000000000
0000000000000000
0000000000000000
0000000000000000
0000000000000000
0000000000000000
0000000000000000
0000000000000000
0000000000000000
0000000000000000
0000000000000000
0000000000000000
0000000000000000
0000000000000000
0000000000000000
0000000000000000
0000000000000000
0000000000000000
0000000000000000
0000000000000000
0000000000000000
0000000000000000
0000000000000000
0000000000000000
0000000000000000
0000000000000000
0000000000000000
0000000000000000
0000000000000000
0000000000000000
0000000000000000
0000000000000000
0000000000000000
0000000000000000
0000000000000000
0000000000000000
0000000000000000
0000000000000000
0000000000000000
0000000000000000
0000000000000000
0000000000000000
0000000000000000
0000000000000000
0000000000000000
0000000000000000
0000000000000000
0000000000000000
0000000000000000
0000000000000000
0000000000000000
0000000000000000
0000000000000000
0000000000000000
0000100000100000
0000000000000880
0000000000000000
0000000001002004
0000000000040000
0000100000000000
0000000000000005
0080000000400041
0000000000042000
0000000000800044
8000000000840000
0010000000000040
0000000000000000
0000000001100040
0000000000000800
0000100000100000
0000100000000000
0010000000000021
0000100000002000
0000000000000000
8000220080000800
0000000001040000
0000000000042000
0080000080000000
0000020000800000
0000000000000000
0000000000000001
0000100000000000
0000200000000000
0000200080000020
0000000000000040
0000000000000800
0000100000000024
0010000000100000
0080200000840000
0000320000000080
0080000000000000
0000000000000000
8000000000000000
00001000015000c0
0000000000000040
0010000000000000
0000000000000000
8000000080800040
0000020000000040
0080000000002000
0000000000800001
0000000001800000
0080000000100080
00000000000000c0
0000220001000000
0000000001400000
0000000000000000
0000000000000044
0000000000000800
0000000000000000
0000100080000880
0010000000000000
0000000001000000
0000200000000000
0000000000000000
0000200001000040
0000000000000000
0000000000000000
0000000000000000
0000000000000000
0000000000000000
0000000000000000
0000000000000000
0000000000000000
0000000000000000
0000000000000000
0000000000000000
0000000000000000
0000000000000000
0000000000000000
0000000000000000
0000000000000000
0000000000000000
0000000000000000
0000000000000000
0000000000000000
0000000000000000
0000000000000000
0000000000000000
0000000000000000
0000000000000000
0000000000000000
0000000000000000
0000000000000000
0000000000000000
0000000000000000
0000000000000000
0000000000000000
0000000000000000
0000000000000000
0000000000000000
0000000000000000
0000000000000000
0000000000000000
0000000000000000
0000000000000000
0000000000000000
0000000000000000
0000000000000000
0000000000000000
0000000000000000
0000000000000000
0000000000000000
0000000000000000
0000000000000000
0000000000000000
0000000000000000
0000000000000000
0000000000000000
0000000000000000
0000000000000000
0000000000000000
0000000000000000
0000000000000000
0000000000000000
0000000000000000
0000000000000000
0000000000000000
0000000000000000
0000000000000000
0000000000000000
0000000000000000
0000100200300400
0000800000200880
0000400400000000
0000000041006004
0000080020040000
0000108040000400
0000000000000005
0081000000400041
0100080000042000
0000000000800044
a040008040a40000
0210080004000040
2000008000000000
0000000001100040
0000000000000800
0000100000100000
0000100000000000
0030000040000029
0000100400002008
0000000600000000
8200220084000800
0000800201040000
0000000000042200
00800000c0000000
0000020000800000
2100000000000000
2000008000004009
0001180200004000
0040280000000000
0000200080000020
2020400204000240
0001000000000808
0000908400000224
0110008000100000
0280200000840000
0200720000000080
0080000000200000
0000080040004000
8000000000000200
00001000015004c0
0000080000000040
2010000040000200
2000008000200000
8120000080800040
0200020000000040
0080000000002000
0000080020800201
2000000001800000
2080008140304080
00400002000002c0
01402a0001000000
0001080001400000
2000400404200000
0000400000000044
0000000000000c00
0200000000200600
0000100080000880
0010000100000000
2000800001000000
0000200000200000
2000080020000000
0000200001000040
0100000000000000
2000408000000200
1000000000000000
0000000000000000
0000000000001000
0000002000010000
0000000000010000
0000002000000000
4000000000000000
0000040000000000
0000000000000000
0000050000000000
0000000000000000
0000040000000000
0000000000000000
0000000000000000
0000012000000000
0000000000010000
0000000000001000
0000000000000000
0000000000080000
0000042000010000
0000002000080000
0000000000080000
4000000000000000
0000000000000000
0000000000090000
0000040000000000
0000002000000000
0000000000000000
0000042000000000
0000002000080000
0000000000000000
0000000000000000
0000002000010000
0000000000000000
0000000000000002
0000002000090000
0000000000090000
1000000000000000
1000042000000000
0000000000000000
0000000000000000
0000040000000000
4000000000001002
0000000000000000
0000000000000002
1000050000000000
4000000000000000
1000000000000000
0000040000000002
5000000000000000
0000040000080000
0000000000000000
1000040000000002
0000000000000000
0000000000000000
1000000000000000
0000042000000000
0000000000000000
0000002000010002
0000000000080000
0000000000000000
0000000000001000
0000040000000000
0000000000000000
0000100000100000
0000000000000880
0000000000000000
0000000001002004
0000000000040000
0000100000000000
0000000000000005
0080000000400041
0000000000042000
0000000000800044
8000000000840000
0010000000000040
0000000000000000
0000000001100040
0000000000000800
0000100000100000
0000100000000000
0010000000000021
0000100000002000
0000000000000000
8000220080000800
0000000001040000
0000000000042000
0080000080000000
0000020000800000
0000000000000000
0000000000000001
0000100000000000
0000200000000000
0000200080000020
0000000000000040
0000000000000800
0000100000000024
0010000000100000
0080200000840000
0000320000000080
0080000000000000
0000000000000000
8000000000000000
00001000015000c0
0000000000000040
0010000000000000
0000000000000000
8000000080800040
0000020000000040
0080000000002000
0000000000800001
0000000001800000
0080000000100080
00000000000000c0
0000220001000000
0000000001400000
0000000000000000
0000000000000044
0000000000000800
0000000000000000
0000100080000880
0010000000000000
0000000001000000
0000200000000000
0000000000000000
0000200001000040
0000000000000000
0000000000000000
0000000000000000
0000000000000000
0000000000000000
0000000000000000
0000000000000000
0000000000000000
0000000000000000
0000000000000000
0100000000000000
0000000000000000
0000000000000000
0000000000000000
0000000000000000
0000000000000000
0000000000000000
0000000000000000
0000000000000000
0000000000000000
0000000000000000
0000000000000000
0000000000000000
0000000000000000
0000000000000000
0000000000000000
0000000000000000
0100000000000000
0000000000000000
0000000000000000
0000000000000000
0000000000000000
0000000000000000
0000000000000000
0000000000000000
0100000000000000
0000000000000000
0000000000000000
0000000000000000
0000000000000000
0000000000000000
0000000000000000
0000000000000000
0000000000000000
0000000000000000
0100000000000000
0000000000000000
0000000000000000
0000000000000000
0000000000000000
0000000000000000
0000000000000000
0100000000000000
0000000000000000
0000000000000000
0000000000000000
0000000000000000
0000000000000000
0000000000000000
0000000000000000
0000000000000000
0000000000000000
0000000000000000
0000000000000000
0100000000000000
0000000000000000
0000100200300400
0000800000200880
0000400400000000
0000000041006004
0000080020040000
0000108040000400
0000000000000005
0081000000400041
0000080000042000
0000000000800044
a040008040a40000
0210080004000040
2000008000000000
0000000001100040
0000000000000800
0000100000100000
0000100000000000
0030000040000029
0000100400002008
0000000600000000
8200220084000800
0000800201040000
0000000000042200
00800000c0000000
0000020000800000
2000000000000000
2000008000004009
0001180200004000
0040280000000000
0000200080000020
2020400204000240
0001000000000808
0000908400000224
0010008000100000
0280200000840000
0200720000000080
0080000000200000
0000080040004000
8000000000000200
00001000015004c0
0000080000000040
2010000040000200
2000008000200000
8020000080800040
0200020000000040
0080000000002000
0000080020800201
2000000001800000
2080008140304080
00400002000002c0
00402a0001000000
0001080001400000
2000400404200000
0000400000000044
0000000000000c00
0200000000200600
0000100080000880
0010000100000000
2000800001000000
0000200000200000
2000080020000000
0000200001000040
0000000000000000
2000408000000200
1000000000000010
0000000800000000
0000000000000000
0000002800000000
0000000000000000
0000002010000000
4000000000000000
0000040800000000
0000000000000000
0000040000000000
0000000000000000
0000040010000000
0000000000000000
0000000000000000
0000002000000000
0000000000000000
0000000000000000
0000000000000010
0000000000080010
0000042010000000
0002002000080000
0000000800080000
4000000000000000
0000000000000000
0000000000080000
0000040000000010
0000002800000000
0000000000000000
0000042000000000
0000002010080000
0000000000000000
0000000000000000
0000002000000000
0000000000000000
0000000800000000
0000002000080000
0000000000080000
1000000000000000
1000042000000010
0000000000000000
0000000000000000
0000040000000000
4000000000000000
0000000000000000
0000000000000000
1000040000000000
4000000000000000
1000000000000000
0002040000000000
5000000000000000
0000040800080000
0000000000000010
1000040000000010
0000000800000000
0000000000000000
1000000000000000
0002042000000000
0000000000000000
0000002010000010
0000000000080000
0000000800000000
0000000010000000
0000040000000000
0000000000000000
0400100000100000
0800000000000880
0000000000001000
0000000001012004
0000000000050000
0004104000000000
0000001000000005
0080000000400041
0408000000042000
0000010000800044
8400001000840000
0010000002000040
0000001000000100
0000000001100040
0400010000000800
0000100000110000
0004100000001000
0010000000000121
0000100000002000
0000000000010000
8000220080000800
0000000001040000
0000000000042000
0080000080000000
0800020000810000
0000000000000000
0000000000000001
0000100000000000
0008200000000000
0000200080000120
0000004000000040
0000000000000800
0000100000010024
0018000000100000
0480200000840002
0000320000010080
0484000002010000
0000000000000000
8000000000000000
00001010015000c0
0000000000000040
0010000000000000
0404000000001002
8000000080800040
0800024000000042
0080014000002000
0000000000800001
0000000001800000
0080000000100082
08000000000000c0
0008220001000000
0000000001400000
0004000000000102
0000000000000044
0800000000000800
0008000000000000
0004100080000880
0014004000000000
0000000001010002
0000205000000000
0004001000000000
0004200001001140
0000000000000000
0804000000000000
0000000000000000
0000000000000000
0000000000000000
0000000000000000
0000000000000000
0000000000000000
0000000000000000
0000000000000000
0100000000000000
0000000000000000
0000000008000000
0000000000000000
0000000000000000
0000000000000000
0000000008000000
0000000000000000
0000000008000000
0000000000000000
0000000008000000
0000000000000000
0000000000000000
0000000000000000
0000000000000000
0000000000000000
0000000000000000
0100000000000000
0000000000000000
0000000000020000
0000000000000000
0000000000000000
0000000000000000
0000000000008000
0000000000020000
0100000000020000
0000000000000000
0000000000020000
0000000000008000
0000000000000000
0000000000020000
0000000000000000
0000000000000000
0000000000000000
0000000000000000
0100000000000000
0000000008008000
0000000000000000
0000000000000000
0000000000000000
0000000000000000
0000000000020000
0100000000020000
0000000000000000
0000000000000000
0000000000000000
0000000000000000
0000000000000000
0000000000000000
0000000000000000
0000000000000000
0000000000000000
0000000000000000
0000000008020000
0100000000000000
0000000000000000
0000100200300400
0000800000200880
0000400400000000
0000000041006004
0000080020040000
0000108040000400
0000000000000005
0081000000400041
0000080000042000
0000000000800044
a040008040a40000
0210080004000040
2000008000000000
0000000001100040
0000000000000800
0000100000100000
0000100000000000
0030000040000029
0000100400002008
0000000600000000
8200220084000800
0000800201040000
0000000000042200
00800000c0000000
0000020000800000
2000000000000000
2000008000004009
0001180200004000
0040280000000000
0000200080000020
2020400204000240
0001000000000808
0000908400000224
0010008000100000
0280200000840000
0200720000000080
0080000000200000
0000080040004000
8000000000000200
00001000015004c0
0000080000000040
2010000040000200
2000008000200000
8020000080800040
0200020000000040
0080000000002000
0000080020800201
2000000001800000
2080008140304080
00400002000002c0
00402a0001000000
0001080001400000
2000400404200000
0000400000000044
0000000000000c00
0200000000200600
0000100080000880
0010000100000000
2000800001000000
0000200000200000
2000080020000000
0000200001000040
0000000000000000
2000408000000200
1000000000000000
0000000000000000
0000000000000000
0000002000000000
0000000000000000
0000002000000000
4000000000000000
0000040000000000
0000000000000000
0000040000000000
0000000000000000
0000040000000000
0000000000000000
0000000000000000
0000002000000000
0000000000000000
0000000000000000
0000000000000000
0000000000080000
0000042000000000
0000002000080000
0000000000080000
4000000000000000
0000000000000000
0000000000080000
0000040000000000
0000002000000000
0000000000000000
0000042000000000
0000002000080000
0000000000000000
0000000000000000
0000002000000000
0000000000000000
0000000000000000
0000002000080000
0000000000080000
1000000000000000
1000042000000000
0000000000000000
0000000000000000
0000040000000000
4000000000000000
0000000000000000
0000000000000000
1000040000000000
4000000000000000
1000000000000000
0000040000000000
5000000000000000
0000040000080000
0000000000000000
1000040000000000
0000000000000000
0000000000000000
1000000000000000
0000042000000000
0000000000000000
0000002000000000
0000000000080000
0000000000000000
0000000000000000
0000040000000000
0000000000000000
0000100000100000
0000000000000880
0000000000001000
0000000001012004
0000000000050000
0000100000000000
0000000000000005
0080000000400041
0000000000042000
0000000000800044
8000000000840000
0010000000000040
0000000000000000
0000000001100040
0000000000000800
0000100000110000
0000100000001000
0010000000000021
0000100000002000
0000000000010000
8000220080000800
0000000001040000
0000000000042000
0080000080000000
0000020000810000
0000000000000000
0000000000000001
0000100000000000
0000200000000000
0000200080000020
0000000000000040
0000000000000800
0000100000010024
0010000000100000
0080200000840000
0000320000010080
0080000000010000
0000000000000000
8000000000000000
00001000015000c0
0000000000000040
0010000000000000
0000000000001000
8000000080800040
0000020000000040
0080000000002000
0000000000800001
0000000001800000
0080000000100080
00000000000000c0
0000220001000000
0000000001400000
0000000000000000
0000000000000044
0000000000000800
0000000000000000
0000100080000880
0010000000000000
0000000001010000
0000200000000000
0000000000000000
0000200001001040
0000000000000000
0000000000000000
0000000000000000
0000000000000000
0000000000000000
0000000000000000
0000000000000000
0000000000000000
0000000000000000
0000000000000000
0100000000000000
0000010000000000
0000000000000000
0000000000000000
0000000000000000
0000000000000000
0000010000000000
0000000000000000
0000000000000000
0000000000000000
0000000000000000
0000000000000000
0000000000000000
0000000000000000
0000000000000000
0000000000000000
0000000000000000
0100000000000000
0000000000000000
0000000000000000
0000000000000000
0000000000000000
0000000000000000
0000000000000000
0000000000000000
0100000000000000
0000000000000002
0000000000000000
0000000000000000
0000000000000000
0000000000000000
0000000000000000
0000000000000000
0000000000000000
0000000000000002
0100000000000000
0000000000000002
0000010000000000
0000000000000000
0000000000000000
0000000000000002
0000000000000000
0100000000000000
0000000000000000
0000000000000002
0000000000000000
0000000000000000
0000000000000000
0000000000000000
0000000000000000
0000000000000002
0000000000000000
0000000000000000
0000000000000000
0100000000000000
0000000000000000
0000100200300400
0000800000200880
0000400400000000
0000000041006004
0000080020040000
0000108040000400
0000000000000005
0081000000400041
0000080000042000
0000000000800044
a040008040a40000
0210080004000040
2000008000000000
0000000001100040
0000000000000800
0000100000100000
0000100000000000
0030000040000029
0000100400002008
0000000600000000
8200220084000800
0000800201040000
0000000000042200
00800000c0000000
0000020000800000
2000000000000000
2000008000004009
0001180200004000
0040280000000000
0000200080000020
2020400204000240
0001000000000808
0000908400000224
0010008000100000
0280200000840000
0200720000000080
0080000000200000
0000080040004000
8000000000000200
00001000015004c0
0000080000000040
2010000040000200
2000008000200000
8020000080800040
0200020000000040
0080000000002000
0000080020800201
2000000001800000
2080008140304080
00400002000002c0
00402a0001000000
0001080001400000
2000400404200000
0000400000000044
0000000000000c00
0200000000200600
0000100080000880
0010000100000000
2000800001000000
0000200000200000
2000080020000000
0000200001000040
0000000000000000
2000408000000200
1000000000000000
0000000800000000
0000000000000000
0000002800000000
0000000000000000
0000002000000000
4000000000000000
0000040800000000
0000000000000000
0000040000000000
0000000000000000
0000040000000000
0000000000000000
0000000000000000
0000002000000000
0000000000000000
0000000000000000
0000000000000000
0000000000080000
0000042000000000
0002002000080000
0000000800080000
4000000000000000
0000000000000000
0000000000080000
0000040000000000
0000002800000000
0000000000000000
0000042000000000
0000002000080000
0000000000000000
0000000000000000
0000002000000000
0000000000000000
0000000800000000
0000002000080000
0000000000080000
1000000000000000
1000042000000000
0000000000000000
0000000000000000
0000040000000000
4000000000000000
0000000000000000
0000000000000000
1000040000000000
4000000000000000
1000000000000000
0002040000000000
5000000000000000
0000040800080000
0000000000000000
1000040000000000
0000000800000000
0000000000000000
1000000000000000
0002042000000000
0000000000000000
0000002000000000
0000000000080000
0000000800000000
0000000000000000
0000040000000000
0000000000000000
0000100000100000
0000000000000880
0000000000000000
0000000001002004
0000000000040000
0000100010000000
0000000000000005
0080000000400041
0000000000042000
0000000000800044
8000000000840000
0010000010000040
0000000000000000
0000000001100040
0000000000000800
0000100000100000
0000100000000000
0010000000000021
0000100000002000
0000000010000000
8000220080000800
0000000001040000
0000000000042000
0080000080000000
0000020000800000
0000000000000000
0000000000000001
0000100000000000
0000200000000000
0000200090000020
0000000000000040
0000000000000800
0000100000000024
0010000000100000
0080200000840000
0000320000000080
0080000000000000
0000000000000000
8000000000000000
00001000015000c0
0000000000000040
0010000000000000
0000000000000000
8000000080800040
0000020000000040
0080000000002000
0000000000800001
0000000001800000
0080000000100080
00000000000000c0
0000220001000000
0000000001400000
0000000000000000
0000000000000044
0000000000000800
0000000000000000
0000100080000880
0010000000000000
0000000011000000
0000200000000000
0000000000000000
0000200011000040
0000000000000000
0000000000000000
0000000000000010
0800000000000000
0000000000001000
0000000000010000
0000000000010000
0000000000000000
0000001000000000
0000000000000000
0100000000000000
0000000000000000
0000001000000000
0000000000000000
0000001000000100
0000000000000000
0000000000000000
0000000000010000
0000000000001000
0000000000000110
0000000000000010
0000000000010000
0000000000000000
0000000000000000
0000000000000000
0000000000000000
0800000000010000
0100000000000010
0000000000000000
0000000000000000
0000000000000000
0000000000000100
0000000000000000
0000000000000000
0000000000010000
0100000000000000
0000000000000000
0000000000010000
0000000000010000
0000000000000000
0000000000000010
0000001000000000
0000000000000000
0000000000000000
0000000000001000
0100000000000000
0800000000000000
0000000000000000
0000000000000000
0000000000000000
0000000000000000
0800000000000000
0100000000000000
0000000000000010
0000000000000110
0000000000000000
0800000000000000
0000000000000000
0000000000000000
0000000000000000
0000000000010010
0000001000000000
0000001000000000
0000000000001100
0100000000000000
0800000000000000
0000000000000000
0000000000000000
0000000000000000
0000000000000000
0000000000000000
0000000000000000
0000000000000000
0000000000000000
0000000000000000
0000000000000000
0000000000000000
0000000000000000
0000000000000000
0000000000000000
0000000000000000
0000000000000000
0000000000000000
0000000000000000
0000000000000000
0000000000000000
0000000000000000
0000000000000000
0000000000000000
0000000000000000
0000000000000000
0000000000000000
0000000000000000
0000000000000000
0000000000000000
0000000000000000
0000000000000000
0000000000000000
0000000000000000
0000000000000000
0000000000000000
0000000000000000
0000000000000000
0000000000000000
0000000000000000
0000000000000000
0000000000000000
0000000000000000
0000000000000000
0000000000000000
0000000000000000
0000000000000000
0000000000000000
0000000000000000
0000000000000000
0000000000000000
0000000000000000
0000000000000000
0000000000000000
0000000000000000
0000000000000000
0000000000000000
0000000000000000
0000000000000000
0000000000000000
0000000000000000
0000000000000000
0000000000000000
0000000000000000
0000000000000000
0000000000000000
0000000000000000
0000000000000000
0000000000000000
0000000000000000
0000000000000000
0000000000000000
0000000000000000
0000000000000000
0000000000000000
0000000000000000
0000000000000000
0000000000000000
0000000000000000
0000000000000000
0000000000000000
0000000000000000
0000000000000000
0000000000000000
0000000000000000
0000000000000000
0000000000000000
0000000000000000
0000000000000000
0000000000000000
0000000000000000
0000000000000000
0000000000000000
0000000000000000
0000000000000000
0000000000000000
0000000000000000
0000000000000000
0000000000000000
0000000000000000
0000000000000000
0000000000000000
0000000000000000
0000000000000000
0000000000000000
0000000000000000
0000000000000000
0000000000000000
0000000000000000
0000000000000000
0000000000000000
0000000000000000
0000000000000000
0000000000000000
0000000000000000
0000000000000000
0000000000000000
0000000000000000
0000000000000000
0000000000000000
0000000000000000
0000000000000000
0000000000000000
0000000000000000
0000000000000000
0000000000000000
0000000000000000
0000000000000000
0000000000000000
0000100000100000
0000000000000880
0000000000000000
0000000001002004
0000000000040000
0000100000000000
0000000000000005
0080000000400041
0000000000042000
0000000000800044
8000000000840000
0010000000000040
0000000000000000
0000000001100040
0000000000000800
0000100000100000
0000100000000000
0010000000000021
0000100000002000
0000000000000000
8000220080000800
0000000001040000
0000000000042000
0080000080000000
0000020000800000
0000000000000000
0000000000000001
0000100000000000
0000200000000000
0000200080000020
0000000000000040
0000000000000800
0000100000000024
0010000000100000
0080200000840000
0000320000000080
0080000000000000
0000000000000000
8000000000000000
00001000015000c0
0000000000000040
0010000000000000
0000000000000000
8000000080800040
0000020000000040
0080000000002000
0000000000800001
0000000001800000
0080000000100080
00000000000000c0
0000220001000000
0000000001400000
0000000000000000
0000000000000044
0000000000000800
0000000000000000
0000100080000880
0010000000000000
0000000001000000
0000200000000000
0000000000000000
0000200001000040
0000000000000000
0000000000000000
0000000000000000
0000000000000000
0000000000000000
0000000000000000
0000000000000000
0000000000000000
0000000000000000
0000000000000000
0000000000000000
0000000000000000
0000000000000000
0000000000000000
0000000000000000
0000000000000000
0000000000000000
0000000000000000
0000000000000000
0000000000000000
0000000000000000
0000000000000000
0000000000000000
0000000000000000
0000000000000000
0000000000000000
0000000000000000
0000000000000000
0000000000000000
0000000000000000
0000000000000000
0000000000000000
0000000000000000
0000000000000000
0000000000000000
0000000000000000
0000000000000000
0000000000000000
0000000000000000
0000000000000000
0000000000000000
0000000000000000
0000000000000000
0000000000000000
0000000000000000
0000000000000000
0000000000000000
0000000000000000
0000000000000000
0000000000000000
0000000000000000
0000000000000000
0000000000000000
0000000000000000
0000000000000000
0000000000000000
0000000000000000
0000000000000000
0000000000000000
0000000000000000
0000000000000000
0000000000000000
0000000000000000
0000000000000000
0000000000000000
0000000000000000
1000100200300400
0000800000200880
0000400400001000
0000002041006004
0000080020040000
000010a040000400
4000000000000005
0081040000400041
0100080000042000
0000040000800044
a040008040a40000
02100c0004000040
2000008000000000
0000000001100040
0000002000000800
0000100000100000
0000100000001000
0030000040000029
0000100400082008
0000042600000000
8200222084080800
00008002010c0000
4000000000042200
00800000c0000000
0000020000880000
2100040000000000
200000a000004009
0001180200004000
00402c2000000000
0000202080080020
2020400204000240
0001000000000808
000090a400000224
0110008000100000
0280200000840000
0200722000080080
0080000000280000
1000080040004000
9000042000000200
00001000015004c0
0000080000000040
2010040040000200
6000008000201000
8120000080800040
0200020000000040
1080040000002000
4000080020800201
3000000001800000
2080048140304080
50400002000002c0
01402e0001080000
0001080001400000
3000440404200000
0000400000000044
0000000000000c00
1200000000200600
0000142080000880
0010000100000000
2000802001000000
0000200000280000
2000080020000000
0000200001001040
0100040000000000
2000408000000200
0000000000000000
0000000000000000
0000000000000000
0000000000010000
0000000000010000
0000000000000000
0000000000000000
0000000000000000
0000000000000000
0000010000000000
0000000000000000
0000000000000000
0000000000000000
0000000000000000
0000010000000000
0000000000010000
0000000000000000
0000000000000000
0000000000000000
0000000000010000
0000000000000000
0000000000000000
0000000000000000
0000000000000000
0000000000010000
0000000000000000
0000000000000000
0000000000000000
0000000000000000
0000000000000000
0000000000000000
0000000000000000
0000000000010000
0000000000000000
0000000000000002
0000000000010000
0000000000010000
0000000000000000
0000000000000000
0000000000000000
0000000000000000
0000000000000000
0000000000000002
0000000000000000
0000000000000002
0000010000000000
0000000000000000
0000000000000000
0000000000000002
0000000000000000
0000000000000000
0000000000000000
0000000000000002
0000000000000000
0000000000000000
0000000000000000
0000000000000000
0000000000000000
0000000000010002
0000000000000000
0000000000000000
0000000000000000
0000000000000000
0000000000000000
0000100000100000
0000000000000880
0000000000000000
0000000001002004
0000000000040000
0000100000000000
0000000000000005
0080000000400041
0000000000042000
0000000000800044
8000000000840000
0010000000000040
0000000000000000
0000000001100040
0000000000000800
0000100000100000
0000100000000000
0010000000000021
0000100000002000
0000000000000000
8000220080000800
0000000001040000
0000000000042000
0080000080000000
0000020000800000
0000000000000000
0000000000000001
0000100000000000
0000200000000000
0000200080000020
0000000000000040
0000000000000800
0000100000000024
0010000000100000
0080200000840000
0000320000000080
0080000000000000
0000000000000000
8000000000000000
00001000015000c0
0000000000000040
0010000000000000
0000000000000000
8000000080800040
0000020000000040
0080000000002000
0000000000800001
0000000001800000
0080000000100080
00000000000000c0
0000220001000000
0000000001400000
0000000000000000
0000000000000044
0000000000000800
0000000000000000
0000100080000880
0010000000000000
0000000001000000
0000200000000000
0000000000000000
0000200001000040
0000000000000000
0000000000000000
0000000000000000
0000000000000000
0000000000000000
0000000000000000
0000000000000000
0000000000000000
0000000000000000
0000000000000000
0100000000000000
0000000000000000
0000000000000000
0000000000000000
0000000000000000
0000000000000000
0000000000000000
0000000000000000
0000000000000000
0000000000000000
0000000000000000
0000000000000000
0000000000000000
0000000000000000
0000000000000000
0000000000000000
0000000000000000
0100000000000000
0000000000000000
0000000000000000
0000000000000000
0000000000000000
0000000000000000
0000000000000000
0000000000000000
0100000000000000
0000000000000000
0000000000000000
0000000000000000
0000000000000000
0000000000000000
0000000000000000
0000000000000000
0000000000000000
0000000000000000
0100000000000000
0000000000000000
0000000000000000
0000000000000000
0000000000000000
0000000000000000
0000000000000000
0100000000000000
0000000000000000
0000000000000000
0000000000000000
0000000000000000
0000000000000000
0000000000000000
0000000000000000
0000000000000000
0000000000000000
0000000000000000
0000000000000000
0100000000000000
0000000000000000
1000100200300400
0000800000200880
0000400400001000
0000002041006004
0000080020040000
000010a040000400
4000000000000005
0081040000400041
0000080000042000
0000040000800044
a040008040a40000
02100c0004000040
2000008000000000
0000000001100040
0000002000000800
0000100000100000
0000100000001000
0030000040000029
0000100400082008
0000042600000000
8200222084080800
00008002010c0000
4000000000042200
00800000c0000000
0000020000880000
2000040000000000
200000a000004009
0001180200004000
00402c2000000000
0000202080080020
2020400204000240
0001000000000808
000090a400000224
0010008000100000
0280200000840000
0200722000080080
0080000000280000
1000080040004000
9000042000000200
00001000015004c0
0000080000000040
2010040040000200
6000008000201000
8020000080800040
0200020000000040
1080040000002000
4000080020800201
3000000001800000
2080048140304080
50400002000002c0
00402e0001080000
0001080001400000
3000440404200000
0000400000000044
0000000000000c00
1200000000200600
0000142080000880
0010000100000000
2000802001000000
0000200000280000
2000080020000000
0000200001001040
0000040000000000
2000408000000200
0000000000000010
0000000800000000
0000000000000000
0000000800000000
0000000000000000
0000000010000000
0000001000000000
0000000800000000
0000000000000000
0000000000000000
0000001000000000
0000000010000000
0000001000000000
0000000000000000
0000000000000000
0000000000000000
0000000000000000
0000000000000010
0000000000000010
0000000010000000
0002000000000000
0000000800000000
0000000000000000
0000000000000000
0000000000000000
0000000000000010
0000000800000000
0000000000000000
0000000000000000
0000000010000000
0000000000000000
0000000000000000
0000000000000000
0000000000000000
0000000800000000
0000000000000000
0000000000000000
0000000000000000
0000000000000010
0000001000000000
0000000000000000
0000000000000000
0000000000000000
0000000000000000
0000000000000000
0000000000000000
0000000000000000
0000000000000000
0002000000000000
0000000000000000
0000000800000000
0000000000000010
0000000000000010
0000000800000000
0000000000000000
0000000000000000
0002000000000000
0000000000000000
0000000010000010
0000001000000000
0000001800000000
0000000010000000
0000000000000000
0000000000000000
0400100000100000
0800000000000880
0000000000000000
0000000001012004
0000000000050000
0004104000000000
0000000000000005
0080000000400041
0408000000042000
0000010000800044
8400000000840000
0010000002000040
0000000000000100
0000000001100040
0400010000000800
0000100000110000
0004100000000000
0010000000000121
0000100000002000
0000000000010000
8000220080000800
0000000001040000
0000000000042000
0080000080000000
0800020000810000
0000000000000000
0000000000000001
0000100000000000
0008200000000000
0000200080000120
0000004000000040
0000000000000800
0000100000010024
0018000000100000
0480200000840002
0000320000010080
0484000002010000
0000000000000000
8000000000000000
00001000015000c0
0000000000000040
0010000000000000
0404000000000002
8000000080800040
0800024000000042
0080014000002000
0000000000800001
0000000001800000
0080000000100082
08000000000000c0
0008220001000000
0000000001400000
0004000000000102
0000000000000044
0800000000000800
0008000000000000
0004100080000880
0014004000000000
0000000001010002
0000204000000000
0004000000000000
0004200001000140
0000000000000000
0804000000000000
0000000000000000
0000000000000000
0000000000000000
0000000000000000
0000000000000000
0000000000000000
0000000000000000
0000000000000000
0100000000000000
0000000000000000
0000000008000000
0000000000000000
0000000000000000
0000000000000000
0000000008000000
0000000000000000
0000000008000000
0000000000000000
0000000008000000
0000000000000000
0000000000000000
0000000000000000
0000000000000000
0000000000000000
0000000000000000
0100000000000000
0000000000000000
0000000000020000
0000000000000000
0000000000000000
0000000000000000
0000000000008000
0000000000020000
0100000000020000
0000000000000000
0000000000020000
0000000000008000
0000000000000000
0000000000020000
0000000000000000
0000000000000000
0000000000000000
0000000000000000
0100000000000000
0000000008008000
0000000000000000
0000000000000000
0000000000000000
0000000000000000
0000000000020000
0100000000020000
0000000000000000
0000000000000000
0000000000000000
0000000000000000
0000000000000000
0000000000000000
0000000000000000
0000000000000000
0000000000000000
0000000000000000
0000000008020000
0100000000000000
0000000000000000
1000100200300400
0000800000200880
0000400400001000
0000002041006004
0000080020040000
000010a040000400
4000000000000005
0081040000400041
0000080000042000
0000040000800044
a040008040a40000
02100c0004000040
2000008000000000
0000000001100040
0000002000000800
0000100000100000
0000100000001000
0030000040000029
0000100400082008
0000042600000000
8200222084080800
00008002010c0000
4000000000042200
00800000c0000000
0000020000880000
2000040000000000
200000a000004009
0001180200004000
00402c2000000000
0000202080080020
2020400204000240
0001000000000808
000090a400000224
0010008000100000
0280200000840000
0200722000080080
0080000000280000
1000080040004000
9000042000000200
00001000015004c0
0000080000000040
2010040040000200
6000008000201000
8020000080800040
0200020000000040
1080040000002000
4000080020800201
3000000001800000
2080048140304080
50400002000002c0
00402e0001080000
0001080001400000
3000440404200000
0000400000000044
0000000000000c00
1200000000200600
0000142080000880
0010000100000000
2000802001000000
0000200000280000
2000080020000000
0000200001001040
0000040000000000
2000408000000200
0000000000000000
0000000000000000
0000000000000000
0000000000000000
0000000000000000
0000000000000000
0000000000000000
0000000000000000
0000000000000000
0000000000000000
0000000000000000
0000000000000000
0000000000000000
0000000000000000
0000000000000000
0000000000000000
0000000000000000
0000000000000000
0000000000000000
0000000000000000
0000000000000000
0000000000000000
0000000000000000
0000000000000000
0000000000000000
0000000000000000
0000000000000000
0000000000000000
0000000000000000
0000000000000000
0000000000000000
0000000000000000
0000000000000000
0000000000000000
0000000000000000
0000000000000000
0000000000000000
0000000000000000
0000000000000000
0000000000000000
0000000000000000
0000000000000000
0000000000000000
0000000000000000
0000000000000000
0000000000000000
0000000000000000
0000000000000000
0000000000000000
0000000000000000
0000000000000000
0000000000000000
0000000000000000
0000000000000000
0000000000000000
0000000000000000
0000000000000000
0000000000000000
0000000000000000
0000000000000000
0000000000000000
0000000000000000
0000000000000000
0000000000000000
0000100000100000
0000000000000880
0000000000000000
0000000001012004
0000000000050000
0000100000000000
0000000000000005
0080000000400041
0000000000042000
0000000000800044
8000000000840000
0010000000000040
0000000000000000
0000000001100040
0000000000000800
0000100000110000
0000100000000000
0010000000000021
0000100000002000
0000000000010000
8000220080000800
0000000001040000
0000000000042000
0080000080000000
0000020000810000
0000000000000000
0000000000000001
0000100000000000
0000200000000000
0000200080000020
0000000000000040
0000000000000800
0000100000010024
0010000000100000
0080200000840000
0000320000010080
0080000000010000
0000000000000000
8000000000000000
00001000015000c0
0000000000000040
0010000000000000
0000000000000000
8000000080800040
0000020000000040
0080000000002000
0000000000800001
0000000001800000
0080000000100080
00000000000000c0
0000220001000000
0000000001400000
0000000000000000
0000000000000044
0000000000000800
0000000000000000
0000100080000880
0010000000000000
0000000001010000
0000200000000000
0000000000000000
0000200001000040
0000000000000000
0000000000000000
0000000000000000
0000000000000000
0000000000000000
0000000000000000
0000000000000000
0000000000000000
0000000000000000
0000000000000000
0100000000000000
0000010000000000
0000000000000000
0000000000000000
0000000000000000
0000000000000000
0000010000000000
0000000000000000
0000000000000000
0000000000000000
0000000000000000
0000000000000000
0000000000000000
0000000000000000
0000000000000000
0000000000000000
0000000000000000
0100000000000000
0000000000000000
0000000000000000
0000000000000000
0000000000000000
0000000000000000
0000000000000000
0000000000000000
0100000000000000
0000000000000002
0000000000000000
0000000000000000
0000000000000000
0000000000000000
0000000000000000
0000000000000000
0000000000000000
0000000000000002
0100000000000000
0000000000000002
0000010000000000
0000000000000000
0000000000000000
0000000000000002
0000000000000000
0100000000000000
0000000000000000
0000000000000002
0000000000000000
0000000000000000
0000000000000000
0000000000000000
0000000000000000
0000000000000002
0000000000000000
0000000000000000
0000000000000000
0100000000000000
0000000000000000
1000100200300400
0000800000200880
0000400400001000
0000002041006004
0000080020040000
000010a040000400
4000000000000005
0081040000400041
0000080000042000
0000040000800044
a040008040a40000
02100c0004000040
2000008000000000
0000000001100040
0000002000000800
0000100000100000
0000100000001000
0030000040000029
0000100400082008
0000042600000000
8200222084080800
00008002010c0000
4000000000042200
00800000c0000000
0000020000880000
2000040000000000
200000a000004009
0001180200004000
00402c2000000000
0000202080080020
2020400204000240
0001000000000808
000090a400000224
0010008000100000
0280200000840000
0200722000080080
0080000000280000
1000080040004000
9000042000000200
00001000015004c0
0000080000000040
2010040040000200
6000008000201000
8020000080800040
0200020000000040
1080040000002000
4000080020800201
3000000001800000
2080048140304080
50400002000002c0
00402e0001080000
0001080001400000
3000440404200000
0000400000000044
0000000000000c00
1200000000200600
0000142080000880
0010000100000000
2000802001000000
0000200000280000
2000080020000000
0000200001001040
0000040000000000
2000408000000200
0000000000000000
0000000800000000
0000000000000000
0000000800000000
0000000000000000
0000000010000000
0000000000000000
0000000800000000
0000000000000000
0000000000000000
0000000000000000
0000000010000000
0000000000000000
0000000000000000
0000000000000000
0000000000000000
0000000000000000
0000000000000000
0000000000000000
0000000010000000
0002000000000000
0000000800000000
0000000000000000
0000000000000000
0000000000000000
0000000000000000
0000000800000000
0000000000000000
0000000000000000
0000000010000000
0000000000000000
0000000000000000
0000000000000000
0000000000000000
0000000800000000
0000000000000000
0000000000000000
0000000000000000
0000000000000000
0000000000000000
0000000000000000
0000000000000000
0000000000000000
0000000000000000
0000000000000000
0000000000000000
0000000000000000
0000000000000000
0002000000000000
0000000000000000
0000000800000000
0000000000000000
0000000000000000
0000000800000000
0000000000000000
0000000000000000
0002000000000000
0000000000000000
0000000010000000
0000000000000000
0000000800000000
0000000010000000
0000000000000000
0000000000000000
0000100000100010
0000000000000880
0000000000000000
0000000001002004
0000000000040000
0000100000000000
0000001000000005
0080000000400041
0000000000042000
0000000000800044
8000001000840000
0010000000000040
0000001000000000
0000000001100040
0000000000000800
0000100000100000
0000100000000000
0010000000000031
0000100000002010
0000000000000000
8000220080000800
0000000001040000
0000000000042000
0080000080000000
0000020000800000
0000000000000010
0000000000000001
0000100000000000
0000200000000000
0000200080000020
0000000000000040
0000000000000800
0000100000000024
0010000000100000
0080200000840000
0000320000000080
0080000000000000
0000000000000000
8000000000000010
00001010015000c0
0000000000000040
0010000000000000
0000000000000000
8000000080800040
0000020000000040
0080000000002000
0000000000800001
0000000001800000
0080000000100080
00000000000000c0
0000220001000000
0000000001400010
0000000000000010
0000000000000044
0000000000000800
0000000000000000
0000100080000880
0010000000000000
0000000001000010
0000201000000000
0000001000000000
0000200001000040
0000000000000000
0000000000000000
0000000000000000
0800000000000000
0000000000000000
0000000000010000
0000000000010000
0000000000000000
0000000000000000
0000000000000000
0108000000000000
0000000000000000
0000000000000000
0000000000000000
0000000000000100
0000000000000000
0000000000000000
0000000000010000
0000000000000000
0000000000000100
0000000000000000
0000000000010000
0000000000000000
0000000000000000
0000000000000000
0000000000000000
0800000000010000
0100000000000000
0000000000000000
0000000000000000
0008000000000000
0000000000000100
0000000000000000
0000000000000000
0000000000010000
0108000000000000
0000000000000000
0000000000010000
0000000000010000
0000000000000000
0000000000000000
0000000000000000
0000000000000000
0000000000000000
0000000000000000
0100000000000000
0800000000000000
0000000000000000
0000000000000000
0000000000000000
0000000000000000
0800000000000000
0108000000000000
0000000000000000
0000000000000100
0000000000000000
0800000000000000
0008000000000000
0000000000000000
0000000000000000
0000000000010000
0000000000000000
0000000000000000
0000000000000100
0100000000000000
0800000000000000
0000000000000000
0000000000000000
0000000000000000
0000000000000000
0000000000000000
0000000000000000
0000000000000000
0000000000000000
0000000000000000
0000000000000000
0000000000000000
0000000000000000
0000000000000000
0000000000000000
0000000000000000
0000000000000000
0000000000000000
0000000000000000
0000000000000000
0000000000000000
0000000000000000
0000000000000000
0000000000000000
0000000000000000
0000000000000000
0000000000000000
0000000000000000
0000000000000000
0000000000000000
0000000000000000
0000000000000000
0000000000000000
0000000000000000
0000000000000000
0000000000000000
0000000000000000
0000000000000000
0000000000000000
0000000000000000
0000000000000000
0000000000000000
0000000000000000
0000000000000000
0000000000000000
0000000000000000
0000000000000000
0000000000000000
0000000000000000
0000000000000000
0000000000000000
0000000000000000
0000000000000000
0000000000000000
0000000000000000
0000000000000000
0000000000000000
0000000000000000
0000000000000000
0000000000000000
0000000000000000
0000000000000000
0000000000000000
0000000000000000
0000000000000000
0000000000000000
0000000000000000
0000000000000000
0000000000000000
0000000000000000
0000000000000000
0000000000000000
0000000000000000
0000000000000000
0000000000000000
0000000000000000
0000000000000000
0000000000000000
0000000000000000
0000000000000000
0000000000000000
0000000000000000
0000000000000000
0000000000000000
0000000000000000
0000000000000000
0000000000000000
0000000000000000
0000000000000000
0000000000000000
0000000000000000
0000000000000000
0000000000000000
0000000000000000
0000000000000000
0000000000000000
0000000000000000
0000000000000000
0000000000000000
0000000000000000
0000000000000000
0000000000000000
0000000000000000
0000000000000000
0000000000000000
0000000000000000
0000000000000000
0000000000000000
0000000000000000
0000000000000000
0000000000000000
0000000000000000
0000000000000000
0000000000000000
0000000000000000
0000000000000000
0000000000000000
0000000000000000
0000000000000000
0000000000000000
0000000000000000
0000000000000000
0000000000000000
0000000000000000
0000000000000000
0000000000000000
0000000000000000
0000000000000000
0000000000000000
0000100000100000
0000000000000880
0000000000000000
0000000001002004
0000000000040000
0000100000000000
0000000000000005
0080000000400041
0000000000042000
0000000000800044
8000000000840000
0010000000000040
0000000000000000
0000000001100040
0000000000000800
0000100000100000
0000100000000000
0010000000000021
0000100000002000
0000000000000000
8000220080000800
0000000001040000
0000000000042000
0080000080000000
0000020000800000
0000000000000000
0000000000000001
0000100000000000
0000200000000000
0000200080000020
0000000000000040
0000000000000800
0000100000000024
0010000000100000
0080200000840000
0000320000000080
0080000000000000
0000000000000000
8000000000000000
00001000015000c0
0000000000000040
0010000000000000
0000000000000000
8000000080800040
0000020000000040
0080000000002000
0000000000800001
0000000001800000
0080000000100080
00000000000000c0
0000220001000000
0000000001400000
0000000000000000
0000000000000044
0000000000000800
0000000000000000
0000100080000880
0010000000000000
0000000001000000
0000200000000000
0000000000000000
0000200001000040
0000000000000000
0000000000000000
0000000000000000
0000000000000000
0000000000000000
0000000000000000
0000000000000000
0000000000000000
0000000000000000
0000000000000000
0000000000000000
0000000000000000
0000000000000000
0000000000000000
0000000000000000
0000000000000000
0000000000000000
0000000000000000
0000000000000000
0000000000000000
0000000000000000
0000000000000000
0000000000000000
0000000000000000
0000000000000000
0000000000000000
0000000000000000
0000000000000000
0000000000000000
0000000000000000
0000000000000000
0000000000000000
0000000000000000
0000000000000000
0000000000000000
0000000000000000
0000000000000000
0000000000000000
0000000000000000
0000000000000000
0000000000000000
0000000000000000
0000000000000000
0000000000000000
0000000000000000
0000000000000000
0000000000000000
0000000000000000
0000000000000000
0000000000000000
0000000000000000
0000000000000000
0000000000000000
0000000000000000
0000000000000000
0000000000000000
0000000000000000
0000000000000000
0000000000000000
0000000000000000
0000000000000000
0000000000000000
0000000000000000
0000000000000000
0000000000000000
0000000000000000
1000100200300400
0000800000200880
0000400400001000
0000002041006004
0000080020040000
000010a040000400
4000000000000005
0081040000400041
0100080000042000
0000040000800044
a040008040a40000
02100c0004000040
2000008000000000
0000000001100040
0000002000000800
0000100000100000
0000100000001000
0030000040000029
0000100400082008
0000042600000000
8200222084080800
00008002010c0000
4000000000042200
00800000c0000000
0000020000880000
2100040000000000
200000a000004009
0001180200004000
00402c2000000000
0000202080080020
2020400204000240
0001000000000808
000090a400000224
0110008000100000
0280200000840000
0200722000080080
0080000000280000
1000080040004000
9000042000000200
00001000015004c0
0000080000000040
2010040040000200
6000008000201000
8120000080800040
0200020000000040
1080040000002000
4000080020800201
3000000001800000
2080048140304080
50400002000002c0
01402e0001080000
0001080001400000
3000440404200000
0000400000000044
0000000000000c00
1200000000200600
0000142080000880
0010000100000000
2000802001000000
0000200000280000
2000080020000000
0000200001001040
0100040000000000
2000408000000200
0000000000000000
0000000000000000
0000000000000000
0000000000010000
0000000000010000
0000000000000000
0000000000000000
0000000000000000
0000000000000000
0000010000000000
0000000000000000
0000000000000000
0000000000000000
0000000000000000
0000010000000000
0000000000010000
0000000000000000
0000000000000000
0000000000000000
0000000000010000
0000000000000000
0000000000000000
0000000000000000
0000000000000000
0000000000010000
0000000000000000
0000000000000000
0000000000000000
0000000000000000
0000000000000000
0000000000000000
0000000000000000
0000000000010000
0000000000000000
0000000000000002
0000000000010000
0000000000010000
0000000000000000
0000000000000000
0000000000000000
0000000000000000
0000000000000000
0000000000000002
0000000000000000
0000000000000002
0000010000000000
0000000000000000
0000000000000000
0000000000000002
0000000000000000
0000000000000000
0000000000000000
0000000000000002
0000000000000000
0000000000000000
0000000000000000
0000000000000000
0000000000000000
0000000000010002
0000000000000000
0000000000000000
0000000000000000
0000000000000000
0000000000000000
0000100000100000
0000000000000880
0000000000000000
0000000001002004
0000000000040000
0000100000000000
0000000000000005
0080000000400041
0000000000042000
0000000000800044
8000000000840000
0010000000000040
0000000000000000
0000000001100040
0000000000000800
0000100000100000
0000100000000000
0010000000000021
0000100000002000
0000000000000000
8000220080000800
0000000001040000
0000000000042000
0080000080000000
0000020000800000
0000000000000000
0000000000000001
0000100000000000
0000200000000000
0000200080000020
0000000000000040
0000000000000800
0000100000000024
0010000000100000
0080200000840000
0000320000000080
0080000000000000
0000000000000000
8000000000000000
00001000015000c0
0000000000000040
0010000000000000
0000000000000000
8000000080800040
0000020000000040
0080000000002000
0000000000800001
0000000001800000
0080000000100080
00000000000000c0
0000220001000000
0000000001400000
0000000000000000
0000000000000044
0000000000000800
0000000000000000
0000100080000880
0010000000000000
0000000001000000
0000200000000000
0000000000000000
0000200001000040
0000000000000000
0000000000000000
0000000000000000
0000000000000000
0000000000000000
0000000000000000
0000000000000000
0000000000000000
0000000000000000
0000000000000000
0100000000000000
0000000000000000
0000000000000000
0000000000000000
0000000000000000
0000000000000000
0000000000000000
0000000000000000
0000000000000000
0000000000000000
0000000000000000
0000000000000000
0000000000000000
0000000000000000
0000000000000000
0000000000000000
0000000000000000
0100000000000000
0000000000000000
0000000000000000
0000000000000000
0000000000000000
0000000000000000
0000000000000000
0000000000000000
0100000000000000
0000000000000000
0000000000000000
0000000000000000
0000000000000000
0000000000000000
0000000000000000
0000000000000000
0000000000000000
0000000000000000
0100000000000000
0000000000000000
0000000000000000
0000000000000000
0000000000000000
0000000000000000
0000000000000000
0100000000000000
0000000000000000
0000000000000000
0000000000000000
0000000000000000
0000000000000000
0000000000000000
0000000000000000
0000000000000000
0000000000000000
0000000000000000
0000000000000000
0100000000000000
0000000000000000
1000100200300400
0000800000200880
0000400400001000
0000002041006004
0000080020040000
000010a040000400
4000000000000005
0081040000400041
0000080000042000
0000040000800044
a040008040a40000
02100c0004000040
2000008000000000
0000000001100040
0000002000000800
0000100000100000
0000100000001000
0030000040000029
0000100400082008
0000042600000000
8200222084080800
00008002010c0000
4000000000042200
00800000c0000000
0000020000880000
2000040000000000
200000a000004009
0001180200004000
00402c2000000000
0000202080080020
2020400204000240
0001000000000808
000090a400000224
0010008000100000
0280200000840000
0200722000080080
0080000000280000
1000080040004000
9000042000000200
00001000015004c0
0000080000000040
2010040040000200
6000008000201000
8020000080800040
0200020000000040
1080040000002000
4000080020800201
3000000001800000
2080048140304080
50400002000002c0
00402e0001080000
0001080001400000
3000440404200000
0000400000000044
0000000000000c00
1200000000200600
0000142080000880
0010000100000000
2000802001000000
0000200000280000
2000080020000000
0000200001001040
0000040000000000
2000408000000200
0000000000000010
0800000800000000
0000000000000000
0000000800000000
0000000000000000
0000004010000000
0000001000000000
0000000800000000
0000000000000000
0000000000000000
0000001000000000
0000000010000000
0000001000000000
0000000000000000
0000000000000000
0000000000000000
0000000000000000
0000000000000010
0000000000000010
0000000010000000
0002000000000000
0000000800000000
0000000000000000
0000000000000000
0800000000000000
0000000000000010
0000000800000000
0000000000000000
0000000000000000
0000000010000000
0000004000000000
0000000000000000
0000000000000000
0000000000000000
0000000800000000
0000000000000000
0000000000000000
0000000000000000
0000000000000010
0000001000000000
0000000000000000
0000000000000000
0000000000000000
0000000000000000
0800004000000000
0000004000000000
0000000000000000
0000000000000000
0002000000000000
0800000000000000
0000000800000000
0000000000000010
0000000000000010
0000000800000000
0800000000000000
0000000000000000
0002000000000000
0000004000000000
0000000010000010
0000005000000000
0000001800000000
0000000010000000
0000000000000000
0800000000000000
0400100000100000
0000000000000880
0000000000000000
0000000001012004
0000000000050000
0004100000000000
0000000000000005
0080000000400041
0408000000042000
0000010000800044
8400000000840000
0010000002000040
0000000000000100
0000000001100040
0400010000000800
0000100000110000
0004100000000000
0010000000000121
0000100000002000
0000000000010000
8000220080000800
0000000001040000
0000000000042000
0080000080000000
0000020000810000
0000000000000000
0000000000000001
0000100000000000
0008200000000000
0000200080000120
0000000000000040
0000000000008800
0000100000010024
0018000000100000
0480200000840002
0000320000010080
0484000002018000
0000000000000000
8000000000000000
00001000015000c0
0000000000000040
0010000000000000
0404000000000002
8000000080800040
0000020000008042
0080010000002000
0000000000800001
0000000001800000
0080000000100082
00000000000000c0
0008220001000000
0000000001400000
0004000000000102
0000000000000044
0000000000000800
0008000000000000
0004100080000880
0014000000000000
0000000001010002
0000200000000000
0004000000000000
0004200001000140
0000000000000000
0004000000000000
0000000000000000
0000000000000000
0000000000000000
0000000000000000
0000000000000000
0000000000000000
0000000000000000
0000000000000000
0100000000000000
0000000000000000
0000000008000000
0000000000000000
0000000000000000
0000000000000000
0000000008000000
0000000000000000
0000000008000000
0000000000000000
0000000008000000
0000000000000000
0000000000000000
0000000000000000
0000000000000000
0000000000000000
0000000000000000
0100000000000000
0000000000000000
0000000000020000
0000000000000000
0000000000000000
0000000000000000
0000000000000000
0000000000020000
0100000000020000
0000000000000000
0000000000020000
0000000000000000
0000000000000000
0000000000020000
0000000000000000
0000000000000000
0000000000000000
0000000000000000
0100000000000000
0000000008000000
0000000000000000
0000000000000000
0000000000000000
0000000000000000
0000000000020000
0100000000020000
0000000000000000
0000000000000000
0000000000000000
0000000000000000
0000000000000000
0000000000000000
0000000000000000
0000000000000000
0000000000000000
0000000000000000
0000000008020000
0100000000000000
0000000000000000
1000100200300400
0000800000200880
0000400400001000
0000002041006004
0000080020040000
000010a040000400
4000000000000005
0081040000400041
0000080000042000
0000040000800044
a040008040a40000
02100c0004000040
2000008000000000
0000000001100040
0000002000000800
0000100000100000
0000100000001000
0030000040000029
0000100400082008
0000042600000000
8200222084080800
00008002010c0000
4000000000042200
00800000c0000000
0000020000880000
2000040000000000
200000a000004009
0001180200004000
00402c2000000000
0000202080080020
2020400204000240
0001000000000808
000090a400000224
0010008000100000
0280200000840000
0200722000080080
0080000000280000
1000080040004000
9000042000000200
00001000015004c0
0000080000000040
2010040040000200
6000008000201000
8020000080800040
0200020000000040
1080040000002000
4000080020800201
3000000001800000
2080048140304080
50400002000002c0
00402e0001080000
0001080001400000
3000440404200000
0000400000000044
0000000000000c00
1200000000200600
0000142080000880
0010000100000000
2000802001000000
0000200000280000
2000080020000000
0000200001001040
0000040000000000
2000408000000200
0000000000000000
0000000000000000
0000000000000000
0000000000000000
0000000000000000
0000000000000000
0000000000000000
0000000000000000
0000000000000000
0000000000000000
0000000000000000
0000000000000000
0000000000000000
0000000000000000
0000000000000000
0000000000000000
0000000000000000
0000000000000000
0000000000000000
0000000000000000
0000000000000000
0000000000000000
0000000000000000
0000000000000000
0000000000000000
0000000000000000
0000000000000000
0000000000000000
0000000000000000
0000000000000000
0000000000000000
0000000000000000
0000000000000000
0000000000000000
0000000000000000
0000000000000000
0000000000000000
0000000000000000
0000000000000000
0000000000000000
0000000000000000
0000000000000000
0000000000000000
0000000000000000
0000000000000000
0000000000000000
0000000000000000
0000000000000000
0000000000000000
0000000000000000
0000000000000000
0000000000000000
0000000000000000
0000000000000000
0000000000000000
0000000000000000
0000000000000000
0000000000000000
0000000000000000
0000000000000000
0000000000000000
0000000000000000
0000000000000000
0000000000000000
0000100000100000
0000000000000880
0000000000000000
0000000001012004
0000000000050000
0000100000000000
0000000000000005
0080000000400041
0000000000042000
0000000000800044
8000000000840000
0010000000000040
0000000000000000
0000000001100040
0000000000000800
0000100000110000
0000100000000000
0010000000000021
0000100000002000
0000000000010000
8000220080000800
0000000001040000
0000000000042000
0080000080000000
0000020000810000
0000000000000000
0000000000000001
0000100000000000
0000200000000000
0000200080000020
0000000000000040
0000000000000800
0000100000010024
0010000000100000
0080200000840000
0000320000010080
0080000000010000
0000000000000000
8000000000000000
00001000015000c0
0000000000000040
0010000000000000
0000000000000000
8000000080800040
0000020000000040
0080000000002000
0000000000800001
0000000001800000
0080000000100080
00000000000000c0
0000220001000000
0000000001400000
0000000000000000
0000000000000044
0000000000000800
0000000000000000
0000100080000880
0010000000000000
0000000001010000
0000200000000000
0000000000000000
0000200001000040
0000000000000000
0000000000000000
0000000000000000
0000000000000000
0000000000000000
0000000000000000
0000000000000000
0000000000000000
0000000000000000
0000000000000000
0100000000000000
0000010000000000
0000000000000000
0000000000000000
0000000000000000
0000000000000000
0000010000000000
0000000000000000
0000000000000000
0000000000000000
0000000000000000
0000000000000000
0000000000000000
0000000000000000
0000000000000000
0000000000000000
0000000000000000
0100000000000000
0000000000000000
0000000000000000
0000000000000000
0000000000000000
0000000000000000
0000000000000000
0000000000000000
0100000000000000
0000000000000002
0000000000000000
0000000000000000
0000000000000000
0000000000000000
0000000000000000
0000000000000000
0000000000000000
0000000000000002
0100000000000000
0000000000000002
0000010000000000
0000000000000000
0000000000000000
0000000000000002
0000000000000000
0100000000000000
0000000000000000
0000000000000002
0000000000000000
0000000000000000
0000000000000000
0000000000000000
0000000000000000
0000000000000002
0000000000000000
0000000000000000
0000000000000000
0100000000000000
0000000000000000
1000100200300400
0000800000200880
0000400400001000
0000002041006004
0000080020040000
000010a040000400
4000000000000005
0081040000400041
0000080000042000
0000040000800044
a040008040a40000
02100c0004000040
2000008000000000
0000000001100040
0000002000000800
0000100000100000
0000100000001000
0030000040000029
0000100400082008
0000042600000000
8200222084080800
00008002010c0000
4000000000042200
00800000c0000000
0000020000880000
2000040000000000
200000a000004009
0001180200004000
00402c2000000000
0000202080080020
2020400204000240
0001000000000808
000090a400000224
0010008000100000
0280200000840000
0200722000080080
0080000000280000
1000080040004000
9000042000000200
00001000015004c0
0000080000000040
2010040040000200
6000008000201000
8020000080800040
0200020000000040
1080040000002000
4000080020800201
3000000001800000
2080048140304080
50400002000002c0
00402e0001080000
0001080001400000
3000440404200000
0000400000000044
0000000000000c00
1200000000200600
0000142080000880
0010000100000000
2000802001000000
0000200000280000
2000080020000000
0000200001001040
0000040000000000
2000408000000200
0000000000000000
0000000800000000
0000000000000000
0000000800000000
0000000000000000
0000000010000000
0000000000000000
0000000800000000
0000000000000000
0000000000000000
0000000000000000
0000000010000000
0000000000000000
0000000000000000
0000000000000000
0000000000000000
0000000000000000
0000000000000000
0000000000000000
0000000010000000
0002000000000000
0000000800000000
0000000000000000
0000000000000000
0000000000000000
0000000000000000
0000000800000000
0000000000000000
0000000000000000
0000000010000000
0000000000000000
0000000000000000
0000000000000000
0000000000000000
0000000800000000
0000000000000000
0000000000000000
0000000000000000
0000000000000000
0000000000000000
0000000000000000
0000000000000000
0000000000000000
0000000000000000
0000000000000000
0000000000000000
0000000000000000
0000000000000000
0002000000000000
0000000000000000
0000000800000000
0000000000000000
0000000000000000
0000000800000000
0000000000000000
0000000000000000
0002000000000000
0000000000000000
0000000010000000
0000000000000000
0000000800000000
0000000010000000
0000000000000000
0000000000000000
0000100000100010
0800000000000880
0000000000000000
0000000001002004
0000000000040000
0000100000000000
0000001000000005
0080000000400041
0000000000042000
0000000000800044
8000001000840000
0010000000000040
0000001000000000
0000000001100040
0000000000000800
0000100000100000
0000100000000000
0010000000000031
0000100000002010
0000000000000000
8000220080000800
0000000001040000
0000000000042000
0080000080000000
0800020000800000
0000000000000010
0000000000000001
0000100000000000
0000200000000000
0000200080000020
0000000000000040
0000000000000800
0000100000000024
0010000000100000
0080200000840000
0000320000000080
0080000000000000
0000000000000000
8000000000000010
00001010015000c0
0000000000000040
0010000000000000
0000000000000000
8000000080800040
0800020000000040
0080000000002000
0000000000800001
0000000001800000
0080000000100080
08000000000000c0
0000220001000000
0000000001400010
0000000000000010
0000000000000044
0800000000000800
0000000000000000
0000100080000880
0010000000000000
0000000001000010
0000201000000000
0000001000000000
0000200001000040
0000000000000000
0800000000000000
0400000000000000
0000000000000000
0000000000000000
0000000000010000
0000000000010000
0000004000000000
0000000000000000
0000000000000000
0508000000000000
0000000000000000
0400000000000000
0000000000000000
0000000000000100
0000000000000000
0400000000000000
0000000000010000
0000000000000000
0000000000000100
0000000000000000
0000000000010000
0000000000000000
0000000000000000
0000000000000000
0000000000000000
0000000000010000
0100000000000000
0000000000000000
0000000000000000
0008000000000000
0000000000000100
0000004000000000
0000000000000000
0000000000010000
0108000000000000
0400000000000000
0000000000010000
0400000000010000
0000000000000000
0000000000000000
0000000000000000
0000000000000000
0000000000000000
0400000000000000
0100000000000000
0000004000000000
0000004000000000
0000000000000000
0000000000000000
0000000000000000
0000000000000000
0108000000000000
0000000000000000
0000000000000100
0000000000000000
0000000000000000
0008000000000000
0000000000000000
0000004000000000
0000000000010000
0000004000000000
0000000000000000
0000000000000100
0100000000000000
0000000000000000
0000000000000000
0000000000000000
0000000000000000
0000000000000000
0000000000000000
0000000000000000
0000000000000000
0000000000000000
0000000000000000
0000000000000000
0000000000000000
0000000000000000
0000000000000000
0000000000000000
0000000000000000
0000000000000000
0000000000000000
0000000000000000
0000000000000000
0000000000000000
0000000000000000
0000000000000000
0000000000000000
0000000000000000
0000000000000000
0000000000000000
0000000000000000
0000000000000000
0000000000000000
0000000000000000
0000000000000000
0000000000000000
0000000000000000
0000000000000000
0000000000000000
0000000000000000
0000000000000000
0000000000000000
0000000000000000
0000000000000000
0000000000000000
0000000000000000
0000000000000000
0000000000000000
0000000000000000
0000000000000000
0000000000000000
0000000000000000
0000000000000000
0000000000000000
0000000000000000
0000000000000000
0000000000000000
0000000000000000
0000000000000000
0000000000000000
0000000000000000
0000000000000000
0000000000000000
0000000000000000
0000000000000000
0000000000000000
0000000000000000
0000000000000000
0000000000000000
0000000000000000
0000000000000000
0000000000000000
0000000000000000
0000000000000000
0000000000000000
0000000000000000
0000000000000000
0000000000000000
0000000000000000
0000000000000000
0000000000000000
0000000000000000
0000000000000000
0000000000000000
0000000000000000
0000000000000000
0000000000000000
0000000000000000
0000000000000000
0000000000000000
0000000000000000
0000000000000000
0000000000000000
0000000000000000
0000000000000000
0000000000000000
0000000000000000
0000000000000000
0000000000000000
0000000000000000
0000000000000000
0000000000000000
0000000000000000
0000000000000000
0000000000000000
0000000000000000
0000000000000000
0000000000000000
0000000000000000
0000000000000000
0000000000000000
0000000000000000
0000000000000000
0000000000000000
0000000000000000
0000000000000000
0000000000000000
0000000000000000
0000000000000000
0000000000000000
0000000000000000
0000000000000000
0000000000000000
0000000000000000
0000000000000000
0000000000000000
0000000000000000
0000000000000000
0000000000000000
0000000000000000
0000000000000000
0000000000000000
0000100000100000
0000000000000880
0000000000000000
0000000001002004
0000000000040000
0000100000000000
0000000000000005
0080000000400041
0000000000042000
0000000000800044
8000000000840000
0010000000000040
0000000000000000
0000000001100040
0000000000000800
0000100000100000
0000100000000000
0010000000000021
0000100000002000
0000000000000000
8000220080000800
0000000001040000
0000000000042000
0080000080000000
0000020000800000
0000000000000000
0000000000000001
0000100000000000
0000200000000000
0000200080000020
0000000000000040
0000000000000800
0000100000000024
0010000000100000
0080200000840000
0000320000000080
0080000000000000
0000000000000000
8000000000000000
00001000015000c0
0000000000000040
0010000000000000
0000000000000000
8000000080800040
0000020000000040
0080000000002000
0000000000800001
0000000001800000
0080000000100080
00000000000000c0
0000220001000000
0000000001400000
0000000000000000
0000000000000044
0000000000000800
0000000000000000
0000100080000880
0010000000000000
0000000001000000
0000200000000000
0000000000000000
0000200001000040
0000000000000000
0000000000000000
0000000000000000
0000000000000000
0000000000000000
0000000000000000
0000000000000000
0000000000000000
0000000000000000
0000000000000000
0000000000000000
0000000000000000
0000000000000000
0000000000000000
0000000000000000
0000000000000000
0000000000000000
0000000000000000
0000000000000000
0000000000000000
0000000000000000
0000000000000000
0000000000000000
0000000000000000
0000000000000000
0000000000000000
0000000000000000
0000000000000000
0000000000000000
0000000000000000
0000000000000000
0000000000000000
0000000000000000
0000000000000000
0000000000000000
0000000000000000
0000000000000000
0000000000000000
0000000000000000
0000000000000000
0000000000000000
0000000000000000
0000000000000000
0000000000000000
0000000000000000
0000000000000000
0000000000000000
0000000000000000
0000000000000000
0000000000000000
0000000000000000
0000000000000000
0000000000000000
0000000000000000
0000000000000000
0000000000000000
0000000000000000
0000000000000000
0000000000000000
0000000000000000
0000000000000000
0000000000000000
0000000000000000
0000000000000000
0000000000000000
0000000000000000
0000100200300400
0000800000200880
0000400400000000
0000000041006004
0000080020040000
0000108040000400
0000000000000005
0081000000400041
0100080000042000
0000000000800044
a040008040a40000
0210080004000040
2000008000000000
0000000001100040
0000000000000800
0000100000100000
0000100000000000
0030000040000029
0000100400002008
0000000600000000
8200220084000800
0000800201040000
0000000000042200
00800000c0000000
0000020000800000
2100000000000000
2000008000004009
0001180200004000
0040280000000000
0000200080000020
2020400204000240
0001000000000808
0000908400000224
0110008000100000
0280200000840000
0200720000000080
0080000000200000
0000080040004000
8000000000000200
00001000015004c0
0000080000000040
2010000040000200
2000008000200000
8120000080800040
0200020000000040
0080000000002000
0000080020800201
2000000001800000
2080008140304080
00400002000002c0
01402a0001000000
0001080001400000
2000400404200000
0000400000000044
0000000000000c00
0200000000200600
0000100080000880
0010000100000000
2000800001000000
0000200000200000
2000080020000000
0000200001000040
0100000000000000
2000408000000200
1000000000000000
0000000000000000
0000000000001000
0000002000010000
0000000000010000
0000002000000000
4000000000000000
0000040000000000
0000000000000000
0000050000000000
0000000000000000
0000040000000000
0000000000000000
0000000000000000
0000012000000000
0000000000010000
0000000000001000
0000000000000000
0000000000080000
0000042000010000
0000002000080000
0000000000080000
4000000000000000
0000000000000000
0000000000090000
0000040000000000
0000002000000000
0000000000000000
0000042000000000
0000002000080000
0000000000000000
0000000000000000
0000002000010000
0000000000000000
0000000000000002
0000002000090000
0000000000090000
1000000000000000
1000042000000000
0000000000000000
0000000000000000
0000040000000000
4000000000001002
0000000000000000
0000000000000002
1000050000000000
4000000000000000
1000000000000000
0000040000000002
5000000000000000
0000040000080000
0000000000000000
1000040000000002
0000000000000000
0000000000000000
1000000000000000
0000042000000000
0000000000000000
0000002000010002
0000000000080000
0000000000000000
0000000000001000
0000040000000000
0000000000000000
0000100000100000
0000000000000880
0000000000000000
0000000001002004
0000000000040000
0000100000000000
0000000000000005
0080000000400041
0000000000042000
0000000000800044
8000000000840000
0010000000000040
0000000000000000
0000000001100040
0000000000000800
0000100000100000
0000100000000000
0010000000000021
0000100000002000
0000000000000000
8000220080000800
0000000001040000
0000000000042000
0080000080000000
0000020000800000
0000000000000000
0000000000000001
0000100000000000
0000200000000000
0000200080000020
0000000000000040
0000000000000800
0000100000000024
0010000000100000
0080200000840000
0000320000000080
0080000000000000
0000000000000000
8000000000000000
00001000015000c0
0000000000000040
0010000000000000
0000000000000000
8000000080800040
0000020000000040
0080000000002000
0000000000800001
0000000001800000
0080000000100080
00000000000000c0
0000220001000000
0000000001400000
0000000000000000
0000000000000044
0000000000000800
0000000000000000
0000100080000880
0010000000000000
0000000001000000
0000200000000000
0000000000000000
0000200001000040
0000000000000000
0000000000000000
0000000000000000
0000000000000000
0000000000000000
0000000000000000
0000000000000000
0000000000000000
0000000000000000
0000000000000000
0100000000000000
0000000000000000
0000000000000000
0000000000000000
0000000000000000
0000000000000000
0000000000000000
0000000000000000
0000000000000000
0000000000000000
0000000000000000
0000000000000000
0000000000000000
0000000000000000
0000000000000000
0000000000000000
0000000000000000
0100000000000000
0000000000000000
0000000000000000
0000000000000000
0000000000000000
0000000000000000
0000000000000000
0000000000000000
0100000000000000
0000000000000000
0000000000000000
0000000000000000
0000000000000000
0000000000000000
0000000000000000
0000000000000000
0000000000000000
0000000000000000
0100000000000000
0000000000000000
0000000000000000
0000000000000000
0000000000000000
0000000000000000
0000000000000000
0100000000000000
0000000000000000
0000000000000000
0000000000000000
0000000000000000
0000000000000000
0000000000000000
0000000000000000
0000000000000000
0000000000000000
0000000000000000
0000000000000000
0100000000000000
0000000000000000
0000100200300400
0000800000200880
0000400400000000
0000000041006004
0000080020040000
0000108040000400
0000000000000005
0081000000400041
0000080000042000
0000000000800044
a040008040a40000
0210080004000040
2000008000000000
0000000001100040
0000000000000800
0000100000100000
0000100000000000
0030000040000029
0000100400002008
0000000600000000
8200220084000800
0000800201040000
0000000000042200
00800000c0000000
0000020000800000
2000000000000000
2000008000004009
0001180200004000
0040280000000000
0000200080000020
2020400204000240
0001000000000808
0000908400000224
0010008000100000
0280200000840000
0200720000000080
0080000000200000
0000080040004000
8000000000000200
00001000015004c0
0000080000000040
2010000040000200
2000008000200000
8020000080800040
0200020000000040
0080000000002000
0000080020800201
2000000001800000
2080008140304080
00400002000002c0
00402a0001000000
0001080001400000
2000400404200000
0000400000000044
0000000000000c00
0200000000200600
0000100080000880
0010000100000000
2000800001000000
0000200000200000
2000080020000000
0000200001000040
0000000000000000
2000408000000200
1000000000000010
0000000800000000
0000000000000000
0000002800000000
0000000000000000
0000002010000000
4000000000000000
0000040800000000
0000000000000000
0000040000000000
0000000000000000
0000040010000000
0000000000000000
0000000000000000
0000002000000000
0000000000000000
0000000000000000
0000000000000010
0000000000080010
0000042010000000
0002002000080000
0000000800080000
4000000000000000
0000000000000000
0000000000080000
0000040000000010
0000002800000000
0000000000000000
0000042000000000
0000002010080000
0000000000000000
0000000000000000
0000002000000000
0000000000000000
0000000800000000
0000002000080000
0000000000080000
1000000000000000
1000042000000010
0000000000000000
0000000000000000
0000040000000000
4000000000000000
0000000000000000
0000000000000000
1000040000000000
4000000000000000
1000000000000000
0002040000000000
5000000000000000
0000040800080000
0000000000000010
1000040000000010
0000000800000000
0000000000000000
1000000000000000
0002042000000000
0000000000000000
0000002010000010
0000000000080000
0000000800000000
0000000010000000
0000040000000000
0000000000000000
0400100000100000
0800000000000880
0000000000001000
0000000001012004
0000000000050000
0004104000000000
0000001000000005
0080000000400041
0408000000042000
0000010000800044
8400001000840000
0010000002000040
0000001000000100
0000000001100040
0400010000000800
0000100000110000
0004100000001000
0010000000000121
0000100000002000
0000000000010000
8000220080000800
0000000001040000
0000000000042000
0080000080000000
0800020000810000
0000000000000000
0000000000000001
0000100000000000
0008200000000000
0000200080000120
0000004000000040
0000000000000800
0000100000010024
0018000000100000
0480200000840002
0000320000010080
0484000002010000
0000000000000000
8000000000000000
00001010015000c0
0000000000000040
0010000000000000
0404000000001002
8000000080800040
0800024000000042
0080014000002000
0000000000800001
0000000001800000
0080000000100082
08000000000000c0
0008220001000000
0000000001400000
0004000000000102
0000000000000044
0800000000000800
0008000000000000
0004100080000880
0014004000000000
0000000001010002
0000205000000000
0004001000000000
0004200001001140
0000000000000000
0804000000000000
0000000000000000
0000000000000000
0000000000000000
0000000000000000
0000000000000000
0000000000000000
0000000000000000
0000000000000000
0100000000000000
0000000000000000
0000000008000000
0000000000000000
0000000000000000
0000000000000000
0000000008000000
0000000000000000
0000000008000000
0000000000000000
0000000008000000
0000000000000000
0000000000000000
0000000000000000
0000000000000000
0000000000000000
0000000000000000
0100000000000000
0000000000000000
0000000000020000
0000000000000000
0000000000000000
0000000000000000
0000000000008000
0000000000020000
0100000000020000
0000000000000000
0000000000020000
0000000000008000
0000000000000000
0000000000020000
0000000000000000
0000000000000000
0000000000000000
0000000000000000
0100000000000000
0000000008008000
0000000000000000
0000000000000000
0000000000000000
0000000000000000
0000000000020000
0100000000020000
0000000000000000
0000000000000000
0000000000000000
0000000000000000
0000000000000000
0000000000000000
0000000000000000
0000000000000000
0000000000000000
0000000000000000
0000000008020000
0100000000000000
0000000000000000
0000100200300400
0000800000200880
0000400400000000
0000000041006004
0000080020040000
0000108040000400
0000000000000005
0081000000400041
0000080000042000
0000000000800044
a040008040a40000
0210080004000040
2000008000000000
0000000001100040
0000000000000800
0000100000100000
0000100000000000
0030000040000029
0000100400002008
0000000600000000
8200220084000800
0000800201040000
0000000000042200
00800000c0000000
0000020000800000
2000000000000000
2000008000004009
0001180200004000
0040280000000000
0000200080000020
2020400204000240
0001000000000808
0000908400000224
0010008000100000
0280200000840000
0200720000000080
0080000000200000
0000080040004000
8000000000000200
00001000015004c0
0000080000000040
2010000040000200
2000008000200000
8020000080800040
0200020000000040
0080000000002000
0000080020800201
2000000001800000
2080008140304080
00400002000002c0
00402a0001000000
0001080001400000
2000400404200000
0000400000000044
0000000000000c00
0200000000200600
0000100080000880
0010000100000000
2000800001000000
0000200000200000
2000080020000000
0000200001000040
0000000000000000
2000408000000200
1000000000000000
0000000000000000
0000000000000000
0000002000000000
0000000000000000
0000002000000000
4000000000000000
0000040000000000
0000000000000000
0000040000000000
0000000000000000
0000040000000000
0000000000000000
0000000000000000
0000002000000000
0000000000000000
0000000000000000
0000000000000000
0000000000080000
0000042000000000
0000002000080000
0000000000080000
4000000000000000
0000000000000000
0000000000080000
0000040000000000
0000002000000000
0000000000000000
0000042000000000
0000002000080000
0000000000000000
0000000000000000
0000002000000000
0000000000000000
0000000000000000
0000002000080000
0000000000080000
1000000000000000
1000042000000000
0000000000000000
0000000000000000
0000040000000000
4000000000000000
0000000000000000
0000000000000000
1000040000000000
4000000000000000
1000000000000000
0000040000000000
5000000000000000
0000040000080000
0000000000000000
1000040000000000
0000000000000000
0000000000000000
1000000000000000
0000042000000000
0000000000000000
0000002000000000
0000000000080000
0000000000000000
0000000000000000
0000040000000000
0000000000000000
0000100000100000
0000000000000880
0000000000001000
0000000001012004
0000000000050000
0000100000000000
0000000000000005
0080000000400041
0000000000042000
0000000000800044
8000000000840000
0010000000000040
0000000000000000
0000000001100040
0000000000000800
0000100000110000
0000100000001000
0010000000000021
0000100000002000
0000000000010000
8000220080000800
0000000001040000
0000000000042000
0080000080000000
0000020000810000
0000000000000000
0000000000000001
0000100000000000
0000200000000000
0000200080000020
0000000000000040
0000000000000800
0000100000010024
0010000000100000
0080200000840000
0000320000010080
0080000000010000
0000000000000000
8000000000000000
00001000015000c0
0000000000000040
0010000000000000
0000000000001000
8000000080800040
0000020000000040
0080000000002000
0000000000800001
0000000001800000
0080000000100080
00000000000000c0
0000220001000000
0000000001400000
0000000000000000
0000000000000044
0000000000000800
0000000000000000
0000100080000880
0010000000000000
0000000001010000
0000200000000000
0000000000000000
0000200001001040
0000000000000000
0000000000000000
0000000000000000
0000000000000000
0000000000000000
0000000000000000
0000000000000000
0000000000000000
0000000000000000
0000000000000000
0100000000000000
0000010000000000
0000000000000000
0000000000000000
0000000000000000
0000000000000000
0000010000000000
0000000000000000
0000000000000000
0000000000000000
0000000000000000
0000000000000000
0000000000000000
0000000000000000
0000000000000000
0000000000000000
0000000000000000
0100000000000000
0000000000000000
0000000000000000
0000000000000000
0000000000000000
0000000000000000
0000000000000000
0000000000000000
0100000000000000
0000000000000002
0000000000000000
0000000000000000
0000000000000000
0000000000000000
0000000000000000
0000000000000000
0000000000000000
0000000000000002
0100000000000000
0000000000000002
0000010000000000
0000000000000000
0000000000000000
0000000000000002
0000000000000000
0100000000000000
0000000000000000
0000000000000002
0000000000000000
0000000000000000
0000000000000000
0000000000000000
0000000000000000
0000000000000002
0000000000000000
0000000000000000
0000000000000000
0100000000000000
0000000000000000
0000100200300400
0000800000200880
0000400400000000
0000000041006004
0000080020040000
0000108040000400
0000000000000005
0081000000400041
0000080000042000
0000000000800044
a040008040a40000
0210080004000040
2000008000000000
0000000001100040
0000000000000800
0000100000100000
0000100000000000
0030000040000029
0000100400002008
0000000600000000
8200220084000800
0000800201040000
0000000000042200
00800000c0000000
0000020000800000
2000000000000000
2000008000004009
0001180200004000
0040280000000000
0000200080000020
2020400204000240
0001000000000808
0000908400000224
0010008000100000
0280200000840000
0200720000000080
0080000000200000
0000080040004000
8000000000000200
00001000015004c0
0000080000000040
2010000040000200
2000008000200000
8020000080800040
0200020000000040
0080000000002000
0000080020800201
2000000001800000
2080008140304080
00400002000002c0
00402a0001000000
0001080001400000
2000400404200000
0000400000000044
0000000000000c00
0200000000200600
0000100080000880
0010000100000000
2000800001000000
0000200000200000
2000080020000000
0000200001000040
0000000000000000
2000408000000200
1000000000000000
0000000800000000
0000000000000000
0000002800000000
0000000000000000
0000002000000000
4000000000000000
0000040800000000
0000000000000000
0000040000000000
0000000000000000
0000040000000000
0000000000000000
0000000000000000
0000002000000000
0000000000000000
0000000000000000
0000000000000000
0000000000080000
0000042000000000
0002002000080000
0000000800080000
4000000000000000
0000000000000000
0000000000080000
0000040000000000
0000002800000000
0000000000000000
0000042000000000
0000002000080000
0000000000000000
0000000000000000
0000002000000000
0000000000000000
0000000800000000
0000002000080000
0000000000080000
1000000000000000
1000042000000000
0000000000000000
0000000000000000
0000040000000000
4000000000000000
0000000000000000
0000000000000000
1000040000000000
4000000000000000
1000000000000000
0002040000000000
5000000000000000
0000040800080000
0000000000000000
1000040000000000
0000000800000000
0000000000000000
1000000000000000
0002042000000000
0000000000000000
0000002000000000
0000000000080000
0000000800000000
0000000000000000
0000040000000000
0000000000000000
0000100000100000
0000000000000880
0000000000000000
0000000001002004
0000000000040000
0000100010000000
0000000000000005
0080000000400041
0000000000042000
0000000000800044
8000000000840000
0010000010000040
0000000000000000
0000000001100040
0000000000000800
0000100000100000
0000100000000000
0010000000000021
0000100000002000
0000000010000000
8000220080000800
0000000001040000
0000000000042000
0080000080000000
0000020000800000
0000000000000000
0000000000000001
0000100000000000
0000200000000000
0000200090000020
0000000000000040
0000000000000800
0000100000000024
0010000000100000
0080200000840000
0000320000000080
0080000000000000
0000000000000000
8000000000000000
00001000015000c0
0000000000000040
0010000000000000
0000000000000000
8000000080800040
0000020000000040
0080000000002000
0000000000800001
0000000001800000
0080000000100080
00000000000000c0
0000220001000000
0000000001400000
0000000000000000
0000000000000044
0000000000000800
0000000000000000
0000100080000880
0010000000000000
0000000011000000
0000200000000000
0000000000000000
0000200011000040
0000000000000000
0000000000000000
0000000000000010
0800000000000000
0000000000001000
0000000000010000
0000000000010000
0000000000000000
0000001000000000
0000000000000000
0100000000000000
0000000000000000
0000001000000000
0000000000000000
0000001000000100
0000000000000000
0000000000000000
0000000000010000
0000000000001000
0000000000000110
0000000000000010
0000000000010000
0000000000000000
0000000000000000
0000000000000000
0000000000000000
0800000000010000
0100000000000010
0000000000000000
0000000000000000
0000000000000000
0000000000000100
0000000000000000
0000000000000000
0000000000010000
0100000000000000
0000000000000000
0000000000010000
0000000000010000
0000000000000000
0000000000000010
0000001000000000
0000000000000000
0000000000000000
0000000000001000
0100000000000000
0800000000000000
0000000000000000
0000000000000000
0000000000000000
0000000000000000
0800000000000000
0100000000000000
0000000000000010
0000000000000110
0000000000000000
0800000000000000
0000000000000000
0000000000000000
0000000000000000
0000000000010010
0000001000000000
0000001000000000
0000000000001100
0100000000000000
0800000000000000
