sample_index,sample_id,source_split,t,input_quantized,membrane_before,input_contribution,recurrent_contribution,recurrent_contribution_raw,membrane_update_raw,membrane_after_update,threshold_result,reset_membrane,spike_count_state
0,train_0000,train,0,513,"[0,0,0,0,0,0,0,0,0,0,0,0,0,0,0,0,0,0,0,0,0,0,0,0,0,0,0,0,0,0,0,0,0,0,0,0,0,0,0,0,0,0,0,0,0,0,0,0,0,0,0,0,0,0,0,0,0,0,0,0,0,0,0,0]","[1539,769,1539,769,384,1539,1539,1539,384,769,769,1539,769,1539,769,384,769,384,1539,769,1539,769,1539,1539,1539,384,769,384,384,769,769,1539,769,769,769,384,384,769,384,769,769,1539,769,769,1539,1539,769,769,769,384,384,384,1539,769,769,1539,769,769,384,384,769,769,769,1539]","[0,0,0,0,0,0,0,0,0,0,0,0,0,0,0,0,0,0,0,0,0,0,0,0,0,0,0,0,0,0,0,0,0,0,0,0,0,0,0,0,0,0,0,0,0,0,0,0,0,0,0,0,0,0,0,0,0,0,0,0,0,0,0,0]","[0,0,0,0,0,0,0,0,0,0,0,0,0,0,0,0,0,0,0,0,0,0,0,0,0,0,0,0,0,0,0,0,0,0,0,0,0,0,0,0,0,0,0,0,0,0,0,0,0,0,0,0,0,0,0,0,0,0,0,0,0,0,0,0]","[1539,769,1539,769,384,1539,1539,1539,384,769,769,1539,769,1539,769,384,769,384,1539,769,1539,769,1539,1539,1539,384,769,384,384,769,769,1539,769,769,769,384,384,769,384,769,769,1539,769,769,1539,1539,769,769,769,384,384,384,1539,769,769,1539,769,769,384,384,769,769,769,1539]","[1539,769,1539,769,384,1539,1539,1539,384,769,769,1539,769,1539,769,384,769,384,1539,769,1539,769,1539,1539,1539,384,769,384,384,769,769,1539,769,769,769,384,384,769,384,769,769,1539,769,769,1539,1539,769,769,769,384,384,384,1539,769,769,1539,769,769,384,384,769,769,769,1539]","[""0"",""0"",""0"",""0"",""0"",""0"",""0"",""0"",""0"",""0"",""0"",""0"",""0"",""0"",""0"",""0"",""0"",""0"",""0"",""0"",""0"",""0"",""0"",""0"",""0"",""0"",""0"",""0"",""0"",""0"",""0"",""0"",""0"",""0"",""0"",""0"",""0"",""0"",""0"",""0"",""0"",""0"",""0"",""0"",""0"",""0"",""0"",""0"",""0"",""0"",""0"",""0"",""0"",""0"",""0"",""0"",""0"",""0"",""0"",""0"",""0"",""0"",""0"",""0""]","[1539,769,1539,769,384,1539,1539,1539,384,769,769,1539,769,1539,769,384,769,384,1539,769,1539,769,1539,1539,1539,384,769,384,384,769,769,1539,769,769,769,384,384,769,384,769,769,1539,769,769,1539,1539,769,769,769,384,384,384,1539,769,769,1539,769,769,384,384,769,769,769,1539]","[0,0,0,0,0,0,0,0,0,0,0,0,0,0,0,0,0,0,0,0,0,0,0,0,0,0,0,0,0,0,0,0,0,0,0,0,0,0,0,0,0,0,0,0,0,0,0,0,0,0,0,0,0,0,0,0,0,0,0,0,0,0,0,0]"
0,train_0000,train,1,513,"[1539,769,1539,769,384,1539,1539,1539,384,769,769,1539,769,1539,769,384,769,384,1539,769,1539,769,1539,1539,1539,384,769,384,384,769,769,1539,769,769,769,384,384,769,384,769,769,1539,769,769,1539,1539,769,769,769,384,384,384,1539,769,769,1539,769,769,384,384,769,769,769,1539]","[1539,769,1539,769,384,1539,1539,1539,384,769,769,1539,769,1539,769,384,769,384,1539,769,1539,769,1539,1539,1539,384,769,384,384,769,769,1539,769,769,769,384,384,769,384,769,769,1539,769,769,1539,1539,769,769,769,384,384,384,1539,769,769,1539,769,769,384,384,769,769,769,1539]","[0,0,0,0,0,0,0,0,0,0,0,0,0,0,0,0,0,0,0,0,0,0,0,0,0,0,0,0,0,0,0,0,0,0,0,0,0,0,0,0,0,0,0,0,0,0,0,0,0,0,0,0,0,0,0,0,0,0,0,0,0,0,0,0]","[0,0,0,0,0,0,0,0,0,0,0,0,0,0,0,0,0,0,0,0,0,0,0,0,0,0,0,0,0,0,0,0,0,0,0,0,0,0,0,0,0,0,0,0,0,0,0,0,0,0,0,0,0,0,0,0,0,0,0,0,0,0,0,0]","[2886,1442,2886,1442,720,2886,2886,2886,720,1442,1442,2886,1442,2886,1442,720,1442,720,2886,1442,2886,1442,2886,2886,2886,720,1442,720,720,1442,1442,2886,1442,1442,1442,720,720,1442,720,1442,1442,2886,1442,1442,2886,2886,1442,1442,1442,720,720,720,2886,1442,1442,2886,1442,1442,720,720,1442,1442,1442,2886]","[2886,1442,2886,1442,720,2886,2886,2886,720,1442,1442,2886,1442,2886,1442,720,1442,720,2886,1442,2886,1442,2886,2886,2886,720,1442,720,720,1442,1442,2886,1442,1442,1442,720,720,1442,720,1442,1442,2886,1442,1442,2886,2886,1442,1442,1442,720,720,720,2886,1442,1442,2886,1442,1442,720,720,1442,1442,1442,2886]","[""1"",""0"",""1"",""0"",""0"",""1"",""1"",""1"",""0"",""0"",""0"",""1"",""0"",""1"",""0"",""0"",""0"",""0"",""1"",""0"",""1"",""0"",""1"",""1"",""1"",""0"",""0"",""0"",""0"",""0"",""0"",""1"",""0"",""0"",""0"",""0"",""0"",""0"",""0"",""0"",""0"",""1"",""0"",""0"",""1"",""1"",""0"",""0"",""0"",""0"",""0"",""0"",""1"",""0"",""0"",""1"",""0"",""0"",""0"",""0"",""0"",""0"",""0"",""1""]","[0,1442,0,1442,720,0,0,0,720,1442,1442,0,1442,0,1442,720,1442,720,0,1442,0,1442,0,0,0,720,1442,720,720,1442,1442,0,1442,1442,1442,720,720,1442,720,1442,1442,0,1442,1442,0,0,1442,1442,1442,720,720,720,0,1442,1442,0,1442,1442,720,720,1442,1442,1442,0]","[1,0,1,0,0,1,1,1,0,0,0,1,0,1,0,0,0,0,1,0,1,0,1,1,1,0,0,0,0,0,0,1,0,0,0,0,0,0,0,0,0,1,0,0,1,1,0,0,0,0,0,0,1,0,0,1,0,0,0,0,0,0,0,1]"
0,train_0000,train,2,513,"[0,1442,0,1442,720,0,0,0,720,1442,1442,0,1442,0,1442,720,1442,720,0,1442,0,1442,0,0,0,720,1442,720,720,1442,1442,0,1442,1442,1442,720,720,1442,720,1442,1442,0,1442,1442,0,0,1442,1442,1442,720,720,720,0,1442,1442,0,1442,1442,720,720,1442,1442,1442,0]","[1539,769,1539,769,384,1539,1539,1539,384,769,769,1539,769,1539,769,384,769,384,1539,769,1539,769,1539,1539,1539,384,769,384,384,769,769,1539,769,769,769,384,384,769,384,769,769,1539,769,769,1539,1539,769,769,769,384,384,384,1539,769,769,1539,769,769,384,384,769,769,769,1539]","[128,-128,0,64,64,64,128,0,128,64,192,128,0,192,64,128,-64,64,0,0,64,128,128,-128,0,0,64,64,64,64,64,-64,64,128,256,128,64,0,64,128,-64,-64,0,128,0,128,128,128,64,128,-64,128,0,128,64,0,256,64,64,64,0,192,0,0]","[128,-128,0,64,64,64,128,0,128,64,192,128,0,192,64,128,-64,64,0,0,64,128,128,-128,0,0,64,64,64,64,64,-64,64,128,256,128,64,0,64,128,-64,-64,0,128,0,128,128,128,64,128,-64,128,0,128,64,0,256,64,64,64,0,192,0,0]","[1667,1903,1539,2095,1078,1603,1667,1539,1142,2095,2223,1667,2031,1731,2095,1142,1967,1078,1539,2031,1603,2159,1667,1411,1539,1014,2095,1078,1078,2095,2095,1475,2095,2159,2287,1142,1078,2031,1078,2159,1967,1475,2031,2159,1539,1667,2159,2159,2095,1142,950,1142,1539,2159,2095,1539,2287,2095,1078,1078,2031,2223,2031,1539]","[1667,1903,1539,2095,1078,1603,1667,1539,1142,2095,2223,1667,2031,1731,2095,1142,1967,1078,1539,2031,1603,2159,1667,1411,1539,1014,2095,1078,1078,2095,2095,1475,2095,2159,2287,1142,1078,2031,1078,2159,1967,1475,2031,2159,1539,1667,2159,2159,2095,1142,950,1142,1539,2159,2095,1539,2287,2095,1078,1078,2031,2223,2031,1539]","[""0"",""0"",""0"",""0"",""0"",""0"",""0"",""0"",""0"",""0"",""0"",""0"",""0"",""0"",""0"",""0"",""0"",""0"",""0"",""0"",""0"",""0"",""0"",""0"",""0"",""0"",""0"",""0"",""0"",""0"",""0"",""0"",""0"",""0"",""0"",""0"",""0"",""0"",""0"",""0"",""0"",""0"",""0"",""0"",""0"",""0"",""0"",""0"",""0"",""0"",""0"",""0"",""0"",""0"",""0"",""0"",""0"",""0"",""0"",""0"",""0"",""0"",""0"",""0""]","[1667,1903,1539,2095,1078,1603,1667,1539,1142,2095,2223,1667,2031,1731,2095,1142,1967,1078,1539,2031,1603,2159,1667,1411,1539,1014,2095,1078,1078,2095,2095,1475,2095,2159,2287,1142,1078,2031,1078,2159,1967,1475,2031,2159,1539,1667,2159,2159,2095,1142,950,1142,1539,2159,2095,1539,2287,2095,1078,1078,2031,2223,2031,1539]","[1,0,1,0,0,1,1,1,0,0,0,1,0,1,0,0,0,0,1,0,1,0,1,1,1,0,0,0,0,0,0,1,0,0,0,0,0,0,0,0,0,1,0,0,1,1,0,0,0,0,0,0,1,0,0,1,0,0,0,0,0,0,0,1]"
0,train_0000,train,3,513,"[1667,1903,1539,2095,1078,1603,1667,1539,1142,2095,2223,1667,2031,1731,2095,1142,1967,1078,1539,2031,1603,2159,1667,1411,1539,1014,2095,1078,1078,2095,2095,1475,2095,2159,2287,1142,1078,2031,1078,2159,1967,1475,2031,2159,1539,1667,2159,2159,2095,1142,950,1142,1539,2159,2095,1539,2287,2095,1078,1078,2031,2223,2031,1539]","[1539,769,1539,769,384,1539,1539,1539,384,769,769,1539,769,1539,769,384,769,384,1539,769,1539,769,1539,1539,1539,384,769,384,384,769,769,1539,769,769,769,384,384,769,384,769,769,1539,769,769,1539,1539,769,769,769,384,384,384,1539,769,769,1539,769,769,384,384,769,769,769,1539]","[0,0,0,0,0,0,0,0,0,0,0,0,0,0,0,0,0,0,0,0,0,0,0,0,0,0,0,0,0,0,0,0,0,0,0,0,0,0,0,0,0,0,0,0,0,0,0,0,0,0,0,0,0,0,0,0,0,0,0,0,0,0,0,0]","[0,0,0,0,0,0,0,0,0,0,0,0,0,0,0,0,0,0,0,0,0,0,0,0,0,0,0,0,0,0,0,0,0,0,0,0,0,0,0,0,0,0,0,0,0,0,0,0,0,0,0,0,0,0,0,0,0,0,0,0,0,0,0,0]","[2998,2435,2886,2603,1328,2942,2998,2886,1384,2603,2715,2998,2547,3054,2603,1384,2491,1328,2886,2547,2942,2659,2998,2774,2886,1272,2603,1328,1328,2603,2603,2830,2603,2659,2771,1384,1328,2547,1328,2659,2491,2830,2547,2659,2886,2998,2659,2659,2603,1384,1216,1384,2886,2659,2603,2886,2771,2603,1328,1328,2547,2715,2547,2886]","[2998,2435,2886,2603,1328,2942,2998,2886,1384,2603,2715,2998,2547,3054,2603,1384,2491,1328,2886,2547,2942,2659,2998,2774,2886,1272,2603,1328,1328,2603,2603,2830,2603,2659,2771,1384,1328,2547,1328,2659,2491,2830,2547,2659,2886,2998,2659,2659,2603,1384,1216,1384,2886,2659,2603,2886,2771,2603,1328,1328,2547,2715,2547,2886]","[""1"",""0"",""1"",""1"",""0"",""1"",""1"",""1"",""0"",""1"",""1"",""1"",""0"",""1"",""1"",""0"",""0"",""0"",""1"",""0"",""1"",""1"",""1"",""1"",""1"",""0"",""1"",""0"",""0"",""1"",""1"",""1"",""1"",""1"",""1"",""0"",""0"",""0"",""0"",""1"",""0"",""1"",""0"",""1"",""1"",""1"",""1"",""1"",""1"",""0"",""0"",""0"",""1"",""1"",""1"",""1"",""1"",""1"",""0"",""0"",""0"",""1"",""0"",""1""]","[0,2435,0,0,1328,0,0,0,1384,0,0,0,2547,0,0,1384,2491,1328,0,2547,0,0,0,0,0,1272,0,1328,1328,0,0,0,0,0,0,1384,1328,2547,1328,0,2491,0,2547,0,0,0,0,0,0,1384,1216,1384,0,0,0,0,0,0,1328,1328,2547,0,2547,0]","[2,0,2,1,0,2,2,2,0,1,1,2,0,2,1,0,0,0,2,0,2,1,2,2,2,0,1,0,0,1,1,2,1,1,1,0,0,0,0,1,0,2,0,1,2,2,1,1,1,0,0,0,2,1,1,2,1,1,0,0,0,1,0,2]"
0,train_0000,train,4,513,"[0,2435,0,0,1328,0,0,0,1384,0,0,0,2547,0,0,1384,2491,1328,0,2547,0,0,0,0,0,1272,0,1328,1328,0,0,0,0,0,0,1384,1328,2547,1328,0,2491,0,2547,0,0,0,0,0,0,1384,1216,1384,0,0,0,0,0,0,1328,1328,2547,0,2547,0]","[1539,769,1539,769,384,1539,1539,1539,384,769,769,1539,769,1539,769,384,769,384,1539,769,1539,769,1539,1539,1539,384,769,384,384,769,769,1539,769,769,769,384,384,769,384,769,769,1539,769,769,1539,1539,769,769,769,384,384,384,1539,769,769,1539,769,769,384,384,769,769,769,1539]","[192,0,128,192,192,256,128,64,128,64,256,64,0,192,64,128,-64,0,128,128,192,128,192,-64,0,128,192,64,192,64,320,-64,192,256,192,256,128,192,0,192,0,0,192,256,-64,128,320,192,320,192,128,128,192,192,128,128,256,128,64,128,192,192,64,256]","[192,0,128,192,192,256,128,64,128,64,256,64,0,192,64,128,-64,0,128,128,192,128,192,-64,0,128,192,64,192,64,320,-64,192,256,192,256,128,192,0,192,0,0,192,256,-64,128,320,192,320,192,128,128,192,192,128,128,256,128,64,128,192,192,64,256]","[1731,2900,1667,961,1738,1795,1667,1603,1723,833,1025,1603,2998,1731,833,1723,2885,1546,1667,3126,1731,897,1731,1475,1539,1625,961,1610,1738,833,1089,1475,961,1025,961,1851,1674,3190,1546,961,2949,1539,3190,1025,1475,1667,1089,961,1089,1787,1576,1723,1731,961,897,1667,1025,897,1610,1674,3190,961,3062,1795]","[1731,2900,1667,961,1738,1795,1667,1603,1723,833,1025,1603,2998,1731,833,1723,2885,1546,1667,3126,1731,897,1731,1475,1539,1625,961,1610,1738,833,1089,1475,961,1025,961,1851,1674,3190,1546,961,2949,1539,3190,1025,1475,1667,1089,961,1089,1787,1576,1723,1731,961,897,1667,1025,897,1610,1674,3190,961,3062,1795]","[""0"",""1"",""0"",""0"",""0"",""0"",""0"",""0"",""0"",""0"",""0"",""0"",""1"",""0"",""0"",""0"",""1"",""0"",""0"",""1"",""0"",""0"",""0"",""0"",""0"",""0"",""0"",""0"",""0"",""0"",""0"",""0"",""0"",""0"",""0"",""0"",""0"",""1"",""0"",""0"",""1"",""0"",""1"",""0"",""0"",""0"",""0"",""0"",""0"",""0"",""0"",""0"",""0"",""0"",""0"",""0"",""0"",""0"",""0"",""0"",""1"",""0"",""1"",""0""]","[1731,0,1667,961,1738,1795,1667,1603,1723,833,1025,1603,0,1731,833,1723,0,1546,1667,0,1731,897,1731,1475,1539,1625,961,1610,1738,833,1089,1475,961,1025,961,1851,1674,0,1546,961,0,1539,0,1025,1475,1667,1089,961,1089,1787,1576,1723,1731,961,897,1667,1025,897,1610,1674,0,961,0,1795]","[2,1,2,1,0,2,2,2,0,1,1,2,1,2,1,0,1,0,2,1,2,1,2,2,2,0,1,0,0,1,1,2,1,1,1,0,0,1,0,1,1,2,1,1,2,2,1,1,1,0,0,0,2,1,1,2,1,1,0,0,1,1,1,2]"
0,train_0000,train,5,512,"[1731,0,1667,961,1738,1795,1667,1603,1723,833,1025,1603,0,1731,833,1723,0,1546,1667,0,1731,897,1731,1475,1539,1625,961,1610,1738,833,1089,1475,961,1025,961,1851,1674,0,1546,961,0,1539,0,1025,1475,1667,1089,961,1089,1787,1576,1723,1731,961,897,1667,1025,897,1610,1674,0,961,0,1795]","[1536,768,1536,768,384,1536,1536,1536,384,768,768,1536,768,1536,768,384,768,384,1536,768,1536,768,1536,1536,1536,384,768,384,384,768,768,1536,768,768,768,384,384,768,384,768,768,1536,768,768,1536,1536,768,768,768,384,384,384,1536,768,768,1536,768,768,384,384,768,768,768,1536]","[-64,0,64,0,64,64,64,64,0,128,0,64,0,0,128,-64,64,0,64,-64,0,64,64,0,0,64,-64,0,128,128,0,0,0,0,64,192,128,64,192,0,0,-64,192,0,-64,192,64,-64,128,128,128,0,-192,0,0,64,128,0,64,64,0,-64,64,0]","[-64,0,64,0,64,64,64,64,0,128,0,64,0,0,128,-64,64,0,64,-64,0,64,64,0,0,64,-64,0,128,128,0,0,0,0,64,192,128,64,192,0,0,-64,192,0,-64,192,64,-64,128,128,128,0,-192,0,0,64,128,0,64,64,0,-64,64,0]","[2987,768,3059,1609,1969,3171,3059,3003,1892,1625,1665,3003,768,3051,1625,1828,832,1737,3059,704,3051,1617,3115,2827,2883,1870,1545,1793,2033,1625,1721,2827,1609,1665,1673,2196,1977,832,1929,1609,768,2819,960,1665,2763,3187,1785,1545,1849,2076,1891,1892,2859,1609,1553,3059,1793,1553,1857,1913,768,1545,832,3107]","[2987,768,3059,1609,1969,3171,3059,3003,1892,1625,1665,3003,768,3051,1625,1828,832,1737,3059,704,3051,1617,3115,2827,2883,1870,1545,1793,2033,1625,1721,2827,1609,1665,1673,2196,1977,832,1929,1609,768,2819,960,1665,2763,3187,1785,1545,1849,2076,1891,1892,2859,1609,1553,3059,1793,1553,1857,1913,768,1545,832,3107]","[""1"",""0"",""1"",""0"",""0"",""1"",""1"",""1"",""0"",""0"",""0"",""1"",""0"",""1"",""0"",""0"",""0"",""0"",""1"",""0"",""1"",""0"",""1"",""1"",""1"",""0"",""0"",""0"",""0"",""0"",""0"",""1"",""0"",""0"",""0"",""0"",""0"",""0"",""0"",""0"",""0"",""1"",""0"",""0"",""1"",""1"",""0"",""0"",""0"",""0"",""0"",""0"",""1"",""0"",""0"",""1"",""0"",""0"",""0"",""0"",""0"",""0"",""0"",""1""]","[0,768,0,1609,1969,0,0,0,1892,1625,1665,0,768,0,1625,1828,832,1737,0,704,0,1617,0,0,0,1870,1545,1793,2033,1625,1721,0,1609,1665,1673,2196,1977,832,1929,1609,768,0,960,1665,0,0,1785,1545,1849,2076,1891,1892,0,1609,1553,0,1793,1553,1857,1913,768,1545,832,0]","[3,1,3,1,0,3,3,3,0,1,1,3,1,3,1,0,1,0,3,1,3,1,3,3,3,0,1,0,0,1,1,3,1,1,1,0,0,1,0,1,1,3,1,1,3,3,1,1,1,0,0,0,3,1,1,3,1,1,0,0,1,1,1,3]"
0,train_0000,train,6,512,"[0,768,0,1609,1969,0,0,0,1892,1625,1665,0,768,0,1625,1828,832,1737,0,704,0,1617,0,0,0,1870,1545,1793,2033,1625,1721,0,1609,1665,1673,2196,1977,832,1929,1609,768,0,960,1665,0,0,1785,1545,1849,2076,1891,1892,0,1609,1553,0,1793,1553,1857,1913,768,1545,832,0]","[1536,768,1536,768,384,1536,1536,1536,384,768,768,1536,768,1536,768,384,768,384,1536,768,1536,768,1536,1536,1536,384,768,384,384,768,768,1536,768,768,768,384,384,768,384,768,768,1536,768,768,1536,1536,768,768,768,384,384,384,1536,768,768,1536,768,768,384,384,768,768,768,1536]","[128,-128,0,64,64,64,128,0,128,64,192,128,0,192,64,128,-64,64,0,0,64,128,128,-128,0,0,64,64,64,64,64,-64,64,128,256,128,64,0,64,128,-64,-64,0,128,0,128,128,128,64,128,-64,128,0,128,64,0,256,64,64,64,0,192,0,0]","[128,-128,0,64,64,64,128,0,128,64,192,128,0,192,64,128,-64,64,0,0,64,128,128,-128,0,0,64,64,64,64,64,-64,64,128,256,128,64,0,64,128,-64,-64,0,128,0,128,128,128,64,128,-64,128,0,128,64,0,256,64,64,64,0,192,0,0]","[1664,1312,1536,2240,2171,1600,1664,1536,2168,2254,2417,1664,1440,1728,2254,2112,1432,1968,1536,1384,1600,2311,1664,1408,1536,2021,2184,2017,2227,2254,2338,1472,2240,2353,2488,2434,2178,1496,2136,2304,1376,1472,1608,2353,1536,1664,2458,2248,2450,2329,1975,2168,1536,2304,2191,1536,2593,2191,2073,2122,1440,2312,1496,1536]","[1664,1312,1536,2240,2171,1600,1664,1536,2168,2254,2417,1664,1440,1728,2254,2112,1432,1968,1536,1384,1600,2311,1664,1408,1536,2021,2184,2017,2227,2254,2338,1472,2240,2353,2488,2434,2178,1496,2136,2304,1376,1472,1608,2353,1536,1664,2458,2248,2450,2329,1975,2168,1536,2304,2191,1536,2593,2191,2073,2122,1440,2312,1496,1536]","[""0"",""0"",""0"",""0"",""0"",""0"",""0"",""0"",""0"",""0"",""0"",""0"",""0"",""0"",""0"",""0"",""0"",""0"",""0"",""0"",""0"",""0"",""0"",""0"",""0"",""0"",""0"",""0"",""0"",""0"",""0"",""0"",""0"",""0"",""0"",""0"",""0"",""0"",""0"",""0"",""0"",""0"",""0"",""0"",""0"",""0"",""0"",""0"",""0"",""0"",""0"",""0"",""0"",""0"",""0"",""0"",""1"",""0"",""0"",""0"",""0"",""0"",""0"",""0""]","[1664,1312,1536,2240,2171,1600,1664,1536,2168,2254,2417,1664,1440,1728,2254,2112,1432,1968,1536,1384,1600,2311,1664,1408,1536,2021,2184,2017,2227,2254,2338,1472,2240,2353,2488,2434,2178,1496,2136,2304,1376,1472,1608,2353,1536,1664,2458,2248,2450,2329,1975,2168,1536,2304,2191,1536,0,2191,2073,2122,1440,2312,1496,1536]","[3,1,3,1,0,3,3,3,0,1,1,3,1,3,1,0,1,0,3,1,3,1,3,3,3,0,1,0,0,1,1,3,1,1,1,0,0,1,0,1,1,3,1,1,3,3,1,1,1,0,0,0,3,1,1,3,2,1,0,0,1,1,1,3]"
0,train_0000,train,7,513,"[1664,1312,1536,2240,2171,1600,1664,1536,2168,2254,2417,1664,1440,1728,2254,2112,1432,1968,1536,1384,1600,2311,1664,1408,1536,2021,2184,2017,2227,2254,2338,1472,2240,2353,2488,2434,2178,1496,2136,2304,1376,1472,1608,2353,1536,1664,2458,2248,2450,2329,1975,2168,1536,2304,2191,1536,0,2191,2073,2122,1440,2312,1496,1536]","[1539,769,1539,769,384,1539,1539,1539,384,769,769,1539,769,1539,769,384,769,384,1539,769,1539,769,1539,1539,1539,384,769,384,384,769,769,1539,769,769,769,384,384,769,384,769,769,1539,769,769,1539,1539,769,769,769,384,384,384,1539,769,769,1539,769,769,384,384,769,769,769,1539]","[0,0,0,0,0,0,0,0,64,0,0,0,0,0,0,0,0,0,0,0,0,0,0,0,0,64,0,0,0,0,0,0,0,64,0,0,0,0,0,0,0,0,0,64,0,0,0,0,0,0,64,0,0,0,0,0,0,0,0,0,0,0,64,0]","[0,0,0,0,0,0,0,0,64,0,0,0,0,0,0,0,0,0,0,0,0,0,0,0,0,64,0,0,0,0,0,0,0,64,0,0,0,0,0,0,0,0,0,64,0,0,0,0,0,0,64,0,0,0,0,0,0,0,0,0,0,0,64,0]","[2995,1917,2883,2729,2284,2939,2995,2883,2345,2742,2884,2995,2029,3051,2742,2232,2022,2106,2883,1980,2939,2792,2995,2771,2883,2217,2680,2149,2333,2742,2815,2827,2729,2892,2946,2514,2290,2078,2253,2785,1973,2827,2176,2892,2883,2995,2920,2736,2913,2422,2177,2281,2883,2785,2687,2883,769,2687,2198,2241,2029,2792,2142,2883]","[2995,1917,2883,2729,2284,2939,2995,2883,2345,2742,2884,2995,2029,3051,2742,2232,2022,2106,2883,1980,2939,2792,2995,2771,2883,2217,2680,2149,2333,2742,2815,2827,2729,2892,2946,2514,2290,2078,2253,2785,1973,2827,2176,2892,2883,2995,2920,2736,2913,2422,2177,2281,2883,2785,2687,2883,769,2687,2198,2241,2029,2792,2142,2883]","[""1"",""0"",""1"",""1"",""0"",""1"",""1"",""1"",""0"",""1"",""1"",""1"",""0"",""1"",""1"",""0"",""0"",""0"",""1"",""0"",""1"",""1"",""1"",""1"",""1"",""0"",""1"",""0"",""0"",""1"",""1"",""1"",""1"",""1"",""1"",""0"",""0"",""0"",""0"",""1"",""0"",""1"",""0"",""1"",""1"",""1"",""1"",""1"",""1"",""0"",""0"",""0"",""1"",""1"",""1"",""1"",""0"",""1"",""0"",""0"",""0"",""1"",""0"",""1""]","[0,1917,0,0,2284,0,0,0,2345,0,0,0,2029,0,0,2232,2022,2106,0,1980,0,0,0,0,0,2217,0,2149,2333,0,0,0,0,0,0,2514,2290,2078,2253,0,1973,0,2176,0,0,0,0,0,0,2422,2177,2281,0,0,0,0,769,0,2198,2241,2029,0,2142,0]","[4,1,4,2,0,4,4,4,0,2,2,4,1,4,2,0,1,0,4,1,4,2,4,4,4,0,2,0,0,2,2,4,2,2,2,0,0,1,0,2,1,4,1,2,4,4,2,2,2,0,0,0,4,2,2,4,2,2,0,0,1,2,1,4]"
0,train_0000,train,8,512,"[0,1917,0,0,2284,0,0,0,2345,0,0,0,2029,0,0,2232,2022,2106,0,1980,0,0,0,0,0,2217,0,2149,2333,0,0,0,0,0,0,2514,2290,2078,2253,0,1973,0,2176,0,0,0,0,0,0,2422,2177,2281,0,0,0,0,769,0,2198,2241,2029,0,2142,0]","[1536,768,1536,768,384,1536,1536,1536,384,768,768,1536,768,1536,768,384,768,384,1536,768,1536,768,1536,1536,1536,384,768,384,384,768,768,1536,768,768,768,384,384,768,384,768,768,1536,768,768,1536,1536,768,768,768,384,384,384,1536,768,768,1536,768,768,384,384,768,768,768,1536]","[192,0,128,192,192,256,128,64,64,64,256,64,0,192,64,128,-64,0,128,128,192,128,192,-64,0,64,192,64,192,64,320,-64,192,192,192,256,128,192,0,192,0,0,192,192,-64,128,320,192,320,192,64,128,192,192,128,128,256,128,64,128,192,192,0,256]","[192,0,128,192,192,256,128,64,64,64,256,64,0,192,64,128,-64,0,128,128,192,128,192,-64,0,64,192,64,192,64,320,-64,192,192,192,256,128,192,0,192,0,0,192,192,-64,128,320,192,320,192,64,128,192,192,128,128,256,128,64,128,192,192,0,256]","[1728,2446,1664,960,2575,1792,1664,1600,2500,832,1024,1600,2544,1728,832,2465,2474,2227,1664,2629,1728,896,1728,1472,1536,2388,960,2329,2618,832,1088,1472,960,960,960,2840,2516,2779,2356,960,2495,1536,2864,960,1472,1664,1088,960,1088,2696,2353,2508,1728,960,896,1664,1697,896,2372,2473,2736,960,2643,1792]","[1728,2446,1664,960,2575,1792,1664,1600,2500,832,1024,1600,2544,1728,832,2465,2474,2227,1664,2629,1728,896,1728,1472,1536,2388,960,2329,2618,832,1088,1472,960,960,960,2840,2516,2779,2356,960,2495,1536,2864,960,1472,1664,1088,960,1088,2696,2353,2508,1728,960,896,1664,1697,896,2372,2473,2736,960,2643,1792]","[""0"",""0"",""0"",""0"",""1"",""0"",""0"",""0"",""0"",""0"",""0"",""0"",""0"",""0"",""0"",""0"",""0"",""0"",""0"",""1"",""0"",""0"",""0"",""0"",""0"",""0"",""0"",""0"",""1"",""0"",""0"",""0"",""0"",""0"",""0"",""1"",""0"",""1"",""0"",""0"",""0"",""0"",""1"",""0"",""0"",""0"",""0"",""0"",""0"",""1"",""0"",""0"",""0"",""0"",""0"",""0"",""0"",""0"",""0"",""0"",""1"",""0"",""1"",""0""]","[1728,2446,1664,960,0,1792,1664,1600,2500,832,1024,1600,2544,1728,832,2465,2474,2227,1664,0,1728,896,1728,1472,1536,2388,960,2329,0,832,1088,1472,960,960,960,0,2516,0,2356,960,2495,1536,0,960,1472,1664,1088,960,1088,0,2353,2508,1728,960,896,1664,1697,896,2372,2473,0,960,0,1792]","[4,1,4,2,1,4,4,4,0,2,2,4,1,4,2,0,1,0,4,2,4,2,4,4,4,0,2,0,1,2,2,4,2,2,2,1,0,2,0,2,1,4,2,2,4,4,2,2,2,1,0,0,4,2,2,4,2,2,0,0,2,2,2,4]"
0,train_0000,train,9,513,"[1728,2446,1664,960,0,1792,1664,1600,2500,832,1024,1600,2544,1728,832,2465,2474,2227,1664,0,1728,896,1728,1472,1536,2388,960,2329,0,832,1088,1472,960,960,960,0,2516,0,2356,960,2495,1536,0,960,1472,1664,1088,960,1088,0,2353,2508,1728,960,896,1664,1697,896,2372,2473,0,960,0,1792]","[1539,769,1539,769,384,1539,1539,1539,384,769,769,1539,769,1539,769,384,769,384,1539,769,1539,769,1539,1539,1539,384,769,384,384,769,769,1539,769,769,769,384,384,769,384,769,769,1539,769,769,1539,1539,769,769,769,384,384,384,1539,769,769,1539,769,769,384,384,769,769,769,1539]","[0,64,0,0,0,128,64,0,0,64,0,128,0,0,64,0,0,64,0,-64,64,0,64,0,-64,128,0,0,128,192,0,0,-64,0,-64,128,64,64,256,0,0,-64,64,0,0,128,64,-64,0,128,192,64,-64,64,0,64,192,0,192,64,64,64,64,0]","[0,64,0,0,0,128,64,0,0,64,0,128,0,0,64,0,0,64,0,-64,64,0,64,0,-64,128,0,0,128,192,0,0,-64,0,-64,128,64,64,256,0,0,-64,64,0,0,128,64,-64,0,128,192,64,-64,64,0,64,192,0,192,64,64,64,64,0]","[3051,2974,2995,1609,384,3235,3059,2939,2572,1561,1665,3067,2995,3051,1561,2541,2934,2397,2995,705,3115,1553,3115,2827,2819,2602,1609,2422,512,1689,1721,2827,1545,1609,1545,512,2650,833,2702,1609,2953,2819,833,1609,2827,3123,1785,1545,1721,512,2635,2643,2987,1673,1553,3059,2446,1553,2652,2612,833,1673,833,3107]","[3051,2974,2995,1609,384,3235,3059,2939,2572,1561,1665,3067,2995,3051,1561,2541,2934,2397,2995,705,3115,1553,3115,2827,2819,2602,1609,2422,512,1689,1721,2827,1545,1609,1545,512,2650,833,2702,1609,2953,2819,833,1609,2827,3123,1785,1545,1721,512,2635,2643,2987,1673,1553,3059,2446,1553,2652,2612,833,1673,833,3107]","[""1"",""1"",""1"",""0"",""0"",""1"",""1"",""1"",""1"",""0"",""0"",""1"",""1"",""1"",""0"",""0"",""1"",""0"",""1"",""0"",""1"",""0"",""1"",""1"",""1"",""1"",""0"",""0"",""0"",""0"",""0"",""1"",""0"",""0"",""0"",""0"",""1"",""0"",""1"",""0"",""1"",""1"",""0"",""0"",""1"",""1"",""0"",""0"",""0"",""0"",""1"",""1"",""1"",""0"",""0"",""1"",""0"",""0"",""1"",""1"",""0"",""0"",""0"",""1""]","[0,0,0,1609,384,0,0,0,0,1561,1665,0,0,0,1561,2541,0,2397,0,705,0,1553,0,0,0,0,1609,2422,512,1689,1721,0,1545,1609,1545,512,0,833,0,1609,0,0,833,1609,0,0,1785,1545,1721,512,0,0,0,1673,1553,0,2446,1553,0,0,833,1673,833,0]","[5,2,5,2,1,5,5,5,1,2,2,5,2,5,2,0,2,0,5,2,5,2,5,5,5,1,2,0,1,2,2,5,2,2,2,1,1,2,1,2,2,5,2,2,5,5,2,2,2,1,1,1,5,2,2,5,2,2,1,1,2,2,2,5]"
0,train_0000,train,10,512,"[0,0,0,1609,384,0,0,0,0,1561,1665,0,0,0,1561,2541,0,2397,0,705,0,1553,0,0,0,0,1609,2422,512,1689,1721,0,1545,1609,1545,512,0,833,0,1609,0,0,833,1609,0,0,1785,1545,1721,512,0,0,0,1673,1553,0,2446,1553,0,0,833,1673,833,0]","[1536,768,1536,768,384,1536,1536,1536,384,768,768,1536,768,1536,768,384,768,384,1536,768,1536,768,1536,1536,1536,384,768,384,384,768,768,1536,768,768,768,384,384,768,384,768,768,1536,768,768,1536,1536,768,768,768,384,384,384,1536,768,768,1536,768,768,384,384,768,768,768,1536]","[192,-192,64,0,128,192,192,0,256,128,64,192,128,192,64,64,64,128,0,64,64,128,128,-128,128,0,64,64,0,128,128,-64,128,64,384,192,64,0,64,192,-64,-64,256,128,64,128,128,128,128,192,0,128,-64,128,128,64,320,192,64,192,128,128,0,0]","[192,-192,64,0,128,192,192,0,256,128,64,192,128,192,64,64,64,128,0,64,64,128,128,-128,128,0,64,64,0,128,128,-64,128,64,384,192,64,0,64,192,-64,-64,256,128,64,128,128,128,128,192,0,128,-64,128,128,64,320,192,64,192,128,128,0,0]","[1728,576,1600,2176,848,1728,1728,1536,640,2262,2289,1728,896,1728,2198,2672,832,2610,1536,1449,1600,2255,1664,1408,1664,384,2240,2568,832,2374,2402,1472,2248,2240,2504,1024,448,1497,448,2368,704,1472,1753,2304,1600,1664,2458,2248,2402,1024,384,512,1472,2360,2255,1600,3229,2319,448,576,1625,2360,1497,1536]","[1728,576,1600,2176,848,1728,1728,1536,640,2262,2289,1728,896,1728,2198,2672,832,2610,1536,1449,1600,2255,1664,1408,1664,384,2240,2568,832,2374,2402,1472,2248,2240,2504,1024,448,1497,448,2368,704,1472,1753,2304,1600,1664,2458,2248,2402,1024,384,512,1472,2360,2255,1600,3229,2319,448,576,1625,2360,1497,1536]","[""0"",""0"",""0"",""0"",""0"",""0"",""0"",""0"",""0"",""0"",""0"",""0"",""0"",""0"",""0"",""1"",""0"",""1"",""0"",""0"",""0"",""0"",""0"",""0"",""0"",""0"",""0"",""1"",""0"",""0"",""0"",""0"",""0"",""0"",""0"",""0"",""0"",""0"",""0"",""0"",""0"",""0"",""0"",""0"",""0"",""0"",""0"",""0"",""0"",""0"",""0"",""0"",""0"",""0"",""0"",""0"",""1"",""0"",""0"",""0"",""0"",""0"",""0"",""0""]","[1728,576,1600,2176,848,1728,1728,1536,640,2262,2289,1728,896,1728,2198,0,832,0,1536,1449,1600,2255,1664,1408,1664,384,2240,0,832,2374,2402,1472,2248,2240,2504,1024,448,1497,448,2368,704,1472,1753,2304,1600,1664,2458,2248,2402,1024,384,512,1472,2360,2255,1600,0,2319,448,576,1625,2360,1497,1536]","[5,2,5,2,1,5,5,5,1,2,2,5,2,5,2,1,2,1,5,2,5,2,5,5,5,1,2,1,1,2,2,5,2,2,2,1,1,2,1,2,2,5,2,2,5,5,2,2,2,1,1,1,5,2,2,5,3,2,1,1,2,2,2,5]"
0,train_0000,train,11,513,"[1728,576,1600,2176,848,1728,1728,1536,640,2262,2289,1728,896,1728,2198,0,832,0,1536,1449,1600,2255,1664,1408,1664,384,2240,0,832,2374,2402,1472,2248,2240,2504,1024,448,1497,448,2368,704,1472,1753,2304,1600,1664,2458,2248,2402,1024,384,512,1472,2360,2255,1600,0,2319,448,576,1625,2360,1497,1536]","[1539,769,1539,769,384,1539,1539,1539,384,769,769,1539,769,1539,769,384,769,384,1539,769,1539,769,1539,1539,1539,384,769,384,384,769,769,1539,769,769,769,384,384,769,384,769,769,1539,769,769,1539,1539,769,769,769,384,384,384,1539,769,769,1539,769,769,384,384,769,769,769,1539]","[0,0,0,0,0,0,0,0,64,0,64,0,0,0,-64,0,64,0,64,0,0,0,0,0,0,64,0,64,0,0,0,64,-64,128,0,64,64,0,-64,0,0,0,0,64,128,0,0,0,0,64,128,0,0,0,0,0,0,0,0,0,0,0,64,0]","[0,0,0,0,0,0,0,0,64,0,64,0,0,0,-64,0,64,0,64,0,0,0,0,0,0,64,0,64,0,0,0,64,-64,128,0,64,64,0,-64,0,0,0,0,64,128,0,0,0,0,64,128,0,0,0,0,0,0,0,0,0,0,0,64,0]","[3051,1273,2939,2673,1126,3051,3051,2883,1008,2749,2836,3051,1553,3051,2629,384,1561,384,2947,2037,2939,2743,2995,2771,2995,784,2729,448,1112,2847,2871,2891,2672,2857,2960,1344,840,2079,712,2841,1385,2827,2303,2849,3067,2995,2920,2736,2871,1344,848,832,2827,2834,2743,2939,769,2799,776,888,2191,2834,2143,2883]","[3051,1273,2939,2673,1126,3051,3051,2883,1008,2749,2836,3051,1553,3051,2629,384,1561,384,2947,2037,2939,2743,2995,2771,2995,784,2729,448,1112,2847,2871,2891,2672,2857,2960,1344,840,2079,712,2841,1385,2827,2303,2849,3067,2995,2920,2736,2871,1344,848,832,2827,2834,2743,2939,769,2799,776,888,2191,2834,2143,2883]","[""1"",""0"",""1"",""1"",""0"",""1"",""1"",""1"",""0"",""1"",""1"",""1"",""0"",""1"",""1"",""0"",""0"",""0"",""1"",""0"",""1"",""1"",""1"",""1"",""1"",""0"",""1"",""0"",""0"",""1"",""1"",""1"",""1"",""1"",""1"",""0"",""0"",""0"",""0"",""1"",""0"",""1"",""0"",""1"",""1"",""1"",""1"",""1"",""1"",""0"",""0"",""0"",""1"",""1"",""1"",""1"",""0"",""1"",""0"",""0"",""0"",""1"",""0"",""1""]","[0,1273,0,0,1126,0,0,0,1008,0,0,0,1553,0,0,384,1561,384,0,2037,0,0,0,0,0,784,0,448,1112,0,0,0,0,0,0,1344,840,2079,712,0,1385,0,2303,0,0,0,0,0,0,1344,848,832,0,0,0,0,769,0,776,888,2191,0,2143,0]","[6,2,6,3,1,6,6,6,1,3,3,6,2,6,3,1,2,1,6,2,6,3,6,6,6,1,3,1,1,3,3,6,3,3,3,1,1,2,1,3,2,6,2,3,6,6,3,3,3,1,1,1,6,3,3,6,3,3,1,1,2,3,2,6]"
0,train_0000,train,12,512,"[0,1273,0,0,1126,0,0,0,1008,0,0,0,1553,0,0,384,1561,384,0,2037,0,0,0,0,0,784,0,448,1112,0,0,0,0,0,0,1344,840,2079,712,0,1385,0,2303,0,0,0,0,0,0,1344,848,832,0,0,0,0,769,0,776,888,2191,0,2143,0]","[1536,768,1536,768,384,1536,1536,1536,384,768,768,1536,768,1536,768,384,768,384,1536,768,1536,768,1536,1536,1536,384,768,384,384,768,768,1536,768,768,768,384,384,768,384,768,768,1536,768,768,1536,1536,768,768,768,384,384,384,1536,768,768,1536,768,768,384,384,768,768,768,1536]","[192,0,128,192,192,256,128,64,64,64,256,64,0,192,64,128,-64,0,128,128,192,128,192,-64,0,64,192,64,192,64,320,-64,192,192,192,256,128,192,0,192,0,0,192,192,-64,128,320,192,320,192,64,128,192,192,128,128,256,128,64,128,192,192,0,256]","[192,0,128,192,192,256,128,64,64,64,256,64,0,192,64,128,-64,0,128,128,192,128,192,-64,0,64,192,64,192,64,320,-64,192,192,192,256,128,192,0,192,0,0,192,192,-64,128,320,192,320,192,64,128,192,192,128,128,256,128,64,128,192,192,0,256]","[1728,1882,1664,960,1562,1792,1664,1600,1330,832,1024,1600,2127,1728,832,848,2070,720,1664,2679,1728,896,1728,1472,1536,1134,960,840,1549,832,1088,1472,960,960,960,1816,1247,2780,1007,960,1980,1536,2976,960,1472,1664,1088,960,1088,1752,1190,1240,1728,960,896,1664,1697,896,1127,1289,2878,960,2644,1792]","[1728,1882,1664,960,1562,1792,1664,1600,1330,832,1024,1600,2127,1728,832,848,2070,720,1664,2679,1728,896,1728,1472,1536,1134,960,840,1549,832,1088,1472,960,960,960,1816,1247,2780,1007,960,1980,1536,2976,960,1472,1664,1088,960,1088,1752,1190,1240,1728,960,896,1664,1697,896,1127,1289,2878,960,2644,1792]","[""0"",""0"",""0"",""0"",""0"",""0"",""0"",""0"",""0"",""0"",""0"",""0"",""0"",""0"",""0"",""0"",""0"",""0"",""0"",""1"",""0"",""0"",""0"",""0"",""0"",""0"",""0"",""0"",""0"",""0"",""0"",""0"",""0"",""0"",""0"",""0"",""0"",""1"",""0"",""0"",""0"",""0"",""1"",""0"",""0"",""0"",""0"",""0"",""0"",""0"",""0"",""0"",""0"",""0"",""0"",""0"",""0"",""0"",""0"",""0"",""1"",""0"",""1"",""0""]","[1728,1882,1664,960,1562,1792,1664,1600,1330,832,1024,1600,2127,1728,832,848,2070,720,1664,0,1728,896,1728,1472,1536,1134,960,840,1549,832,1088,1472,960,960,960,1816,1247,0,1007,960,1980,1536,0,960,1472,1664,1088,960,1088,1752,1190,1240,1728,960,896,1664,1697,896,1127,1289,0,960,0,1792]","[6,2,6,3,1,6,6,6,1,3,3,6,2,6,3,1,2,1,6,3,6,3,6,6,6,1,3,1,1,3,3,6,3,3,3,1,1,3,1,3,2,6,3,3,6,6,3,3,3,1,1,1,6,3,3,6,3,3,1,1,3,3,3,6]"
0,train_0000,train,13,513,"[1728,1882,1664,960,1562,1792,1664,1600,1330,832,1024,1600,2127,1728,832,848,2070,720,1664,0,1728,896,1728,1472,1536,1134,960,840,1549,832,1088,1472,960,960,960,1816,1247,0,1007,960,1980,1536,0,960,1472,1664,1088,960,1088,1752,1190,1240,1728,960,896,1664,1697,896,1127,1289,0,960,0,1792]","[1539,769,1539,769,384,1539,1539,1539,384,769,769,1539,769,1539,769,384,769,384,1539,769,1539,769,1539,1539,1539,384,769,384,384,769,769,1539,769,769,769,384,384,769,384,769,769,1539,769,769,1539,1539,769,769,769,384,384,384,1539,769,769,1539,769,769,384,384,769,769,769,1539]","[-64,0,0,64,0,64,64,64,0,64,0,64,0,0,64,0,0,0,64,-128,0,64,64,0,-64,64,-64,0,128,128,0,0,-64,0,0,128,64,64,192,0,0,-64,64,0,0,128,64,-64,64,128,128,0,-128,0,0,64,128,0,64,64,0,0,64,0]","[-64,0,0,64,0,64,64,64,0,64,0,64,0,0,64,0,0,0,64,-128,0,64,64,0,-64,64,-64,0,128,128,0,0,-64,0,0,128,64,64,192,0,0,-64,64,0,0,128,64,-64,64,128,128,0,-128,0,0,64,128,0,64,64,0,0,64,0]","[2987,2416,2995,1673,1751,3171,3059,3003,1548,1561,1665,3003,2631,3051,1561,1126,2581,1014,3059,641,3051,1617,3115,2827,2819,1441,1545,1119,1868,1625,1721,2827,1545,1609,1609,2101,1540,833,1458,1609,2502,2819,833,1609,2827,3123,1785,1545,1785,2045,1554,1469,2923,1609,1553,3059,2382,1553,1435,1576,769,1609,833,3107]","[2987,2416,2995,1673,1751,3171,3059,3003,1548,1561,1665,3003,2631,3051,1561,1126,2581,1014,3059,641,3051,1617,3115,2827,2819,1441,1545,1119,1868,1625,1721,2827,1545,1609,1609,2101,1540,833,1458,1609,2502,2819,833,1609,2827,3123,1785,1545,1785,2045,1554,1469,2923,1609,1553,3059,2382,1553,1435,1576,769,1609,833,3107]","[""1"",""0"",""1"",""0"",""0"",""1"",""1"",""1"",""0"",""0"",""0"",""1"",""1"",""1"",""0"",""0"",""1"",""0"",""1"",""0"",""1"",""0"",""1"",""1"",""1"",""0"",""0"",""0"",""0"",""0"",""0"",""1"",""0"",""0"",""0"",""0"",""0"",""0"",""0"",""0"",""0"",""1"",""0"",""0"",""1"",""1"",""0"",""0"",""0"",""0"",""0"",""0"",""1"",""0"",""0"",""1"",""0"",""0"",""0"",""0"",""0"",""0"",""0"",""1""]","[0,2416,0,1673,1751,0,0,0,1548,1561,1665,0,0,0,1561,1126,0,1014,0,641,0,1617,0,0,0,1441,1545,1119,1868,1625,1721,0,1545,1609,1609,2101,1540,833,1458,1609,2502,0,833,1609,0,0,1785,1545,1785,2045,1554,1469,0,1609,1553,0,2382,1553,1435,1576,769,1609,833,0]","[7,2,7,3,1,7,7,7,1,3,3,7,3,7,3,1,3,1,7,3,7,3,7,7,7,1,3,1,1,3,3,7,3,3,3,1,1,3,1,3,2,7,3,3,7,7,3,3,3,1,1,1,7,3,3,7,3,3,1,1,3,3,3,7]"
0,train_0000,train,14,513,"[0,2416,0,1673,1751,0,0,0,1548,1561,1665,0,0,0,1561,1126,0,1014,0,641,0,1617,0,0,0,1441,1545,1119,1868,1625,1721,0,1545,1609,1609,2101,1540,833,1458,1609,2502,0,833,1609,0,0,1785,1545,1785,2045,1554,1469,0,1609,1553,0,2382,1553,1435,1576,769,1609,833,0]","[1539,769,1539,769,384,1539,1539,1539,384,769,769,1539,769,1539,769,384,769,384,1539,769,1539,769,1539,1539,1539,384,769,384,384,769,769,1539,769,769,769,384,384,769,384,769,769,1539,769,769,1539,1539,769,769,769,384,384,384,1539,769,769,1539,769,769,384,384,769,769,769,1539]","[128,-128,64,0,128,64,128,0,128,64,192,128,0,192,64,64,0,64,0,64,64,128,128,-128,64,0,64,64,64,64,64,-64,128,128,256,192,128,0,64,128,-64,-64,64,128,0,128,128,128,64,128,-64,128,0,128,64,0,256,64,128,64,0,128,0,0]","[128,-128,64,0,128,64,128,0,128,64,192,128,0,192,64,64,0,64,0,64,64,128,128,-128,64,0,64,64,64,64,64,-64,128,128,256,192,128,0,64,128,-64,-64,64,128,0,128,128,128,64,128,-64,128,0,128,64,0,256,64,128,64,0,128,0,0]","[1667,2755,1603,2233,2045,1603,1667,1539,1867,2199,2418,1667,769,1731,2199,1434,769,1336,1539,1394,1603,2312,1667,1411,1603,1645,2185,1428,2083,2255,2339,1475,2249,2305,2433,2415,1860,1498,1724,2305,2895,1475,1562,2305,1539,1667,2459,2249,2395,2302,1680,1798,1539,2305,2192,1539,3110,2192,1768,1827,1442,2305,1498,1539]","[1667,2755,1603,2233,2045,1603,1667,1539,1867,2199,2418,1667,769,1731,2199,1434,769,1336,1539,1394,1603,2312,1667,1411,1603,1645,2185,1428,2083,2255,2339,1475,2249,2305,2433,2415,1860,1498,1724,2305,2895,1475,1562,2305,1539,1667,2459,2249,2395,2302,1680,1798,1539,2305,2192,1539,3110,2192,1768,1827,1442,2305,1498,1539]","[""0"",""1"",""0"",""0"",""0"",""0"",""0"",""0"",""0"",""0"",""0"",""0"",""0"",""0"",""0"",""0"",""0"",""0"",""0"",""0"",""0"",""0"",""0"",""0"",""0"",""0"",""0"",""0"",""0"",""0"",""0"",""0"",""0"",""0"",""0"",""0"",""0"",""0"",""0"",""0"",""1"",""0"",""0"",""0"",""0"",""0"",""0"",""0"",""0"",""0"",""0"",""0"",""0"",""0"",""0"",""0"",""1"",""0"",""0"",""0"",""0"",""0"",""0"",""0""]","[1667,0,1603,2233,2045,1603,1667,1539,1867,2199,2418,1667,769,1731,2199,1434,769,1336,1539,1394,1603,2312,1667,1411,1603,1645,2185,1428,2083,2255,2339,1475,2249,2305,2433,2415,1860,1498,1724,2305,0,1475,1562,2305,1539,1667,2459,2249,2395,2302,1680,1798,1539,2305,2192,1539,0,2192,1768,1827,1442,2305,1498,1539]","[7,3,7,3,1,7,7,7,1,3,3,7,3,7,3,1,3,1,7,3,7,3,7,7,7,1,3,1,1,3,3,7,3,3,3,1,1,3,1,3,3,7,3,3,7,7,3,3,3,1,1,1,7,3,3,7,4,3,1,1,3,3,3,7]"
0,train_0000,train,15,513,"[1667,0,1603,2233,2045,1603,1667,1539,1867,2199,2418,1667,769,1731,2199,1434,769,1336,1539,1394,1603,2312,1667,1411,1603,1645,2185,1428,2083,2255,2339,1475,2249,2305,2433,2415,1860,1498,1724,2305,0,1475,1562,2305,1539,1667,2459,2249,2395,2302,1680,1798,1539,2305,2192,1539,0,2192,1768,1827,1442,2305,1498,1539]","[1539,769,1539,769,384,1539,1539,1539,384,769,769,1539,769,1539,769,384,769,384,1539,769,1539,769,1539,1539,1539,384,769,384,384,769,769,1539,769,769,769,384,384,769,384,769,769,1539,769,769,1539,1539,769,769,769,384,384,384,1539,769,769,1539,769,769,384,384,769,769,769,1539]","[0,0,0,0,0,0,0,0,64,64,0,0,0,0,64,0,0,0,0,0,0,0,0,0,0,64,0,0,0,0,0,0,0,64,64,0,0,0,0,0,0,0,64,64,-64,64,0,0,64,0,64,0,-64,0,0,0,0,0,-64,0,0,0,64,0]","[0,0,0,0,0,0,0,0,64,64,0,0,0,0,64,0,0,0,0,0,0,0,0,0,0,64,0,0,0,0,0,0,0,64,64,0,0,0,0,0,0,0,64,64,-64,64,0,0,64,0,64,0,-64,0,0,0,0,0,-64,0,0,0,64,0]","[2998,769,2942,2723,2174,2942,2998,2886,2082,2758,2885,2998,1442,3054,2758,1639,1442,1553,2886,1989,2942,2792,2998,2774,2942,1888,2681,1634,2207,2743,2816,2830,2737,2850,2962,2498,2012,2080,1893,2786,769,2830,2200,2850,2822,3062,2921,2737,2929,2399,1918,1958,2822,2786,2687,2886,769,2687,1867,1983,2031,2786,2144,2886]","[2998,769,2942,2723,2174,2942,2998,2886,2082,2758,2885,2998,1442,3054,2758,1639,1442,1553,2886,1989,2942,2792,2998,2774,2942,1888,2681,1634,2207,2743,2816,2830,2737,2850,2962,2498,2012,2080,1893,2786,769,2830,2200,2850,2822,3062,2921,2737,2929,2399,1918,1958,2822,2786,2687,2886,769,2687,1867,1983,2031,2786,2144,2886]","[""1"",""0"",""1"",""1"",""0"",""1"",""1"",""1"",""0"",""1"",""1"",""1"",""0"",""1"",""1"",""0"",""0"",""0"",""1"",""0"",""1"",""1"",""1"",""1"",""1"",""0"",""1"",""0"",""0"",""1"",""1"",""1"",""1"",""1"",""1"",""0"",""0"",""0"",""0"",""1"",""0"",""1"",""0"",""1"",""1"",""1"",""1"",""1"",""1"",""0"",""0"",""0"",""1"",""1"",""1"",""1"",""0"",""1"",""0"",""0"",""0"",""1"",""0"",""1""]","[0,769,0,0,2174,0,0,0,2082,0,0,0,1442,0,0,1639,1442,1553,0,1989,0,0,0,0,0,1888,0,1634,2207,0,0,0,0,0,0,2498,2012,2080,1893,0,769,0,2200,0,0,0,0,0,0,2399,1918,1958,0,0,0,0,769,0,1867,1983,2031,0,2144,0]","[8,3,8,4,1,8,8,8,1,4,4,8,3,8,4,1,3,1,8,3,8,4,8,8,8,1,4,1,1,4,4,8,4,4,4,1,1,3,1,4,3,8,3,4,8,8,4,4,4,1,1,1,8,4,4,8,4,4,1,1,3,4,3,8]"
0,train_0000,train,16,513,"[0,769,0,0,2174,0,0,0,2082,0,0,0,1442,0,0,1639,1442,1553,0,1989,0,0,0,0,0,1888,0,1634,2207,0,0,0,0,0,0,2498,2012,2080,1893,0,769,0,2200,0,0,0,0,0,0,2399,1918,1958,0,0,0,0,769,0,1867,1983,2031,0,2144,0]","[1539,769,1539,769,384,1539,1539,1539,384,769,769,1539,769,1539,769,384,769,384,1539,769,1539,769,1539,1539,1539,384,769,384,384,769,769,1539,769,769,769,384,384,769,384,769,769,1539,769,769,1539,1539,769,769,769,384,384,384,1539,769,769,1539,769,769,384,384,769,769,769,1539]","[192,0,128,192,192,256,128,64,64,64,256,64,0,192,64,128,-64,0,128,128,192,128,192,-64,0,64,192,64,192,64,320,-64,192,192,192,256,128,192,0,192,0,0,192,192,-64,128,320,192,320,192,64,128,192,192,128,128,256,128,64,128,192,192,0,256]","[192,0,128,192,192,256,128,64,64,64,256,64,0,192,64,128,-64,0,128,128,192,128,192,-64,0,64,192,64,192,64,320,-64,192,192,192,256,128,192,0,192,0,0,192,192,-64,128,320,192,320,192,64,128,192,192,128,128,256,128,64,128,192,192,0,256]","[1731,1442,1667,961,2479,1795,1667,1603,2270,833,1025,1603,2031,1731,833,1947,1967,1743,1667,2638,1731,897,1731,1475,1539,2100,961,1878,2508,833,1089,1475,961,961,961,2826,2273,2781,2041,961,1442,1539,2886,961,1475,1667,1089,961,1089,2676,2127,2226,1731,961,897,1667,1698,897,2082,2248,2739,961,2645,1795]","[1731,1442,1667,961,2479,1795,1667,1603,2270,833,1025,1603,2031,1731,833,1947,1967,1743,1667,2638,1731,897,1731,1475,1539,2100,961,1878,2508,833,1089,1475,961,961,961,2826,2273,2781,2041,961,1442,1539,2886,961,1475,1667,1089,961,1089,2676,2127,2226,1731,961,897,1667,1698,897,2082,2248,2739,961,2645,1795]","[""0"",""0"",""0"",""0"",""0"",""0"",""0"",""0"",""0"",""0"",""0"",""0"",""0"",""0"",""0"",""0"",""0"",""0"",""0"",""1"",""0"",""0"",""0"",""0"",""0"",""0"",""0"",""0"",""0"",""0"",""0"",""0"",""0"",""0"",""0"",""1"",""0"",""1"",""0"",""0"",""0"",""0"",""1"",""0"",""0"",""0"",""0"",""0"",""0"",""1"",""0"",""0"",""0"",""0"",""0"",""0"",""0"",""0"",""0"",""0"",""1"",""0"",""1"",""0""]","[1731,1442,1667,961,2479,1795,1667,1603,2270,833,1025,1603,2031,1731,833,1947,1967,1743,1667,0,1731,897,1731,1475,1539,2100,961,1878,2508,833,1089,1475,961,961,961,0,2273,0,2041,961,1442,1539,0,961,1475,1667,1089,961,1089,0,2127,2226,1731,961,897,1667,1698,897,2082,2248,0,961,0,1795]","[8,3,8,4,1,8,8,8,1,4,4,8,3,8,4,1,3,1,8,4,8,4,8,8,8,1,4,1,1,4,4,8,4,4,4,2,1,4,1,4,3,8,4,4,8,8,4,4,4,2,1,1,8,4,4,8,4,4,1,1,4,4,4,8]"
0,train_0000,train,17,513,"[1731,1442,1667,961,2479,1795,1667,1603,2270,833,1025,1603,2031,1731,833,1947,1967,1743,1667,0,1731,897,1731,1475,1539,2100,961,1878,2508,833,1089,1475,961,961,961,0,2273,0,2041,961,1442,1539,0,961,1475,1667,1089,961,1089,0,2127,2226,1731,961,897,1667,1698,897,2082,2248,0,961,0,1795]","[1539,769,1539,769,384,1539,1539,1539,384,769,769,1539,769,1539,769,384,769,384,1539,769,1539,769,1539,1539,1539,384,769,384,384,769,769,1539,769,769,769,384,384,769,384,769,769,1539,769,769,1539,1539,769,769,769,384,384,384,1539,769,769,1539,769,769,384,384,769,769,769,1539]","[-64,64,0,0,0,64,64,0,0,64,0,64,0,0,64,0,0,0,64,-128,64,0,64,0,-64,64,0,0,128,128,0,0,-64,0,-64,128,64,64,192,0,0,-64,64,0,0,128,64,-64,0,128,192,0,-128,64,0,64,192,0,64,64,64,0,64,0]","[-64,64,0,0,0,64,64,0,0,64,0,64,0,0,64,0,0,0,64,-128,64,0,64,0,-64,64,0,0,128,128,0,0,-64,0,-64,128,64,64,192,0,0,-64,64,0,0,128,64,-64,0,128,192,0,-128,64,0,64,192,0,64,64,64,0,64,0]","[2990,2095,2998,1610,2554,3174,3062,2942,2371,1562,1666,3006,2547,3054,1562,2088,2491,1910,3062,641,3118,1554,3118,2830,2822,2286,1610,2028,2707,1626,1722,2830,1546,1610,1546,512,2437,833,2362,1610,2031,2822,833,1610,2830,3126,1786,1546,1722,512,2438,2332,2926,1674,1554,3062,2447,1554,2270,2415,833,1610,833,3110]","[2990,2095,2998,1610,2554,3174,3062,2942,2371,1562,1666,3006,2547,3054,1562,2088,2491,1910,3062,641,3118,1554,3118,2830,2822,2286,1610,2028,2707,1626,1722,2830,1546,1610,1546,512,2437,833,2362,1610,2031,2822,833,1610,2830,3126,1786,1546,1722,512,2438,2332,2926,1674,1554,3062,2447,1554,2270,2415,833,1610,833,3110]","[""1"",""0"",""1"",""0"",""0"",""1"",""1"",""1"",""0"",""0"",""0"",""1"",""0"",""1"",""0"",""0"",""0"",""0"",""1"",""0"",""1"",""0"",""1"",""1"",""1"",""0"",""0"",""0"",""1"",""0"",""0"",""1"",""0"",""0"",""0"",""0"",""0"",""0"",""0"",""0"",""0"",""1"",""0"",""0"",""1"",""1"",""0"",""0"",""0"",""0"",""0"",""0"",""1"",""0"",""0"",""1"",""0"",""0"",""0"",""0"",""0"",""0"",""0"",""1""]","[0,2095,0,1610,2554,0,0,0,2371,1562,1666,0,2547,0,1562,2088,2491,1910,0,641,0,1554,0,0,0,2286,1610,2028,0,1626,1722,0,1546,1610,1546,512,2437,833,2362,1610,2031,0,833,1610,0,0,1786,1546,1722,512,2438,2332,0,1674,1554,0,2447,1554,2270,2415,833,1610,833,0]","[9,3,9,4,1,9,9,9,1,4,4,9,3,9,4,1,3,1,9,4,9,4,9,9,9,1,4,1,2,4,4,9,4,4,4,2,1,4,1,4,3,9,4,4,9,9,4,4,4,2,1,1,9,4,4,9,4,4,1,1,4,4,4,9]"
0,train_0000,train,18,513,"[0,2095,0,1610,2554,0,0,0,2371,1562,1666,0,2547,0,1562,2088,2491,1910,0,641,0,1554,0,0,0,2286,1610,2028,0,1626,1722,0,1546,1610,1546,512,2437,833,2362,1610,2031,0,833,1610,0,0,1786,1546,1722,512,2438,2332,0,1674,1554,0,2447,1554,2270,2415,833,1610,833,0]","[1539,769,1539,769,384,1539,1539,1539,384,769,769,1539,769,1539,769,384,769,384,1539,769,1539,769,1539,1539,1539,384,769,384,384,769,769,1539,769,769,769,384,384,769,384,769,769,1539,769,769,1539,1539,769,769,769,384,384,384,1539,769,769,1539,769,769,384,384,769,769,769,1539]","[128,-128,0,64,64,128,128,0,128,64,192,192,0,192,64,128,-64,64,0,64,64,128,128,-128,0,0,64,64,64,128,64,-64,64,128,256,128,64,0,64,128,-64,-64,0,128,0,128,128,128,64,128,-64,128,0,128,64,0,256,64,128,64,0,256,0,0]","[128,-128,0,64,64,128,128,0,128,64,192,192,0,192,64,128,-64,64,0,64,64,128,128,-128,0,0,64,64,64,128,64,-64,64,128,256,128,64,0,64,128,-64,-64,0,128,0,128,128,128,64,128,-64,128,0,128,64,0,256,64,128,64,0,256,0,0]","[1667,2475,1539,2242,2683,1667,1667,1539,2587,2200,2419,1731,2998,1731,2200,2339,2885,2120,1539,1394,1603,2257,1667,1411,1539,2385,2242,2223,448,2320,2340,1475,2186,2306,2378,960,2581,1498,2515,2306,2483,1475,1498,2306,1539,1667,2460,2250,2340,960,2454,2553,1539,2362,2193,1539,3167,2193,2499,2562,1498,2434,1498,1539]","[1667,2475,1539,2242,2683,1667,1667,1539,2587,2200,2419,1731,2998,1731,2200,2339,2885,2120,1539,1394,1603,2257,1667,1411,1539,2385,2242,2223,448,2320,2340,1475,2186,2306,2378,960,2581,1498,2515,2306,2483,1475,1498,2306,1539,1667,2460,2250,2340,960,2454,2553,1539,2362,2193,1539,3167,2193,2499,2562,1498,2434,1498,1539]","[""0"",""0"",""0"",""0"",""1"",""0"",""0"",""0"",""1"",""0"",""0"",""0"",""1"",""0"",""0"",""0"",""1"",""0"",""0"",""0"",""0"",""0"",""0"",""0"",""0"",""0"",""0"",""0"",""0"",""0"",""0"",""0"",""0"",""0"",""0"",""0"",""1"",""0"",""0"",""0"",""0"",""0"",""0"",""0"",""0"",""0"",""0"",""0"",""0"",""0"",""0"",""0"",""0"",""0"",""0"",""0"",""1"",""0"",""0"",""1"",""0"",""0"",""0"",""0""]","[1667,2475,1539,2242,0,1667,1667,1539,0,2200,2419,1731,0,1731,2200,2339,0,2120,1539,1394,1603,2257,1667,1411,1539,2385,2242,2223,448,2320,2340,1475,2186,2306,2378,960,0,1498,2515,2306,2483,1475,1498,2306,1539,1667,2460,2250,2340,960,2454,2553,1539,2362,2193,1539,0,2193,2499,0,1498,2434,1498,1539]","[9,3,9,4,2,9,9,9,2,4,4,9,4,9,4,1,4,1,9,4,9,4,9,9,9,1,4,1,2,4,4,9,4,4,4,2,2,4,1,4,3,9,4,4,9,9,4,4,4,2,1,1,9,4,4,9,5,4,1,2,4,4,4,9]"
0,train_0000,train,19,513,"[1667,2475,1539,2242,0,1667,1667,1539,0,2200,2419,1731,0,1731,2200,2339,0,2120,1539,1394,1603,2257,1667,1411,1539,2385,2242,2223,448,2320,2340,1475,2186,2306,2378,960,0,1498,2515,2306,2483,1475,1498,2306,1539,1667,2460,2250,2340,960,2454,2553,1539,2362,2193,1539,0,2193,2499,0,1498,2434,1498,1539]","[1539,769,1539,769,384,1539,1539,1539,384,769,769,1539,769,1539,769,384,769,384,1539,769,1539,769,1539,1539,1539,384,769,384,384,769,769,1539,769,769,769,384,384,769,384,769,769,1539,769,769,1539,1539,769,769,769,384,384,384,1539,769,769,1539,769,769,384,384,769,769,769,1539]","[64,-64,64,-64,64,0,64,0,64,0,-64,0,128,0,0,-64,64,128,-64,64,0,0,0,0,128,128,0,0,0,64,0,0,64,64,0,64,64,0,64,64,0,0,64,64,64,0,0,0,0,64,64,64,128,0,64,0,0,0,128,64,64,0,64,-64]","[64,-64,64,-64,64,0,64,0,64,0,-64,0,128,0,0,-64,64,128,-64,64,0,0,0,0,128,128,0,0,0,64,0,0,64,64,0,64,64,0,64,64,0,0,64,64,64,0,0,0,0,64,64,64,128,0,64,0,0,0,128,64,64,0,64,-64]","[3062,2871,2950,2667,448,2998,3062,2886,448,2694,2822,3054,897,3054,2694,2367,833,2367,2822,2053,2942,2744,2998,2774,3014,2599,2731,2330,776,2863,2817,2830,2746,2851,2850,1288,448,2080,2649,2851,2942,2830,2144,2851,2950,2998,2922,2738,2817,1288,2596,2682,3014,2836,2752,2886,769,2688,2699,448,2144,2899,2144,2822]","[3062,2871,2950,2667,448,2998,3062,2886,448,2694,2822,3054,897,3054,2694,2367,833,2367,2822,2053,2942,2744,2998,2774,3014,2599,2731,2330,776,2863,2817,2830,2746,2851,2850,1288,448,2080,2649,2851,2942,2830,2144,2851,2950,2998,2922,2738,2817,1288,2596,2682,3014,2836,2752,2886,769,2688,2699,448,2144,2899,2144,2822]","[""1"",""1"",""1"",""1"",""0"",""1"",""1"",""1"",""0"",""1"",""1"",""1"",""0"",""1"",""1"",""0"",""0"",""0"",""1"",""0"",""1"",""1"",""1"",""1"",""1"",""1"",""1"",""0"",""0"",""1"",""1"",""1"",""1"",""1"",""1"",""0"",""0"",""0"",""1"",""1"",""1"",""1"",""0"",""1"",""1"",""1"",""1"",""1"",""1"",""0"",""1"",""1"",""1"",""1"",""1"",""1"",""0"",""1"",""1"",""0"",""0"",""1"",""0"",""1""]","[0,0,0,0,448,0,0,0,448,0,0,0,897,0,0,2367,833,2367,0,2053,0,0,0,0,0,0,0,2330,776,0,0,0,0,0,0,1288,448,2080,0,0,0,0,2144,0,0,0,0,0,0,1288,0,0,0,0,0,0,769,0,0,448,2144,0,2144,0]","[10,4,10,5,2,10,10,10,2,5,5,10,4,10,5,1,4,1,10,4,10,5,10,10,10,2,5,1,2,5,5,10,5,5,5,2,2,4,2,5,4,10,4,5,10,10,5,5,5,2,2,2,10,5,5,10,5,5,2,2,4,5,4,10]"
1,train_0001,train,0,523,"[0,0,0,0,0,0,0,0,0,0,0,0,0,0,0,0,0,0,0,0,0,0,0,0,0,0,0,0,0,0,0,0,0,0,0,0,0,0,0,0,0,0,0,0,0,0,0,0,0,0,0,0,0,0,0,0,0,0,0,0,0,0,0,0]","[1569,784,1569,784,392,1569,1569,1569,392,784,784,1569,784,1569,784,392,784,392,1569,784,1569,784,1569,1569,1569,392,784,392,392,784,784,1569,784,784,784,392,392,784,392,784,784,1569,784,784,1569,1569,784,784,784,392,392,392,1569,784,784,1569,784,784,392,392,784,784,784,1569]","[0,0,0,0,0,0,0,0,0,0,0,0,0,0,0,0,0,0,0,0,0,0,0,0,0,0,0,0,0,0,0,0,0,0,0,0,0,0,0,0,0,0,0,0,0,0,0,0,0,0,0,0,0,0,0,0,0,0,0,0,0,0,0,0]","[0,0,0,0,0,0,0,0,0,0,0,0,0,0,0,0,0,0,0,0,0,0,0,0,0,0,0,0,0,0,0,0,0,0,0,0,0,0,0,0,0,0,0,0,0,0,0,0,0,0,0,0,0,0,0,0,0,0,0,0,0,0,0,0]","[1569,784,1569,784,392,1569,1569,1569,392,784,784,1569,784,1569,784,392,784,392,1569,784,1569,784,1569,1569,1569,392,784,392,392,784,784,1569,784,784,784,392,392,784,392,784,784,1569,784,784,1569,1569,784,784,784,392,392,392,1569,784,784,1569,784,784,392,392,784,784,784,1569]","[1569,784,1569,784,392,1569,1569,1569,392,784,784,1569,784,1569,784,392,784,392,1569,784,1569,784,1569,1569,1569,392,784,392,392,784,784,1569,784,784,784,392,392,784,392,784,784,1569,784,784,1569,1569,784,784,784,392,392,392,1569,784,784,1569,784,784,392,392,784,784,784,1569]","[""0"",""0"",""0"",""0"",""0"",""0"",""0"",""0"",""0"",""0"",""0"",""0"",""0"",""0"",""0"",""0"",""0"",""0"",""0"",""0"",""0"",""0"",""0"",""0"",""0"",""0"",""0"",""0"",""0"",""0"",""0"",""0"",""0"",""0"",""0"",""0"",""0"",""0"",""0"",""0"",""0"",""0"",""0"",""0"",""0"",""0"",""0"",""0"",""0"",""0"",""0"",""0"",""0"",""0"",""0"",""0"",""0"",""0"",""0"",""0"",""0"",""0"",""0"",""0""]","[1569,784,1569,784,392,1569,1569,1569,392,784,784,1569,784,1569,784,392,784,392,1569,784,1569,784,1569,1569,1569,392,784,392,392,784,784,1569,784,784,784,392,392,784,392,784,784,1569,784,784,1569,1569,784,784,784,392,392,392,1569,784,784,1569,784,784,392,392,784,784,784,1569]","[0,0,0,0,0,0,0,0,0,0,0,0,0,0,0,0,0,0,0,0,0,0,0,0,0,0,0,0,0,0,0,0,0,0,0,0,0,0,0,0,0,0,0,0,0,0,0,0,0,0,0,0,0,0,0,0,0,0,0,0,0,0,0,0]"
1,train_0001,train,1,524,"[1569,784,1569,784,392,1569,1569,1569,392,784,784,1569,784,1569,784,392,784,392,1569,784,1569,784,1569,1569,1569,392,784,392,392,784,784,1569,784,784,784,392,392,784,392,784,784,1569,784,784,1569,1569,784,784,784,392,392,392,1569,784,784,1569,784,784,392,392,784,784,784,1569]","[1572,786,1572,786,393,1572,1572,1572,393,786,786,1572,786,1572,786,393,786,393,1572,786,1572,786,1572,1572,1572,393,786,393,393,786,786,1572,786,786,786,393,393,786,393,786,786,1572,786,786,1572,1572,786,786,786,393,393,393,1572,786,786,1572,786,786,393,393,786,786,786,1572]","[0,0,0,0,0,0,0,0,0,0,0,0,0,0,0,0,0,0,0,0,0,0,0,0,0,0,0,0,0,0,0,0,0,0,0,0,0,0,0,0,0,0,0,0,0,0,0,0,0,0,0,0,0,0,0,0,0,0,0,0,0,0,0,0]","[0,0,0,0,0,0,0,0,0,0,0,0,0,0,0,0,0,0,0,0,0,0,0,0,0,0,0,0,0,0,0,0,0,0,0,0,0,0,0,0,0,0,0,0,0,0,0,0,0,0,0,0,0,0,0,0,0,0,0,0,0,0,0,0]","[2945,1472,2945,1472,736,2945,2945,2945,736,1472,1472,2945,1472,2945,1472,736,1472,736,2945,1472,2945,1472,2945,2945,2945,736,1472,736,736,1472,1472,2945,1472,1472,1472,736,736,1472,736,1472,1472,2945,1472,1472,2945,2945,1472,1472,1472,736,736,736,2945,1472,1472,2945,1472,1472,736,736,1472,1472,1472,2945]","[2945,1472,2945,1472,736,2945,2945,2945,736,1472,1472,2945,1472,2945,1472,736,1472,736,2945,1472,2945,1472,2945,2945,2945,736,1472,736,736,1472,1472,2945,1472,1472,1472,736,736,1472,736,1472,1472,2945,1472,1472,2945,2945,1472,1472,1472,736,736,736,2945,1472,1472,2945,1472,1472,736,736,1472,1472,1472,2945]","[""1"",""0"",""1"",""0"",""0"",""1"",""1"",""1"",""0"",""0"",""0"",""1"",""0"",""1"",""0"",""0"",""0"",""0"",""1"",""0"",""1"",""0"",""1"",""1"",""1"",""0"",""0"",""0"",""0"",""0"",""0"",""1"",""0"",""0"",""0"",""0"",""0"",""0"",""0"",""0"",""0"",""1"",""0"",""0"",""1"",""1"",""0"",""0"",""0"",""0"",""0"",""0"",""1"",""0"",""0"",""1"",""0"",""0"",""0"",""0"",""0"",""0"",""0"",""1""]","[0,1472,0,1472,736,0,0,0,736,1472,1472,0,1472,0,1472,736,1472,736,0,1472,0,1472,0,0,0,736,1472,736,736,1472,1472,0,1472,1472,1472,736,736,1472,736,1472,1472,0,1472,1472,0,0,1472,1472,1472,736,736,736,0,1472,1472,0,1472,1472,736,736,1472,1472,1472,0]","[1,0,1,0,0,1,1,1,0,0,0,1,0,1,0,0,0,0,1,0,1,0,1,1,1,0,0,0,0,0,0,1,0,0,0,0,0,0,0,0,0,1,0,0,1,1,0,0,0,0,0,0,1,0,0,1,0,0,0,0,0,0,0,1]"
1,train_0001,train,2,531,"[0,1472,0,1472,736,0,0,0,736,1472,1472,0,1472,0,1472,736,1472,736,0,1472,0,1472,0,0,0,736,1472,736,736,1472,1472,0,1472,1472,1472,736,736,1472,736,1472,1472,0,1472,1472,0,0,1472,1472,1472,736,736,736,0,1472,1472,0,1472,1472,736,736,1472,1472,1472,0]","[1593,796,1593,796,398,1593,1593,1593,398,796,796,1593,796,1593,796,398,796,398,1593,796,1593,796,1593,1593,1593,398,796,398,398,796,796,1593,796,796,796,398,398,796,398,796,796,1593,796,796,1593,1593,796,796,796,398,398,398,1593,796,796,1593,796,796,398,398,796,796,796,1593]","[128,-128,0,64,64,64,128,0,128,64,192,128,0,192,64,128,-64,64,0,0,64,128,128,-128,0,0,64,64,64,64,64,-64,64,128,256,128,64,0,64,128,-64,-64,0,128,0,128,128,128,64,128,-64,128,0,128,64,0,256,64,64,64,0,192,0,0]","[128,-128,0,64,64,64,128,0,128,64,192,128,0,192,64,128,-64,64,0,0,64,128,128,-128,0,0,64,64,64,64,64,-64,64,128,256,128,64,0,64,128,-64,-64,0,128,0,128,128,128,64,128,-64,128,0,128,64,0,256,64,64,64,0,192,0,0]","[1721,1956,1593,2148,1106,1657,1721,1593,1170,2148,2276,1721,2084,1785,2148,1170,2020,1106,1593,2084,1657,2212,1721,1465,1593,1042,2148,1106,1106,2148,2148,1529,2148,2212,2340,1170,1106,2084,1106,2212,2020,1529,2084,2212,1593,1721,2212,2212,2148,1170,978,1170,1593,2212,2148,1593,2340,2148,1106,1106,2084,2276,2084,1593]","[1721,1956,1593,2148,1106,1657,1721,1593,1170,2148,2276,1721,2084,1785,2148,1170,2020,1106,1593,2084,1657,2212,1721,1465,1593,1042,2148,1106,1106,2148,2148,1529,2148,2212,2340,1170,1106,2084,1106,2212,2020,1529,2084,2212,1593,1721,2212,2212,2148,1170,978,1170,1593,2212,2148,1593,2340,2148,1106,1106,2084,2276,2084,1593]","[""0"",""0"",""0"",""0"",""0"",""0"",""0"",""0"",""0"",""0"",""0"",""0"",""0"",""0"",""0"",""0"",""0"",""0"",""0"",""0"",""0"",""0"",""0"",""0"",""0"",""0"",""0"",""0"",""0"",""0"",""0"",""0"",""0"",""0"",""0"",""0"",""0"",""0"",""0"",""0"",""0"",""0"",""0"",""0"",""0"",""0"",""0"",""0"",""0"",""0"",""0"",""0"",""0"",""0"",""0"",""0"",""0"",""0"",""0"",""0"",""0"",""0"",""0"",""0""]","[1721,1956,1593,2148,1106,1657,1721,1593,1170,2148,2276,1721,2084,1785,2148,1170,2020,1106,1593,2084,1657,2212,1721,1465,1593,1042,2148,1106,1106,2148,2148,1529,2148,2212,2340,1170,1106,2084,1106,2212,2020,1529,2084,2212,1593,1721,2212,2212,2148,1170,978,1170,1593,2212,2148,1593,2340,2148,1106,1106,2084,2276,2084,1593]","[1,0,1,0,0,1,1,1,0,0,0,1,0,1,0,0,0,0,1,0,1,0,1,1,1,0,0,0,0,0,0,1,0,0,0,0,0,0,0,0,0,1,0,0,1,1,0,0,0,0,0,0,1,0,0,1,0,0,0,0,0,0,0,1]"
1,train_0001,train,3,553,"[1721,1956,1593,2148,1106,1657,1721,1593,1170,2148,2276,1721,2084,1785,2148,1170,2020,1106,1593,2084,1657,2212,1721,1465,1593,1042,2148,1106,1106,2148,2148,1529,2148,2212,2340,1170,1106,2084,1106,2212,2020,1529,2084,2212,1593,1721,2212,2212,2148,1170,978,1170,1593,2212,2148,1593,2340,2148,1106,1106,2084,2276,2084,1593]","[1659,829,1659,829,414,1659,1659,1659,414,829,829,1659,829,1659,829,414,829,414,1659,829,1659,829,1659,1659,1659,414,829,414,414,829,829,1659,829,829,829,414,414,829,414,829,829,1659,829,829,1659,1659,829,829,829,414,414,414,1659,829,829,1659,829,829,414,414,829,829,829,1659]","[0,0,0,0,0,0,0,0,0,0,0,0,0,0,0,0,0,0,0,0,0,0,0,0,0,0,0,0,0,0,0,0,0,0,0,0,0,0,0,0,0,0,0,0,0,0,0,0,0,0,0,0,0,0,0,0,0,0,0,0,0,0,0,0]","[0,0,0,0,0,0,0,0,0,0,0,0,0,0,0,0,0,0,0,0,0,0,0,0,0,0,0,0,0,0,0,0,0,0,0,0,0,0,0,0,0,0,0,0,0,0,0,0,0,0,0,0,0,0,0,0,0,0,0,0,0,0,0,0]","[3165,2541,3053,2709,1382,3109,3165,3053,1438,2709,2821,3165,2653,3221,2709,1438,2597,1382,3053,2653,3109,2765,3165,2941,3053,1326,2709,1382,1382,2709,2709,2997,2709,2765,2877,1438,1382,2653,1382,2765,2597,2997,2653,2765,3053,3165,2765,2765,2709,1438,1270,1438,3053,2765,2709,3053,2877,2709,1382,1382,2653,2821,2653,3053]","[3165,2541,3053,2709,1382,3109,3165,3053,1438,2709,2821,3165,2653,3221,2709,1438,2597,1382,3053,2653,3109,2765,3165,2941,3053,1326,2709,1382,1382,2709,2709,2997,2709,2765,2877,1438,1382,2653,1382,2765,2597,2997,2653,2765,3053,3165,2765,2765,2709,1438,1270,1438,3053,2765,2709,3053,2877,2709,1382,1382,2653,2821,2653,3053]","[""1"",""0"",""1"",""1"",""0"",""1"",""1"",""1"",""0"",""1"",""1"",""1"",""1"",""1"",""1"",""0"",""1"",""0"",""1"",""1"",""1"",""1"",""1"",""1"",""1"",""0"",""1"",""0"",""0"",""1"",""1"",""1"",""1"",""1"",""1"",""0"",""0"",""1"",""0"",""1"",""1"",""1"",""1"",""1"",""1"",""1"",""1"",""1"",""1"",""0"",""0"",""0"",""1"",""1"",""1"",""1"",""1"",""1"",""0"",""0"",""1"",""1"",""1"",""1""]","[0,2541,0,0,1382,0,0,0,1438,0,0,0,0,0,0,1438,0,1382,0,0,0,0,0,0,0,1326,0,1382,1382,0,0,0,0,0,0,1438,1382,0,1382,0,0,0,0,0,0,0,0,0,0,1438,1270,1438,0,0,0,0,0,0,1382,1382,0,0,0,0]","[2,0,2,1,0,2,2,2,0,1,1,2,1,2,1,0,1,0,2,1,2,1,2,2,2,0,1,0,0,1,1,2,1,1,1,0,0,1,0,1,1,2,1,1,2,2,1,1,1,0,0,0,2,1,1,2,1,1,0,0,1,1,1,2]"
1,train_0001,train,4,583,"[0,2541,0,0,1382,0,0,0,1438,0,0,0,0,0,0,1438,0,1382,0,0,0,0,0,0,0,1326,0,1382,1382,0,0,0,0,0,0,1438,1382,0,1382,0,0,0,0,0,0,0,0,0,0,1438,1270,1438,0,0,0,0,0,0,1382,1382,0,0,0,0]","[1749,874,1749,874,437,1749,1749,1749,437,874,874,1749,874,1749,874,437,874,437,1749,874,1749,874,1749,1749,1749,437,874,437,437,874,874,1749,874,874,874,437,437,874,437,874,874,1749,874,874,1749,1749,874,874,874,437,437,437,1749,874,874,1749,874,874,437,437,874,874,874,1749]","[128,0,192,192,256,320,192,128,128,192,256,128,0,192,192,64,0,0,192,64,192,192,256,-64,0,192,128,64,320,192,320,-64,192,256,192,448,256,256,192,192,0,-64,320,256,-64,320,384,128,384,320,256,128,64,192,128,192,384,128,192,192,192,128,128,256]","[128,0,192,192,256,320,192,128,128,192,256,128,0,192,192,64,0,0,192,64,192,192,256,-64,0,192,128,64,320,192,320,-64,192,256,192,448,256,256,192,192,0,-64,320,256,-64,320,384,128,384,320,256,128,64,192,128,192,384,128,192,192,192,128,128,256]","[1877,3098,1941,1066,1903,2069,1941,1877,1824,1066,1130,1877,874,1941,1066,1760,874,1647,1941,938,1941,1066,2005,1685,1749,1790,1002,1711,1967,1066,1194,1685,1066,1130,1066,2144,1903,1130,1839,1066,874,1685,1194,1130,1685,2069,1258,1002,1258,2016,1805,1824,1813,1066,1002,1941,1258,1002,1839,1839,1066,1002,1002,2005]","[1877,3098,1941,1066,1903,2069,1941,1877,1824,1066,1130,1877,874,1941,1066,1760,874,1647,1941,938,1941,1066,2005,1685,1749,1790,1002,1711,1967,1066,1194,1685,1066,1130,1066,2144,1903,1130,1839,1066,874,1685,1194,1130,1685,2069,1258,1002,1258,2016,1805,1824,1813,1066,1002,1941,1258,1002,1839,1839,1066,1002,1002,2005]","[""0"",""1"",""0"",""0"",""0"",""0"",""0"",""0"",""0"",""0"",""0"",""0"",""0"",""0"",""0"",""0"",""0"",""0"",""0"",""0"",""0"",""0"",""0"",""0"",""0"",""0"",""0"",""0"",""0"",""0"",""0"",""0"",""0"",""0"",""0"",""0"",""0"",""0"",""0"",""0"",""0"",""0"",""0"",""0"",""0"",""0"",""0"",""0"",""0"",""0"",""0"",""0"",""0"",""0"",""0"",""0"",""0"",""0"",""0"",""0"",""0"",""0"",""0"",""0""]","[1877,0,1941,1066,1903,2069,1941,1877,1824,1066,1130,1877,874,1941,1066,1760,874,1647,1941,938,1941,1066,2005,1685,1749,1790,1002,1711,1967,1066,1194,1685,1066,1130,1066,2144,1903,1130,1839,1066,874,1685,1194,1130,1685,2069,1258,1002,1258,2016,1805,1824,1813,1066,1002,1941,1258,1002,1839,1839,1066,1002,1002,2005]","[2,1,2,1,0,2,2,2,0,1,1,2,1,2,1,0,1,0,2,1,2,1,2,2,2,0,1,0,0,1,1,2,1,1,1,0,0,1,0,1,1,2,1,1,2,2,1,1,1,0,0,0,2,1,1,2,1,1,0,0,1,1,1,2]"
1,train_0001,train,5,593,"[1877,0,1941,1066,1903,2069,1941,1877,1824,1066,1130,1877,874,1941,1066,1760,874,1647,1941,938,1941,1066,2005,1685,1749,1790,1002,1711,1967,1066,1194,1685,1066,1130,1066,2144,1903,1130,1839,1066,874,1685,1194,1130,1685,2069,1258,1002,1258,2016,1805,1824,1813,1066,1002,1941,1258,1002,1839,1839,1066,1002,1002,2005]","[1779,889,1779,889,444,1779,1779,1779,444,889,889,1779,889,1779,889,444,889,444,1779,889,1779,889,1779,1779,1779,444,889,444,444,889,889,1779,889,889,889,444,444,889,444,889,889,1779,889,889,1779,1779,889,889,889,444,444,444,1779,889,889,1779,889,889,444,444,889,889,889,1779]","[0,0,0,0,0,0,0,0,0,0,0,0,0,0,0,0,0,0,0,0,0,0,0,0,0,0,0,0,0,0,0,0,0,0,64,0,0,0,0,0,0,0,64,0,-64,0,0,0,64,0,0,0,-64,0,0,0,0,0,-64,0,0,0,0,0]","[0,0,0,0,0,0,0,0,0,0,0,0,0,0,0,0,0,0,0,0,0,0,0,0,0,0,0,0,0,0,0,0,0,0,64,0,0,0,0,0,0,0,64,0,-64,0,0,0,64,0,0,0,-64,0,0,0,0,0,-64,0,0,0,0,0]","[3422,889,3478,1822,2110,3590,3478,3422,2040,1822,1878,3422,1654,3478,1822,1984,1654,1886,3478,1710,3478,1822,3534,3254,3310,2011,1766,1942,2166,1822,1934,3254,1822,1878,1886,2320,2110,1878,2054,1822,1654,3254,1998,1878,3190,3590,1990,1766,2054,2208,2024,2040,3302,1822,1766,3478,1990,1766,1990,2054,1822,1766,1766,3534]","[3422,889,3478,1822,2110,3590,3478,3422,2040,1822,1878,3422,1654,3478,1822,1984,1654,1886,3478,1710,3478,1822,3534,3254,3310,2011,1766,1942,2166,1822,1934,3254,1822,1878,1886,2320,2110,1878,2054,1822,1654,3254,1998,1878,3190,3590,1990,1766,2054,2208,2024,2040,3302,1822,1766,3478,1990,1766,1990,2054,1822,1766,1766,3534]","[""1"",""0"",""1"",""0"",""0"",""1"",""1"",""1"",""0"",""0"",""0"",""1"",""0"",""1"",""0"",""0"",""0"",""0"",""1"",""0"",""1"",""0"",""1"",""1"",""1"",""0"",""0"",""0"",""0"",""0"",""0"",""1"",""0"",""0"",""0"",""0"",""0"",""0"",""0"",""0"",""0"",""1"",""0"",""0"",""1"",""1"",""0"",""0"",""0"",""0"",""0"",""0"",""1"",""0"",""0"",""1"",""0"",""0"",""0"",""0"",""0"",""0"",""0"",""1""]","[0,889,0,1822,2110,0,0,0,2040,1822,1878,0,1654,0,1822,1984,1654,1886,0,1710,0,1822,0,0,0,2011,1766,1942,2166,1822,1934,0,1822,1878,1886,2320,2110,1878,2054,1822,1654,0,1998,1878,0,0,1990,1766,2054,2208,2024,2040,0,1822,1766,0,1990,1766,1990,2054,1822,1766,1766,0]","[3,1,3,1,0,3,3,3,0,1,1,3,1,3,1,0,1,0,3,1,3,1,3,3,3,0,1,0,0,1,1,3,1,1,1,0,0,1,0,1,1,3,1,1,3,3,1,1,1,0,0,0,3,1,1,3,1,1,0,0,1,1,1,3]"
1,train_0001,train,6,580,"[0,889,0,1822,2110,0,0,0,2040,1822,1878,0,1654,0,1822,1984,1654,1886,0,1710,0,1822,0,0,0,2011,1766,1942,2166,1822,1934,0,1822,1878,1886,2320,2110,1878,2054,1822,1654,0,1998,1878,0,0,1990,1766,2054,2208,2024,2040,0,1822,1766,0,1990,1766,1990,2054,1822,1766,1766,0]","[1740,870,1740,870,435,1740,1740,1740,435,870,870,1740,870,1740,870,435,870,435,1740,870,1740,870,1740,1740,1740,435,870,435,435,870,870,1740,870,870,870,435,435,870,435,870,870,1740,870,870,1740,1740,870,870,870,435,435,435,1740,870,870,1740,870,870,435,435,870,870,870,1740]","[128,-128,0,64,64,64,128,0,128,64,192,128,0,192,64,128,-64,64,0,0,64,128,128,-128,0,0,64,64,64,64,64,-64,64,128,256,128,64,0,64,128,-64,-64,0,128,0,128,128,128,64,128,-64,128,0,128,64,0,256,64,64,64,0,192,0,0]","[128,-128,0,64,64,64,128,0,128,64,192,128,0,192,64,128,-64,64,0,0,64,128,128,-128,0,0,64,64,64,64,64,-64,64,128,256,128,64,0,64,128,-64,-64,0,128,0,128,128,128,64,128,-64,128,0,128,64,0,256,64,64,64,0,192,0,0]","[1868,1520,1740,2529,2346,1804,1868,1740,2348,2529,2706,1868,2318,1932,2529,2299,2254,2150,1740,2367,1804,2593,1868,1612,1740,2195,2480,2199,2395,2529,2627,1676,2529,2642,2777,2593,2346,2514,2297,2593,2254,1676,2619,2642,1740,1868,2740,2544,2732,2495,2142,2348,1740,2593,2480,1740,2868,2480,2241,2297,2465,2608,2416,1740]","[1868,1520,1740,2529,2346,1804,1868,1740,2348,2529,2706,1868,2318,1932,2529,2299,2254,2150,1740,2367,1804,2593,1868,1612,1740,2195,2480,2199,2395,2529,2627,1676,2529,2642,2777,2593,2346,2514,2297,2593,2254,1676,2619,2642,1740,1868,2740,2544,2732,2495,2142,2348,1740,2593,2480,1740,2868,2480,2241,2297,2465,2608,2416,1740]","[""0"",""0"",""0"",""0"",""0"",""0"",""0"",""0"",""0"",""0"",""1"",""0"",""0"",""0"",""0"",""0"",""0"",""0"",""0"",""0"",""0"",""1"",""0"",""0"",""0"",""0"",""0"",""0"",""0"",""0"",""1"",""0"",""0"",""1"",""1"",""1"",""0"",""0"",""0"",""1"",""0"",""0"",""1"",""1"",""0"",""0"",""1"",""0"",""1"",""0"",""0"",""0"",""0"",""1"",""0"",""0"",""1"",""0"",""0"",""0"",""0"",""1"",""0"",""0""]","[1868,1520,1740,2529,2346,1804,1868,1740,2348,2529,0,1868,2318,1932,2529,2299,2254,2150,1740,2367,1804,0,1868,1612,1740,2195,2480,2199,2395,2529,0,1676,2529,0,0,0,2346,2514,2297,0,2254,1676,0,0,1740,1868,0,2544,0,2495,2142,2348,1740,0,2480,1740,0,2480,2241,2297,2465,0,2416,1740]","[3,1,3,1,0,3,3,3,0,1,2,3,1,3,1,0,1,0,3,1,3,2,3,3,3,0,1,0,0,1,2,3,1,2,2,1,0,1,0,2,1,3,2,2,3,3,2,1,2,0,0,0,3,2,1,3,2,1,0,0,1,2,1,3]"
1,train_0001,train,7,535,"[1868,1520,1740,2529,2346,1804,1868,1740,2348,2529,0,1868,2318,1932,2529,2299,2254,2150,1740,2367,1804,0,1868,1612,1740,2195,2480,2199,2395,2529,0,1676,2529,0,0,0,2346,2514,2297,0,2254,1676,0,0,1740,1868,0,2544,0,2495,2142,2348,1740,0,2480,1740,0,2480,2241,2297,2465,0,2416,1740]","[1605,802,1605,802,401,1605,1605,1605,401,802,802,1605,802,1605,802,401,802,401,1605,802,1605,802,1605,1605,1605,401,802,401,401,802,802,1605,802,802,802,401,401,802,401,802,802,1605,802,802,1605,1605,802,802,802,401,401,401,1605,802,802,1605,802,802,401,401,802,802,802,1605]","[64,128,128,0,64,192,0,64,0,64,128,0,0,0,0,0,0,0,64,64,0,0,0,64,0,192,64,64,128,0,128,-64,0,128,-64,64,64,128,64,64,64,-64,192,128,0,64,64,64,192,64,256,0,64,128,64,0,64,0,-64,64,192,0,128,192]","[64,128,128,0,64,192,0,64,0,64,128,0,0,0,0,0,0,0,64,64,0,0,0,64,0,192,64,64,128,0,128,-64,0,128,-64,64,64,128,64,64,64,-64,192,128,0,64,64,64,192,64,256,0,64,128,64,0,64,0,-64,64,192,0,128,192]","[3304,2260,3256,3015,2518,3376,3240,3192,2456,3079,930,3240,2831,3296,3015,2413,2775,2283,3192,2938,3184,802,3240,3080,3128,2514,3036,2390,2625,3015,930,3008,3015,930,738,465,2518,3130,2475,866,2839,3008,994,930,3128,3304,866,3092,994,2649,2532,2456,3192,930,3036,3128,866,2972,2298,2475,3151,802,3044,3320]","[3304,2260,3256,3015,2518,3376,3240,3192,2456,3079,930,3240,2831,3296,3015,2413,2775,2283,3192,2938,3184,802,3240,3080,3128,2514,3036,2390,2625,3015,930,3008,3015,930,738,465,2518,3130,2475,866,2839,3008,994,930,3128,3304,866,3092,994,2649,2532,2456,3192,930,3036,3128,866,2972,2298,2475,3151,802,3044,3320]","[""1"",""0"",""1"",""1"",""0"",""1"",""1"",""1"",""0"",""1"",""0"",""1"",""1"",""1"",""1"",""0"",""1"",""0"",""1"",""1"",""1"",""0"",""1"",""1"",""1"",""0"",""1"",""0"",""1"",""1"",""0"",""1"",""1"",""0"",""0"",""0"",""0"",""1"",""0"",""0"",""1"",""1"",""0"",""0"",""1"",""1"",""0"",""1"",""0"",""1"",""0"",""0"",""1"",""0"",""1"",""1"",""0"",""1"",""0"",""0"",""1"",""0"",""1"",""1""]","[0,2260,0,0,2518,0,0,0,2456,0,930,0,0,0,0,2413,0,2283,0,0,0,802,0,0,0,2514,0,2390,0,0,930,0,0,930,738,465,2518,0,2475,866,0,0,994,930,0,0,866,0,994,0,2532,2456,0,930,0,0,866,0,2298,2475,0,802,0,0]","[4,1,4,2,0,4,4,4,0,2,2,4,2,4,2,0,2,0,4,2,4,2,4,4,4,0,2,0,1,2,2,4,2,2,2,1,0,2,0,2,2,4,2,2,4,4,2,2,2,1,0,0,4,2,2,4,2,2,0,0,2,2,2,4]"
1,train_0001,train,8,480,"[0,2260,0,0,2518,0,0,0,2456,0,930,0,0,0,0,2413,0,2283,0,0,0,802,0,0,0,2514,0,2390,0,0,930,0,0,930,738,465,2518,0,2475,866,0,0,994,930,0,0,866,0,994,0,2532,2456,0,930,0,0,866,0,2298,2475,0,802,0,0]","[1440,720,1440,720,360,1440,1440,1440,360,720,720,1440,720,1440,720,360,720,360,1440,720,1440,720,1440,1440,1440,360,720,360,360,720,720,1440,720,720,720,360,360,720,360,720,720,1440,720,720,1440,1440,720,720,720,360,360,360,1440,720,720,1440,720,720,360,360,720,720,720,1440]","[64,-64,64,128,192,192,192,0,128,128,128,192,0,192,192,64,0,0,128,64,256,128,256,-128,0,0,128,0,192,256,192,0,192,128,192,384,192,128,128,128,-64,0,128,128,-64,256,320,64,128,256,64,128,0,128,64,192,384,128,320,128,64,192,0,64]","[64,-64,64,128,192,192,192,0,128,128,128,192,0,192,192,64,0,0,128,64,256,128,256,-128,0,0,128,0,192,256,192,0,192,128,192,384,192,128,128,128,-64,0,128,128,-64,256,320,64,128,256,64,128,0,128,64,192,384,128,320,128,64,192,0,64]","[1504,2634,1504,848,2756,1632,1632,1440,2637,848,1662,1632,720,1632,912,2536,720,2358,1568,784,1696,1550,1696,1312,1440,2560,848,2452,552,976,1726,1440,912,1662,1558,1151,2756,848,2654,1606,656,1440,1718,1662,1376,1696,1798,784,1718,616,2640,2637,1440,1662,784,1632,1862,848,2691,2654,784,1614,720,1504]","[1504,2634,1504,848,2756,1632,1632,1440,2637,848,1662,1632,720,1632,912,2536,720,2358,1568,784,1696,1550,1696,1312,1440,2560,848,2452,552,976,1726,1440,912,1662,1558,1151,2756,848,2654,1606,656,1440,1718,1662,1376,1696,1798,784,1718,616,2640,2637,1440,1662,784,1632,1862,848,2691,2654,784,1614,720,1504]","[""0"",""1"",""0"",""0"",""1"",""0"",""0"",""0"",""1"",""0"",""0"",""0"",""0"",""0"",""0"",""0"",""0"",""0"",""0"",""0"",""0"",""0"",""0"",""0"",""0"",""1"",""0"",""0"",""0"",""0"",""0"",""0"",""0"",""0"",""0"",""0"",""1"",""0"",""1"",""0"",""0"",""0"",""0"",""0"",""0"",""0"",""0"",""0"",""0"",""0"",""1"",""1"",""0"",""0"",""0"",""0"",""0"",""0"",""1"",""1"",""0"",""0"",""0"",""0""]","[1504,0,1504,848,0,1632,1632,1440,0,848,1662,1632,720,1632,912,2536,720,2358,1568,784,1696,1550,1696,1312,1440,0,848,2452,552,976,1726,1440,912,1662,1558,1151,0,848,0,1606,656,1440,1718,1662,1376,1696,1798,784,1718,616,0,0,1440,1662,784,1632,1862,848,0,0,784,1614,720,1504]","[4,2,4,2,1,4,4,4,1,2,2,4,2,4,2,0,2,0,4,2,4,2,4,4,4,1,2,0,1,2,2,4,2,2,2,1,1,2,1,2,2,4,2,2,4,4,2,2,2,1,1,1,4,2,2,4,2,2,1,1,2,2,2,4]"
1,train_0001,train,9,456,"[1504,0,1504,848,0,1632,1632,1440,0,848,1662,1632,720,1632,912,2536,720,2358,1568,784,1696,1550,1696,1312,1440,0,848,2452,552,976,1726,1440,912,1662,1558,1151,0,848,0,1606,656,1440,1718,1662,1376,1696,1798,784,1718,616,0,0,1440,1662,784,1632,1862,848,0,0,784,1614,720,1504]","[1368,684,1368,684,342,1368,1368,1368,342,684,684,1368,684,1368,684,342,684,342,1368,684,1368,684,1368,1368,1368,342,684,342,342,684,684,1368,684,684,684,342,342,684,342,684,684,1368,684,684,1368,1368,684,684,684,342,342,342,1368,684,684,1368,684,684,342,342,684,684,684,1368]","[128,-64,0,0,0,128,64,0,128,0,-128,64,128,0,-64,0,64,128,-64,0,0,0,0,0,64,64,0,0,-64,64,64,0,0,-64,128,0,-64,0,64,64,0,0,192,0,64,-64,0,0,64,64,64,64,0,0,64,64,64,128,0,128,128,0,0,0]","[128,-64,0,0,0,128,64,0,128,0,-128,64,128,0,-64,0,64,128,-64,0,0,0,0,0,64,64,0,0,-64,64,64,0,0,-64,128,0,-64,0,64,64,0,0,192,0,64,-64,0,0,64,64,64,64,0,0,64,64,64,128,0,128,128,0,0,0]","[2812,620,2684,1426,342,2924,2860,2628,470,1426,2011,2860,1442,2796,1418,2561,1378,2534,2676,1370,2852,2041,2852,2516,2692,406,1426,2488,761,1602,2259,2628,1482,2075,2176,1350,278,1426,406,2154,1258,2628,2380,2139,2636,2788,2258,1370,2252,945,406,406,2628,2139,1434,2860,2378,1554,342,470,1498,2097,1314,2684]","[2812,620,2684,1426,342,2924,2860,2628,470,1426,2011,2860,1442,2796,1418,2561,1378,2534,2676,1370,2852,2041,2852,2516,2692,406,1426,2488,761,1602,2259,2628,1482,2075,2176,1350,278,1426,406,2154,1258,2628,2380,2139,2636,2788,2258,1370,2252,945,406,406,2628,2139,1434,2860,2378,1554,342,470,1498,2097,1314,2684]","[""1"",""0"",""1"",""0"",""0"",""1"",""1"",""1"",""0"",""0"",""0"",""1"",""0"",""1"",""0"",""1"",""0"",""0"",""1"",""0"",""1"",""0"",""1"",""0"",""1"",""0"",""0"",""0"",""0"",""0"",""0"",""1"",""0"",""0"",""0"",""0"",""0"",""0"",""0"",""0"",""0"",""1"",""0"",""0"",""1"",""1"",""0"",""0"",""0"",""0"",""0"",""0"",""1"",""0"",""0"",""1"",""0"",""0"",""0"",""0"",""0"",""0"",""0"",""1""]","[0,620,0,1426,342,0,0,0,470,1426,2011,0,1442,0,1418,0,1378,2534,0,1370,0,2041,0,2516,0,406,1426,2488,761,1602,2259,0,1482,2075,2176,1350,278,1426,406,2154,1258,0,2380,2139,0,0,2258,1370,2252,945,406,406,0,2139,1434,0,2378,1554,342,470,1498,2097,1314,0]","[5,2,5,2,1,5,5,5,1,2,2,5,2,5,2,1,2,0,5,2,5,2,5,4,5,1,2,0,1,2,2,5,2,2,2,1,1,2,1,2,2,5,2,2,5,5,2,2,2,1,1,1,5,2,2,5,2,2,1,1,2,2,2,5]"
1,train_0001,train,10,455,"[0,620,0,1426,342,0,0,0,470,1426,2011,0,1442,0,1418,0,1378,2534,0,1370,0,2041,0,2516,0,406,1426,2488,761,1602,2259,0,1482,2075,2176,1350,278,1426,406,2154,1258,0,2380,2139,0,0,2258,1370,2252,945,406,406,0,2139,1434,0,2378,1554,342,470,1498,2097,1314,0]","[1365,682,1365,682,341,1365,1365,1365,341,682,682,1365,682,1365,682,341,682,341,1365,682,1365,682,1365,1365,1365,341,682,341,341,682,682,1365,682,682,682,341,341,682,341,682,682,1365,682,682,1365,1365,682,682,682,341,341,341,1365,682,682,1365,682,682,341,341,682,682,682,1365]","[128,-128,0,64,64,64,128,0,128,0,128,128,0,192,64,128,-64,64,0,0,64,128,128,-128,64,0,64,64,64,64,64,0,64,128,192,128,128,0,64,128,-64,-64,0,64,64,128,64,64,64,128,-64,128,0,128,64,0,256,64,64,64,0,192,0,0]","[128,-128,0,64,64,64,128,0,128,0,128,128,0,192,64,128,-64,64,0,0,64,128,128,-128,64,0,64,64,64,64,64,0,64,128,192,128,128,0,64,128,-64,-64,0,64,64,128,64,64,64,128,-64,128,0,128,64,0,256,64,64,64,0,192,0,0]","[1493,1097,1365,1994,705,1429,1493,1365,881,1930,2570,1493,1944,1557,1987,469,1824,2623,1365,1881,1429,2596,1493,3439,1429,697,1994,2582,1071,2148,2723,1365,2043,2626,2778,1651,713,1930,761,2695,1719,1301,2765,2618,1429,1493,2722,1945,2717,1296,633,825,1365,2682,2001,1365,3019,2106,705,817,1993,2709,1832,1365]","[1493,1097,1365,1994,705,1429,1493,1365,881,1930,2570,1493,1944,1557,1987,469,1824,2623,1365,1881,1429,2596,1493,3439,1429,697,1994,2582,1071,2148,2723,1365,2043,2626,2778,1651,713,1930,761,2695,1719,1301,2765,2618,1429,1493,2722,1945,2717,1296,633,825,1365,2682,2001,1365,3019,2106,705,817,1993,2709,1832,1365]","[""0"",""0"",""0"",""0"",""0"",""0"",""0"",""0"",""0"",""0"",""1"",""0"",""0"",""0"",""0"",""0"",""0"",""1"",""0"",""0"",""0"",""1"",""0"",""1"",""0"",""0"",""0"",""1"",""0"",""0"",""1"",""0"",""0"",""1"",""1"",""0"",""0"",""0"",""0"",""1"",""0"",""0"",""1"",""1"",""0"",""0"",""1"",""0"",""1"",""0"",""0"",""0"",""0"",""1"",""0"",""0"",""1"",""0"",""0"",""0"",""0"",""1"",""0"",""0""]","[1493,1097,1365,1994,705,1429,1493,1365,881,1930,0,1493,1944,1557,1987,469,1824,0,1365,1881,1429,0,1493,0,1429,697,1994,0,1071,2148,0,1365,2043,0,0,1651,713,1930,761,0,1719,1301,0,0,1429,1493,0,1945,0,1296,633,825,1365,0,2001,1365,0,2106,705,817,1993,0,1832,1365]","[5,2,5,2,1,5,5,5,1,2,3,5,2,5,2,1,2,1,5,2,5,3,5,5,5,1,2,1,1,2,3,5,2,3,3,1,1,2,1,3,2,5,3,3,5,5,3,2,3,1,1,1,5,3,2,5,3,2,1,1,2,3,2,5]"
1,train_0001,train,11,481,"[1493,1097,1365,1994,705,1429,1493,1365,881,1930,0,1493,1944,1557,1987,469,1824,0,1365,1881,1429,0,1493,0,1429,697,1994,0,1071,2148,0,1365,2043,0,0,1651,713,1930,761,0,1719,1301,0,0,1429,1493,0,1945,0,1296,633,825,1365,0,2001,1365,0,2106,705,817,1993,0,1832,1365]","[1443,721,1443,721,360,1443,1443,1443,360,721,721,1443,721,1443,721,360,721,360,1443,721,1443,721,1443,1443,1443,360,721,360,360,721,721,1443,721,721,721,360,360,721,360,721,721,1443,721,721,1443,1443,721,721,721,360,360,360,1443,721,721,1443,721,721,360,360,721,721,721,1443]","[64,64,128,64,64,192,0,128,0,128,256,0,0,0,-64,0,64,0,128,64,0,64,0,64,-64,192,0,128,128,0,128,-64,-64,192,64,128,64,128,0,64,64,-64,192,192,64,64,128,128,192,128,256,0,64,64,64,0,64,0,-64,64,128,0,128,192]","[64,64,128,64,64,192,0,128,0,128,256,0,0,0,-64,0,64,0,128,64,0,64,0,64,-64,192,0,128,128,0,128,-64,-64,192,64,128,64,128,0,64,64,-64,192,192,64,64,128,128,192,128,256,0,64,64,64,0,64,0,-64,64,128,0,128,192]","[2814,1745,2766,2530,1041,2886,2750,2766,1131,2538,977,2750,2422,2806,2396,771,2381,360,2766,2431,2694,785,2750,1507,2630,1162,2466,488,1426,2601,849,2574,2445,913,785,1933,1048,2538,1026,785,2290,2518,913,913,2758,2814,849,2551,913,1622,1170,1082,2702,785,2536,2638,785,2564,913,1139,2593,721,2452,2830]","[2814,1745,2766,2530,1041,2886,2750,2766,1131,2538,977,2750,2422,2806,2396,771,2381,360,2766,2431,2694,785,2750,1507,2630,1162,2466,488,1426,2601,849,2574,2445,913,785,1933,1048,2538,1026,785,2290,2518,913,913,2758,2814,849,2551,913,1622,1170,1082,2702,785,2536,2638,785,2564,913,1139,2593,721,2452,2830]","[""1"",""0"",""1"",""0"",""0"",""1"",""1"",""1"",""0"",""0"",""0"",""1"",""0"",""1"",""0"",""0"",""0"",""0"",""1"",""0"",""1"",""0"",""1"",""0"",""1"",""0"",""0"",""0"",""0"",""1"",""0"",""1"",""0"",""0"",""0"",""0"",""0"",""0"",""0"",""0"",""0"",""0"",""0"",""0"",""1"",""1"",""0"",""0"",""0"",""0"",""0"",""0"",""1"",""0"",""0"",""1"",""0"",""1"",""0"",""0"",""1"",""0"",""0"",""1""]","[0,1745,0,2530,1041,0,0,0,1131,2538,977,0,2422,0,2396,771,2381,360,0,2431,0,785,0,1507,0,1162,2466,488,1426,0,849,0,2445,913,785,1933,1048,2538,1026,785,2290,2518,913,913,0,0,849,2551,913,1622,1170,1082,0,785,2536,0,785,0,913,1139,0,721,2452,0]","[6,2,6,2,1,6,6,6,1,2,3,6,2,6,2,1,2,1,6,2,6,3,6,5,6,1,2,1,1,3,3,6,2,3,3,1,1,2,1,3,2,5,3,3,6,6,3,2,3,1,1,1,6,3,2,6,3,3,1,1,3,3,2,6]"
1,train_0001,train,12,505,"[0,1745,0,2530,1041,0,0,0,1131,2538,977,0,2422,0,2396,771,2381,360,0,2431,0,785,0,1507,0,1162,2466,488,1426,0,849,0,2445,913,785,1933,1048,2538,1026,785,2290,2518,913,913,0,0,849,2551,913,1622,1170,1082,0,785,2536,0,785,0,913,1139,0,721,2452,0]","[1515,757,1515,757,378,1515,1515,1515,378,757,757,1515,757,1515,757,378,757,378,1515,757,1515,757,1515,1515,1515,378,757,378,378,757,757,1515,757,757,757,378,378,757,378,757,757,1515,757,757,1515,1515,757,757,757,378,378,378,1515,757,757,1515,757,757,378,378,757,757,757,1515]","[64,-128,0,64,128,64,128,0,128,0,128,64,0,192,64,128,-64,64,0,0,192,128,128,-128,0,0,64,64,64,64,64,-64,64,128,128,128,64,64,128,128,-64,-64,0,64,0,192,128,0,64,192,-128,128,-64,128,64,128,256,64,64,64,64,192,0,0]","[64,-128,0,64,128,64,128,0,128,0,128,64,0,192,64,128,-64,64,0,0,192,128,128,-128,0,0,64,64,64,64,64,-64,64,128,128,128,64,64,128,128,-64,-64,0,64,0,192,128,0,64,192,-128,128,-64,128,64,128,256,64,64,64,64,192,0,0]","[1579,2156,1515,3035,1417,1579,1643,1515,1496,2978,1740,1579,2877,1707,2918,1181,2777,757,1515,2885,1707,1572,1643,2706,1515,1395,2979,869,1690,821,1564,1451,2961,1684,1572,2198,1359,3042,1404,1572,2697,3655,1556,1620,1515,1707,1628,2990,1620,1990,1274,1453,1451,1572,3040,1643,1700,821,1241,1439,821,1580,2903,1515]","[1579,2156,1515,3035,1417,1579,1643,1515,1496,2978,1740,1579,2877,1707,2918,1181,2777,757,1515,2885,1707,1572,1643,2706,1515,1395,2979,869,1690,821,1564,1451,2961,1684,1572,2198,1359,3042,1404,1572,2697,3655,1556,1620,1515,1707,1628,2990,1620,1990,1274,1453,1451,1572,3040,1643,1700,821,1241,1439,821,1580,2903,1515]","[""0"",""0"",""0"",""1"",""0"",""0"",""0"",""0"",""0"",""1"",""0"",""0"",""1"",""0"",""1"",""0"",""1"",""0"",""0"",""1"",""0"",""0"",""0"",""1"",""0"",""0"",""1"",""0"",""0"",""0"",""0"",""0"",""1"",""0"",""0"",""0"",""0"",""1"",""0"",""0"",""1"",""1"",""0"",""0"",""0"",""0"",""0"",""1"",""0"",""0"",""0"",""0"",""0"",""0"",""1"",""0"",""0"",""0"",""0"",""0"",""0"",""0"",""1"",""0""]","[1579,2156,1515,0,1417,1579,1643,1515,1496,0,1740,1579,0,1707,0,1181,0,757,1515,0,1707,1572,1643,0,1515,1395,0,869,1690,821,1564,1451,0,1684,1572,2198,1359,0,1404,1572,0,0,1556,1620,1515,1707,1628,0,1620,1990,1274,1453,1451,1572,0,1643,1700,821,1241,1439,821,1580,0,1515]","[6,2,6,3,1,6,6,6,1,3,3,6,3,6,3,1,3,1,6,3,6,3,6,6,6,1,3,1,1,3,3,6,3,3,3,1,1,3,1,3,3,6,3,3,6,6,3,3,3,1,1,1,6,3,3,6,3,3,1,1,3,3,3,6]"
1,train_0001,train,13,517,"[1579,2156,1515,0,1417,1579,1643,1515,1496,0,1740,1579,0,1707,0,1181,0,757,1515,0,1707,1572,1643,0,1515,1395,0,869,1690,821,1564,1451,0,1684,1572,2198,1359,0,1404,1572,0,0,1556,1620,1515,1707,1628,0,1620,1990,1274,1453,1451,1572,0,1643,1700,821,1241,1439,821,1580,0,1515]","[1551,775,1551,775,387,1551,1551,1551,387,775,775,1551,775,1551,775,387,775,387,1551,775,1551,775,1551,1551,1551,387,775,387,387,775,775,1551,775,775,775,387,387,775,387,775,775,1551,775,775,1551,1551,775,775,775,387,387,387,1551,775,775,1551,775,775,387,387,775,775,775,1551]","[0,64,64,64,64,64,64,0,0,128,0,64,0,0,128,-64,64,-64,128,0,0,0,128,0,0,0,64,-64,128,128,128,64,128,0,64,256,128,64,0,0,0,64,128,64,-64,64,192,64,128,64,192,0,64,0,0,64,64,64,192,64,0,-64,0,64]","[0,64,64,64,64,64,64,0,0,128,0,64,0,0,128,-64,64,-64,128,0,0,0,128,0,0,0,64,-64,128,128,128,64,128,0,64,256,128,64,0,0,0,64,128,64,-64,64,192,64,128,64,192,0,64,0,0,64,64,64,192,64,0,-64,0,64]","[2933,2726,2941,839,1691,2997,3053,2877,1696,903,2298,2997,775,3045,903,1357,839,986,3005,775,3045,2151,3117,1551,2877,1608,839,1084,1994,1622,2272,2885,903,2249,2215,2567,1705,839,1616,2151,775,1615,2265,2257,2813,3109,2392,839,2321,2193,1694,1659,2885,2151,775,3053,2327,1558,1665,1711,1494,2094,775,2941]","[2933,2726,2941,839,1691,2997,3053,2877,1696,903,2298,2997,775,3045,903,1357,839,986,3005,775,3045,2151,3117,1551,2877,1608,839,1084,1994,1622,2272,2885,903,2249,2215,2567,1705,839,1616,2151,775,1615,2265,2257,2813,3109,2392,839,2321,2193,1694,1659,2885,2151,775,3053,2327,1558,1665,1711,1494,2094,775,2941]","[""1"",""1"",""1"",""0"",""0"",""1"",""1"",""1"",""0"",""0"",""0"",""1"",""0"",""1"",""0"",""0"",""0"",""0"",""1"",""0"",""1"",""0"",""1"",""0"",""1"",""0"",""0"",""0"",""0"",""0"",""0"",""1"",""0"",""0"",""0"",""1"",""0"",""0"",""0"",""0"",""0"",""0"",""0"",""0"",""1"",""1"",""0"",""0"",""0"",""0"",""0"",""0"",""1"",""0"",""0"",""1"",""0"",""0"",""0"",""0"",""0"",""0"",""0"",""1""]","[0,0,0,839,1691,0,0,0,1696,903,2298,0,775,0,903,1357,839,986,0,775,0,2151,0,1551,0,1608,839,1084,1994,1622,2272,0,903,2249,2215,0,1705,839,1616,2151,775,1615,2265,2257,0,0,2392,839,2321,2193,1694,1659,0,2151,775,0,2327,1558,1665,1711,1494,2094,775,0]","[7,3,7,3,1,7,7,7,1,3,3,7,3,7,3,1,3,1,7,3,7,3,7,6,7,1,3,1,1,3,3,7,3,3,3,2,1,3,1,3,3,6,3,3,7,7,3,3,3,1,1,1,7,3,3,7,3,3,1,1,3,3,3,7]"
1,train_0001,train,14,521,"[0,0,0,839,1691,0,0,0,1696,903,2298,0,775,0,903,1357,839,986,0,775,0,2151,0,1551,0,1608,839,1084,1994,1622,2272,0,903,2249,2215,0,1705,839,1616,2151,775,1615,2265,2257,0,0,2392,839,2321,2193,1694,1659,0,2151,775,0,2327,1558,1665,1711,1494,2094,775,0]","[1563,781,1563,781,390,1563,1563,1563,390,781,781,1563,781,1563,781,390,781,390,1563,781,1563,781,1563,1563,1563,390,781,390,390,781,781,1563,781,781,781,390,390,781,390,781,781,1563,781,781,1563,1563,781,781,781,390,390,390,1563,781,781,1563,781,781,390,390,781,781,781,1563]","[128,-64,0,0,64,64,128,-64,128,0,128,128,0,192,64,128,-64,64,0,0,128,64,128,-128,0,0,128,64,64,64,64,-64,64,128,192,64,64,0,64,128,-64,-64,64,64,0,128,64,64,128,128,-64,128,-64,192,64,0,256,64,0,64,64,192,0,0]","[128,-64,0,0,64,64,128,-64,128,0,128,128,0,192,64,128,-64,64,0,0,128,64,128,-128,0,0,128,64,64,64,64,-64,64,128,192,64,64,0,64,128,-64,-64,64,64,0,128,64,64,128,128,-64,128,-64,192,64,0,256,64,0,64,64,192,0,0]","[1691,717,1563,1516,1934,1627,1691,1499,2002,1572,2920,1691,1460,1755,1636,1706,1452,1317,1563,1460,1691,2728,1691,2793,1563,1797,1644,1403,2199,2265,2833,1499,1636,2877,2912,454,1946,1516,1868,2792,1396,2913,2827,2820,1563,1691,2938,1580,2940,2437,1809,1970,1499,2856,1524,1563,3074,2209,1847,1952,2153,2806,1460,1563]","[1691,717,1563,1516,1934,1627,1691,1499,2002,1572,2920,1691,1460,1755,1636,1706,1452,1317,1563,1460,1691,2728,1691,2793,1563,1797,1644,1403,2199,2265,2833,1499,1636,2877,2912,454,1946,1516,1868,2792,1396,2913,2827,2820,1563,1691,2938,1580,2940,2437,1809,1970,1499,2856,1524,1563,3074,2209,1847,1952,2153,2806,1460,1563]","[""0"",""0"",""0"",""0"",""0"",""0"",""0"",""0"",""0"",""0"",""1"",""0"",""0"",""0"",""0"",""0"",""0"",""0"",""0"",""0"",""0"",""1"",""0"",""1"",""0"",""0"",""0"",""0"",""0"",""0"",""1"",""0"",""0"",""1"",""1"",""0"",""0"",""0"",""0"",""1"",""0"",""1"",""1"",""1"",""0"",""0"",""1"",""0"",""1"",""0"",""0"",""0"",""0"",""1"",""0"",""0"",""1"",""0"",""0"",""0"",""0"",""1"",""0"",""0""]","[1691,717,1563,1516,1934,1627,1691,1499,2002,1572,0,1691,1460,1755,1636,1706,1452,1317,1563,1460,1691,0,1691,0,1563,1797,1644,1403,2199,2265,0,1499,1636,0,0,454,1946,1516,1868,0,1396,0,0,0,1563,1691,0,1580,0,2437,1809,1970,1499,0,1524,1563,0,2209,1847,1952,2153,0,1460,1563]","[7,3,7,3,1,7,7,7,1,3,4,7,3,7,3,1,3,1,7,3,7,4,7,7,7,1,3,1,1,3,4,7,3,4,4,2,1,3,1,4,3,7,4,4,7,7,4,3,4,1,1,1,7,4,3,7,4,3,1,1,3,4,3,7]"
1,train_0001,train,15,520,"[1691,717,1563,1516,1934,1627,1691,1499,2002,1572,0,1691,1460,1755,1636,1706,1452,1317,1563,1460,1691,0,1691,0,1563,1797,1644,1403,2199,2265,0,1499,1636,0,0,454,1946,1516,1868,0,1396,0,0,0,1563,1691,0,1580,0,2437,1809,1970,1499,0,1524,1563,0,2209,1847,1952,2153,0,1460,1563]","[1560,780,1560,780,390,1560,1560,1560,390,780,780,1560,780,1560,780,390,780,390,1560,780,1560,780,1560,1560,1560,390,780,390,390,780,780,1560,780,780,780,390,390,780,390,780,780,1560,780,780,1560,1560,780,780,780,390,390,390,1560,780,780,1560,780,780,390,390,780,780,780,1560]","[64,64,128,64,64,192,0,128,0,128,192,0,0,0,0,0,0,0,64,64,-64,64,0,64,0,192,0,64,128,0,128,-64,0,128,64,128,64,128,64,64,64,-64,192,192,-64,64,128,128,192,64,256,0,64,64,64,0,64,0,-64,64,128,0,128,192]","[64,64,128,64,64,192,0,128,0,128,192,0,0,0,0,0,0,0,64,64,-64,64,0,64,0,192,0,64,128,0,128,-64,0,128,64,128,64,128,64,64,64,-64,192,192,-64,64,128,128,192,64,256,0,64,64,64,0,64,0,-64,64,128,0,128,192]","[3104,1472,3056,2171,2147,3176,3040,3000,2142,2284,972,3040,2058,3096,2212,1883,2051,1543,2992,2122,2976,844,3040,1624,2928,2155,2219,1682,2443,2762,908,2808,2212,908,844,916,2157,2235,2089,844,2066,1496,972,972,2864,3104,908,2291,972,2587,2229,2114,2936,844,2178,2928,844,2713,1943,2162,2792,780,2186,3120]","[3104,1472,3056,2171,2147,3176,3040,3000,2142,2284,972,3040,2058,3096,2212,1883,2051,1543,2992,2122,2976,844,3040,1624,2928,2155,2219,1682,2443,2762,908,2808,2212,908,844,916,2157,2235,2089,844,2066,1496,972,972,2864,3104,908,2291,972,2587,2229,2114,2936,844,2178,2928,844,2713,1943,2162,2792,780,2186,3120]","[""1"",""0"",""1"",""0"",""0"",""1"",""1"",""1"",""0"",""0"",""0"",""1"",""0"",""1"",""0"",""0"",""0"",""0"",""1"",""0"",""1"",""0"",""1"",""0"",""1"",""0"",""0"",""0"",""0"",""1"",""0"",""1"",""0"",""0"",""0"",""0"",""0"",""0"",""0"",""0"",""0"",""0"",""0"",""0"",""1"",""1"",""0"",""0"",""0"",""1"",""0"",""0"",""1"",""0"",""0"",""1"",""0"",""1"",""0"",""0"",""1"",""0"",""0"",""1""]","[0,1472,0,2171,2147,0,0,0,2142,2284,972,0,2058,0,2212,1883,2051,1543,0,2122,0,844,0,1624,0,2155,2219,1682,2443,0,908,0,2212,908,844,916,2157,2235,2089,844,2066,1496,972,972,0,0,908,2291,972,0,2229,2114,0,844,2178,0,844,0,1943,2162,0,780,2186,0]","[8,3,8,3,1,8,8,8,1,3,4,8,3,8,3,1,3,1,8,3,8,4,8,7,8,1,3,1,1,4,4,8,3,4,4,2,1,3,1,4,3,7,4,4,8,8,4,3,4,2,1,1,8,4,3,8,4,4,1,1,4,4,3,8]"
1,train_0001,train,16,529,"[0,1472,0,2171,2147,0,0,0,2142,2284,972,0,2058,0,2212,1883,2051,1543,0,2122,0,844,0,1624,0,2155,2219,1682,2443,0,908,0,2212,908,844,916,2157,2235,2089,844,2066,1496,972,972,0,0,908,2291,972,0,2229,2114,0,844,2178,0,844,0,1943,2162,0,780,2186,0]","[1587,793,1587,793,396,1587,1587,1587,396,793,793,1587,793,1587,793,396,793,396,1587,793,1587,793,1587,1587,1587,396,793,396,396,793,793,1587,793,793,793,396,396,793,396,793,793,1587,793,793,1587,1587,793,793,793,396,396,396,1587,793,793,1587,793,793,396,396,793,793,793,1587]","[64,-128,0,64,128,64,128,0,128,0,128,64,0,192,64,128,-64,64,0,0,256,128,128,-128,0,0,64,64,64,64,64,-64,64,128,128,128,64,64,128,128,-64,-64,0,64,0,192,128,0,0,192,-128,128,-64,128,64,128,320,64,64,64,64,192,0,0]","[64,-128,0,64,128,64,128,0,128,0,128,64,0,192,64,128,-64,64,0,0,256,128,128,-128,0,0,64,64,64,64,64,-64,64,128,128,128,64,64,128,128,-64,-64,0,64,0,192,128,0,0,192,-128,128,-64,128,64,128,320,64,64,64,64,192,0,0]","[1651,1953,1587,2757,2403,1651,1715,1587,2399,2792,1772,1651,2594,1779,2793,2172,2524,1811,1587,2650,1843,1660,1715,2880,1587,2282,2799,1932,2598,857,1652,1523,2793,1716,1660,1326,2348,2813,2352,1660,2537,2832,1644,1708,1587,1779,1716,2798,1644,588,2219,2374,1523,1660,2763,1715,1852,857,2161,2352,857,1668,2706,1587]","[1651,1953,1587,2757,2403,1651,1715,1587,2399,2792,1772,1651,2594,1779,2793,2172,2524,1811,1587,2650,1843,1660,1715,2880,1587,2282,2799,1932,2598,857,1652,1523,2793,1716,1660,1326,2348,2813,2352,1660,2537,2832,1644,1708,1587,1779,1716,2798,1644,588,2219,2374,1523,1660,2763,1715,1852,857,2161,2352,857,1668,2706,1587]","[""0"",""0"",""0"",""1"",""0"",""0"",""0"",""0"",""0"",""1"",""0"",""0"",""1"",""0"",""1"",""0"",""0"",""0"",""0"",""1"",""0"",""0"",""0"",""1"",""0"",""0"",""1"",""0"",""1"",""0"",""0"",""0"",""1"",""0"",""0"",""0"",""0"",""1"",""0"",""0"",""0"",""1"",""0"",""0"",""0"",""0"",""0"",""1"",""0"",""0"",""0"",""0"",""0"",""0"",""1"",""0"",""0"",""0"",""0"",""0"",""0"",""0"",""1"",""0""]","[1651,1953,1587,0,2403,1651,1715,1587,2399,0,1772,1651,0,1779,0,2172,2524,1811,1587,0,1843,1660,1715,0,1587,2282,0,1932,0,857,1652,1523,0,1716,1660,1326,2348,0,2352,1660,2537,0,1644,1708,1587,1779,1716,0,1644,588,2219,2374,1523,1660,0,1715,1852,857,2161,2352,857,1668,0,1587]","[8,3,8,4,1,8,8,8,1,4,4,8,4,8,4,1,3,1,8,4,8,4,8,8,8,1,4,1,2,4,4,8,4,4,4,2,1,4,1,4,3,8,4,4,8,8,4,4,4,2,1,1,8,4,4,8,4,4,1,1,4,4,4,8]"
1,train_0001,train,17,525,"[1651,1953,1587,0,2403,1651,1715,1587,2399,0,1772,1651,0,1779,0,2172,2524,1811,1587,0,1843,1660,1715,0,1587,2282,0,1932,0,857,1652,1523,0,1716,1660,1326,2348,0,2352,1660,2537,0,1644,1708,1587,1779,1716,0,1644,588,2219,2374,1523,1660,0,1715,1852,857,2161,2352,857,1668,0,1587]","[1575,787,1575,787,393,1575,1575,1575,393,787,787,1575,787,1575,787,393,787,393,1575,787,1575,787,1575,1575,1575,393,787,393,393,787,787,1575,787,787,787,393,393,787,393,787,787,1575,787,787,1575,1575,787,787,787,393,393,393,1575,787,787,1575,787,787,393,393,787,787,787,1575]","[0,64,64,128,0,128,64,0,0,64,0,128,0,0,64,0,64,-64,128,0,0,0,128,0,-64,0,64,-64,128,192,128,64,64,0,64,192,64,64,0,0,0,64,128,64,-64,0,192,64,128,64,192,0,64,0,0,64,64,64,192,64,0,0,0,64]","[0,64,64,128,0,128,64,0,0,64,0,128,0,0,64,0,64,-64,128,0,0,0,128,0,-64,0,64,-64,128,192,128,64,64,0,64,192,64,64,0,0,0,64,128,64,-64,0,192,64,128,64,192,0,64,0,0,64,64,64,192,64,0,0,0,64]","[3020,2560,3028,915,2496,3148,3140,2964,2493,851,2338,3148,787,3132,851,2294,3060,1914,3092,787,3188,2240,3204,1575,2900,2390,851,2020,521,1729,2361,2972,851,2289,2304,1746,2512,851,2451,2240,3007,1639,2354,2346,2900,3132,2481,851,2354,972,2527,2471,2972,2240,787,3140,2472,1601,2476,2515,1537,2247,787,3028]","[3020,2560,3028,915,2496,3148,3140,2964,2493,851,2338,3148,787,3132,851,2294,3060,1914,3092,787,3188,2240,3204,1575,2900,2390,851,2020,521,1729,2361,2972,851,2289,2304,1746,2512,851,2451,2240,3007,1639,2354,2346,2900,3132,2481,851,2354,972,2527,2471,2972,2240,787,3140,2472,1601,2476,2515,1537,2247,787,3028]","[""1"",""1"",""1"",""0"",""0"",""1"",""1"",""1"",""0"",""0"",""0"",""1"",""0"",""1"",""0"",""0"",""1"",""0"",""1"",""0"",""1"",""0"",""1"",""0"",""1"",""0"",""0"",""0"",""0"",""0"",""0"",""1"",""0"",""0"",""0"",""0"",""0"",""0"",""0"",""0"",""1"",""0"",""0"",""0"",""1"",""1"",""0"",""0"",""0"",""0"",""0"",""0"",""1"",""0"",""0"",""1"",""0"",""0"",""0"",""0"",""0"",""0"",""0"",""1""]","[0,0,0,915,2496,0,0,0,2493,851,2338,0,787,0,851,2294,0,1914,0,787,0,2240,0,1575,0,2390,851,2020,521,1729,2361,0,851,2289,2304,1746,2512,851,2451,2240,0,1639,2354,2346,0,0,2481,851,2354,972,2527,2471,0,2240,787,0,2472,1601,2476,2515,1537,2247,787,0]","[9,4,9,4,1,9,9,9,1,4,4,9,4,9,4,1,4,1,9,4,9,4,9,8,9,1,4,1,2,4,4,9,4,4,4,2,1,4,1,4,4,8,4,4,9,9,4,4,4,2,1,1,9,4,4,9,4,4,1,1,4,4,4,9]"
1,train_0001,train,18,513,"[0,0,0,915,2496,0,0,0,2493,851,2338,0,787,0,851,2294,0,1914,0,787,0,2240,0,1575,0,2390,851,2020,521,1729,2361,0,851,2289,2304,1746,2512,851,2451,2240,0,1639,2354,2346,0,0,2481,851,2354,972,2527,2471,0,2240,787,0,2472,1601,2476,2515,1537,2247,787,0]","[1539,769,1539,769,384,1539,1539,1539,384,769,769,1539,769,1539,769,384,769,384,1539,769,1539,769,1539,1539,1539,384,769,384,384,769,769,1539,769,769,769,384,384,769,384,769,769,1539,769,769,1539,1539,769,769,769,384,384,384,1539,769,769,1539,769,769,384,384,769,769,769,1539]","[128,-128,0,0,128,64,128,0,128,64,128,128,0,192,128,64,-64,64,0,64,128,128,128,-128,64,0,64,64,64,64,64,-64,128,128,256,128,128,0,64,128,-64,-64,64,64,0,192,64,64,128,128,-128,128,-64,128,64,0,256,64,64,64,0,192,0,0]","[128,-128,0,0,128,64,128,0,128,64,128,128,0,192,128,64,-64,64,0,64,128,128,128,-128,64,0,64,64,64,64,64,-64,128,128,256,128,128,0,64,128,-64,-64,64,64,0,192,64,64,128,128,-128,128,-64,128,64,0,256,64,64,64,0,192,0,0]","[1667,641,1539,1570,2696,1603,1667,1539,2694,1578,2943,1667,1458,1731,1642,2456,705,2123,1539,1522,1667,2857,1667,2790,1603,2476,1578,2216,904,2346,2899,1475,1642,2900,3041,2040,2710,1514,2593,2857,705,2910,2893,2886,1539,1731,3004,1578,2957,1363,2468,2675,1475,2857,1522,1539,3188,2234,2615,2649,2114,2928,1458,1539]","[1667,641,1539,1570,2696,1603,1667,1539,2694,1578,2943,1667,1458,1731,1642,2456,705,2123,1539,1522,1667,2857,1667,2790,1603,2476,1578,2216,904,2346,2899,1475,1642,2900,3041,2040,2710,1514,2593,2857,705,2910,2893,2886,1539,1731,3004,1578,2957,1363,2468,2675,1475,2857,1522,1539,3188,2234,2615,2649,2114,2928,1458,1539]","[""0"",""0"",""0"",""0"",""1"",""0"",""0"",""0"",""1"",""0"",""1"",""0"",""0"",""0"",""0"",""0"",""0"",""0"",""0"",""0"",""0"",""1"",""0"",""1"",""0"",""0"",""0"",""0"",""0"",""0"",""1"",""0"",""0"",""1"",""1"",""0"",""1"",""0"",""1"",""1"",""0"",""1"",""1"",""1"",""0"",""0"",""1"",""0"",""1"",""0"",""0"",""1"",""0"",""1"",""0"",""0"",""1"",""0"",""1"",""1"",""0"",""1"",""0"",""0""]","[1667,641,1539,1570,0,1603,1667,1539,0,1578,0,1667,1458,1731,1642,2456,705,2123,1539,1522,1667,0,1667,0,1603,2476,1578,2216,904,2346,0,1475,1642,0,0,2040,0,1514,0,0,705,0,0,0,1539,1731,0,1578,0,1363,2468,0,1475,0,1522,1539,0,2234,0,0,2114,0,1458,1539]","[9,4,9,4,2,9,9,9,2,4,5,9,4,9,4,1,4,1,9,4,9,5,9,9,9,1,4,1,2,4,5,9,4,5,5,2,2,4,2,5,4,9,5,5,9,9,5,4,5,2,1,2,9,5,4,9,5,4,2,2,4,5,4,9]"
1,train_0001,train,19,531,"[1667,641,1539,1570,0,1603,1667,1539,0,1578,0,1667,1458,1731,1642,2456,705,2123,1539,1522,1667,0,1667,0,1603,2476,1578,2216,904,2346,0,1475,1642,0,0,2040,0,1514,0,0,705,0,0,0,1539,1731,0,1578,0,1363,2468,0,1475,0,1522,1539,0,2234,0,0,2114,0,1458,1539]","[1593,796,1593,796,398,1593,1593,1593,398,796,796,1593,796,1593,796,398,796,398,1593,796,1593,796,1593,1593,1593,398,796,398,398,796,796,1593,796,796,796,398,398,796,398,796,796,1593,796,796,1593,1593,796,796,796,398,398,398,1593,796,796,1593,796,796,398,398,796,796,796,1593]","[192,0,128,64,64,256,64,128,128,128,64,0,128,0,-64,0,0,128,0,64,-64,64,0,64,64,256,0,64,64,64,192,-64,0,64,128,128,0,128,128,128,64,-64,256,192,64,0,128,128,192,128,320,64,192,64,128,64,64,64,0,192,192,64,128,128]","[192,0,128,64,64,256,64,128,128,128,64,0,128,0,-64,0,0,128,0,64,-64,64,0,64,64,256,0,64,64,64,192,-64,0,64,128,128,0,128,128,128,64,-64,256,192,64,0,128,128,192,128,320,64,192,64,128,64,64,64,0,192,192,64,128,128]","[3244,1357,3068,2234,462,3252,3116,3068,526,2305,860,3052,2200,3108,2169,2547,1413,2384,2940,2192,2988,860,3052,1657,3060,2821,2177,2401,1253,2913,988,2820,2233,860,924,2311,398,2249,526,924,1477,1529,1052,988,3004,3108,924,2305,988,1719,2878,462,3076,860,2256,3004,860,2815,398,590,2838,860,2200,3068]","[3244,1357,3068,2234,462,3252,3116,3068,526,2305,860,3052,2200,3108,2169,2547,1413,2384,2940,2192,2988,860,3052,1657,3060,2821,2177,2401,1253,2913,988,2820,2233,860,924,2311,398,2249,526,924,1477,1529,1052,988,3004,3108,924,2305,988,1719,2878,462,3076,860,2256,3004,860,2815,398,590,2838,860,2200,3068]","[""1"",""0"",""1"",""0"",""0"",""1"",""1"",""1"",""0"",""0"",""0"",""1"",""0"",""1"",""0"",""0"",""0"",""0"",""1"",""0"",""1"",""0"",""1"",""0"",""1"",""1"",""0"",""0"",""0"",""1"",""0"",""1"",""0"",""0"",""0"",""0"",""0"",""0"",""0"",""0"",""0"",""0"",""0"",""0"",""1"",""1"",""0"",""0"",""0"",""0"",""1"",""0"",""1"",""0"",""0"",""1"",""0"",""1"",""0"",""0"",""1"",""0"",""0"",""1""]","[0,1357,0,2234,462,0,0,0,526,2305,860,0,2200,0,2169,2547,1413,2384,0,2192,0,860,0,1657,0,0,2177,2401,1253,0,988,0,2233,860,924,2311,398,2249,526,924,1477,1529,1052,988,0,0,924,2305,988,1719,0,462,0,860,2256,0,860,0,398,590,0,860,2200,0]","[10,4,10,4,2,10,10,10,2,4,5,10,4,10,4,1,4,1,10,4,10,5,10,9,10,2,4,1,2,5,5,10,4,5,5,2,2,4,2,5,4,9,5,5,10,10,5,4,5,2,2,2,10,5,4,10,5,5,2,2,5,5,4,10]"
2,train_0002,train,0,528,"[0,0,0,0,0,0,0,0,0,0,0,0,0,0,0,0,0,0,0,0,0,0,0,0,0,0,0,0,0,0,0,0,0,0,0,0,0,0,0,0,0,0,0,0,0,0,0,0,0,0,0,0,0,0,0,0,0,0,0,0,0,0,0,0]","[1584,792,1584,792,396,1584,1584,1584,396,792,792,1584,792,1584,792,396,792,396,1584,792,1584,792,1584,1584,1584,396,792,396,396,792,792,1584,792,792,792,396,396,792,396,792,792,1584,792,792,1584,1584,792,792,792,396,396,396,1584,792,792,1584,792,792,396,396,792,792,792,1584]","[0,0,0,0,0,0,0,0,0,0,0,0,0,0,0,0,0,0,0,0,0,0,0,0,0,0,0,0,0,0,0,0,0,0,0,0,0,0,0,0,0,0,0,0,0,0,0,0,0,0,0,0,0,0,0,0,0,0,0,0,0,0,0,0]","[0,0,0,0,0,0,0,0,0,0,0,0,0,0,0,0,0,0,0,0,0,0,0,0,0,0,0,0,0,0,0,0,0,0,0,0,0,0,0,0,0,0,0,0,0,0,0,0,0,0,0,0,0,0,0,0,0,0,0,0,0,0,0,0]","[1584,792,1584,792,396,1584,1584,1584,396,792,792,1584,792,1584,792,396,792,396,1584,792,1584,792,1584,1584,1584,396,792,396,396,792,792,1584,792,792,792,396,396,792,396,792,792,1584,792,792,1584,1584,792,792,792,396,396,396,1584,792,792,1584,792,792,396,396,792,792,792,1584]","[1584,792,1584,792,396,1584,1584,1584,396,792,792,1584,792,1584,792,396,792,396,1584,792,1584,792,1584,1584,1584,396,792,396,396,792,792,1584,792,792,792,396,396,792,396,792,792,1584,792,792,1584,1584,792,792,792,396,396,396,1584,792,792,1584,792,792,396,396,792,792,792,1584]","[""0"",""0"",""0"",""0"",""0"",""0"",""0"",""0"",""0"",""0"",""0"",""0"",""0"",""0"",""0"",""0"",""0"",""0"",""0"",""0"",""0"",""0"",""0"",""0"",""0"",""0"",""0"",""0"",""0"",""0"",""0"",""0"",""0"",""0"",""0"",""0"",""0"",""0"",""0"",""0"",""0"",""0"",""0"",""0"",""0"",""0"",""0"",""0"",""0"",""0"",""0"",""0"",""0"",""0"",""0"",""0"",""0"",""0"",""0"",""0"",""0"",""0"",""0"",""0""]","[1584,792,1584,792,396,1584,1584,1584,396,792,792,1584,792,1584,792,396,792,396,1584,792,1584,792,1584,1584,1584,396,792,396,396,792,792,1584,792,792,792,396,396,792,396,792,792,1584,792,792,1584,1584,792,792,792,396,396,396,1584,792,792,1584,792,792,396,396,792,792,792,1584]","[0,0,0,0,0,0,0,0,0,0,0,0,0,0,0,0,0,0,0,0,0,0,0,0,0,0,0,0,0,0,0,0,0,0,0,0,0,0,0,0,0,0,0,0,0,0,0,0,0,0,0,0,0,0,0,0,0,0,0,0,0,0,0,0]"
2,train_0002,train,1,529,"[1584,792,1584,792,396,1584,1584,1584,396,792,792,1584,792,1584,792,396,792,396,1584,792,1584,792,1584,1584,1584,396,792,396,396,792,792,1584,792,792,792,396,396,792,396,792,792,1584,792,792,1584,1584,792,792,792,396,396,396,1584,792,792,1584,792,792,396,396,792,792,792,1584]","[1587,793,1587,793,396,1587,1587,1587,396,793,793,1587,793,1587,793,396,793,396,1587,793,1587,793,1587,1587,1587,396,793,396,396,793,793,1587,793,793,793,396,396,793,396,793,793,1587,793,793,1587,1587,793,793,793,396,396,396,1587,793,793,1587,793,793,396,396,793,793,793,1587]","[0,0,0,0,0,0,0,0,0,0,0,0,0,0,0,0,0,0,0,0,0,0,0,0,0,0,0,0,0,0,0,0,0,0,0,0,0,0,0,0,0,0,0,0,0,0,0,0,0,0,0,0,0,0,0,0,0,0,0,0,0,0,0,0]","[0,0,0,0,0,0,0,0,0,0,0,0,0,0,0,0,0,0,0,0,0,0,0,0,0,0,0,0,0,0,0,0,0,0,0,0,0,0,0,0,0,0,0,0,0,0,0,0,0,0,0,0,0,0,0,0,0,0,0,0,0,0,0,0]","[2973,1486,2973,1486,743,2973,2973,2973,743,1486,1486,2973,1486,2973,1486,743,1486,743,2973,1486,2973,1486,2973,2973,2973,743,1486,743,743,1486,1486,2973,1486,1486,1486,743,743,1486,743,1486,1486,2973,1486,1486,2973,2973,1486,1486,1486,743,743,743,2973,1486,1486,2973,1486,1486,743,743,1486,1486,1486,2973]","[2973,1486,2973,1486,743,2973,2973,2973,743,1486,1486,2973,1486,2973,1486,743,1486,743,2973,1486,2973,1486,2973,2973,2973,743,1486,743,743,1486,1486,2973,1486,1486,1486,743,743,1486,743,1486,1486,2973,1486,1486,2973,2973,1486,1486,1486,743,743,743,2973,1486,1486,2973,1486,1486,743,743,1486,1486,1486,2973]","[""1"",""0"",""1"",""0"",""0"",""1"",""1"",""1"",""0"",""0"",""0"",""1"",""0"",""1"",""0"",""0"",""0"",""0"",""1"",""0"",""1"",""0"",""1"",""1"",""1"",""0"",""0"",""0"",""0"",""0"",""0"",""1"",""0"",""0"",""0"",""0"",""0"",""0"",""0"",""0"",""0"",""1"",""0"",""0"",""1"",""1"",""0"",""0"",""0"",""0"",""0"",""0"",""1"",""0"",""0"",""1"",""0"",""0"",""0"",""0"",""0"",""0"",""0"",""1""]","[0,1486,0,1486,743,0,0,0,743,1486,1486,0,1486,0,1486,743,1486,743,0,1486,0,1486,0,0,0,743,1486,743,743,1486,1486,0,1486,1486,1486,743,743,1486,743,1486,1486,0,1486,1486,0,0,1486,1486,1486,743,743,743,0,1486,1486,0,1486,1486,743,743,1486,1486,1486,0]","[1,0,1,0,0,1,1,1,0,0,0,1,0,1,0,0,0,0,1,0,1,0,1,1,1,0,0,0,0,0,0,1,0,0,0,0,0,0,0,0,0,1,0,0,1,1,0,0,0,0,0,0,1,0,0,1,0,0,0,0,0,0,0,1]"
2,train_0002,train,2,515,"[0,1486,0,1486,743,0,0,0,743,1486,1486,0,1486,0,1486,743,1486,743,0,1486,0,1486,0,0,0,743,1486,743,743,1486,1486,0,1486,1486,1486,743,743,1486,743,1486,1486,0,1486,1486,0,0,1486,1486,1486,743,743,743,0,1486,1486,0,1486,1486,743,743,1486,1486,1486,0]","[1545,772,1545,772,386,1545,1545,1545,386,772,772,1545,772,1545,772,386,772,386,1545,772,1545,772,1545,1545,1545,386,772,386,386,772,772,1545,772,772,772,386,386,772,386,772,772,1545,772,772,1545,1545,772,772,772,386,386,386,1545,772,772,1545,772,772,386,386,772,772,772,1545]","[128,-128,0,64,64,64,128,0,128,64,192,128,0,192,64,128,-64,64,0,0,64,128,128,-128,0,0,64,64,64,64,64,-64,64,128,256,128,64,0,64,128,-64,-64,0,128,0,128,128,128,64,128,-64,128,0,128,64,0,256,64,64,64,0,192,0,0]","[128,-128,0,64,64,64,128,0,128,64,192,128,0,192,64,128,-64,64,0,0,64,128,128,-128,0,0,64,64,64,64,64,-64,64,128,256,128,64,0,64,128,-64,-64,0,128,0,128,128,128,64,128,-64,128,0,128,64,0,256,64,64,64,0,192,0,0]","[1673,1945,1545,2137,1101,1609,1673,1545,1165,2137,2265,1673,2073,1737,2137,1165,2009,1101,1545,2073,1609,2201,1673,1417,1545,1037,2137,1101,1101,2137,2137,1481,2137,2201,2329,1165,1101,2073,1101,2201,2009,1481,2073,2201,1545,1673,2201,2201,2137,1165,973,1165,1545,2201,2137,1545,2329,2137,1101,1101,2073,2265,2073,1545]","[1673,1945,1545,2137,1101,1609,1673,1545,1165,2137,2265,1673,2073,1737,2137,1165,2009,1101,1545,2073,1609,2201,1673,1417,1545,1037,2137,1101,1101,2137,2137,1481,2137,2201,2329,1165,1101,2073,1101,2201,2009,1481,2073,2201,1545,1673,2201,2201,2137,1165,973,1165,1545,2201,2137,1545,2329,2137,1101,1101,2073,2265,2073,1545]","[""0"",""0"",""0"",""0"",""0"",""0"",""0"",""0"",""0"",""0"",""0"",""0"",""0"",""0"",""0"",""0"",""0"",""0"",""0"",""0"",""0"",""0"",""0"",""0"",""0"",""0"",""0"",""0"",""0"",""0"",""0"",""0"",""0"",""0"",""0"",""0"",""0"",""0"",""0"",""0"",""0"",""0"",""0"",""0"",""0"",""0"",""0"",""0"",""0"",""0"",""0"",""0"",""0"",""0"",""0"",""0"",""0"",""0"",""0"",""0"",""0"",""0"",""0"",""0""]","[1673,1945,1545,2137,1101,1609,1673,1545,1165,2137,2265,1673,2073,1737,2137,1165,2009,1101,1545,2073,1609,2201,1673,1417,1545,1037,2137,1101,1101,2137,2137,1481,2137,2201,2329,1165,1101,2073,1101,2201,2009,1481,2073,2201,1545,1673,2201,2201,2137,1165,973,1165,1545,2201,2137,1545,2329,2137,1101,1101,2073,2265,2073,1545]","[1,0,1,0,0,1,1,1,0,0,0,1,0,1,0,0,0,0,1,0,1,0,1,1,1,0,0,0,0,0,0,1,0,0,0,0,0,0,0,0,0,1,0,0,1,1,0,0,0,0,0,0,1,0,0,1,0,0,0,0,0,0,0,1]"
2,train_0002,train,3,522,"[1673,1945,1545,2137,1101,1609,1673,1545,1165,2137,2265,1673,2073,1737,2137,1165,2009,1101,1545,2073,1609,2201,1673,1417,1545,1037,2137,1101,1101,2137,2137,1481,2137,2201,2329,1165,1101,2073,1101,2201,2009,1481,2073,2201,1545,1673,2201,2201,2137,1165,973,1165,1545,2201,2137,1545,2329,2137,1101,1101,2073,2265,2073,1545]","[1566,783,1566,783,391,1566,1566,1566,391,783,783,1566,783,1566,783,391,783,391,1566,783,1566,783,1566,1566,1566,391,783,391,391,783,783,1566,783,783,783,391,391,783,391,783,783,1566,783,783,1566,1566,783,783,783,391,391,391,1566,783,783,1566,783,783,391,391,783,783,783,1566]","[0,0,0,0,0,0,0,0,0,0,0,0,0,0,0,0,0,0,0,0,0,0,0,0,0,0,0,0,0,0,0,0,0,0,0,0,0,0,0,0,0,0,0,0,0,0,0,0,0,0,0,0,0,0,0,0,0,0,0,0,0,0,0,0]","[0,0,0,0,0,0,0,0,0,0,0,0,0,0,0,0,0,0,0,0,0,0,0,0,0,0,0,0,0,0,0,0,0,0,0,0,0,0,0,0,0,0,0,0,0,0,0,0,0,0,0,0,0,0,0,0,0,0,0,0,0,0,0,0]","[3030,2485,2918,2653,1355,2974,3030,2918,1411,2653,2765,3030,2597,3086,2653,1411,2541,1355,2918,2597,2974,2709,3030,2806,2918,1299,2653,1355,1355,2653,2653,2862,2653,2709,2821,1411,1355,2597,1355,2709,2541,2862,2597,2709,2918,3030,2709,2709,2653,1411,1243,1411,2918,2709,2653,2918,2821,2653,1355,1355,2597,2765,2597,2918]","[3030,2485,2918,2653,1355,2974,3030,2918,1411,2653,2765,3030,2597,3086,2653,1411,2541,1355,2918,2597,2974,2709,3030,2806,2918,1299,2653,1355,1355,2653,2653,2862,2653,2709,2821,1411,1355,2597,1355,2709,2541,2862,2597,2709,2918,3030,2709,2709,2653,1411,1243,1411,2918,2709,2653,2918,2821,2653,1355,1355,2597,2765,2597,2918]","[""1"",""0"",""1"",""1"",""0"",""1"",""1"",""1"",""0"",""1"",""1"",""1"",""1"",""1"",""1"",""0"",""0"",""0"",""1"",""1"",""1"",""1"",""1"",""1"",""1"",""0"",""1"",""0"",""0"",""1"",""1"",""1"",""1"",""1"",""1"",""0"",""0"",""1"",""0"",""1"",""0"",""1"",""1"",""1"",""1"",""1"",""1"",""1"",""1"",""0"",""0"",""0"",""1"",""1"",""1"",""1"",""1"",""1"",""0"",""0"",""1"",""1"",""1"",""1""]","[0,2485,0,0,1355,0,0,0,1411,0,0,0,0,0,0,1411,2541,1355,0,0,0,0,0,0,0,1299,0,1355,1355,0,0,0,0,0,0,1411,1355,0,1355,0,2541,0,0,0,0,0,0,0,0,1411,1243,1411,0,0,0,0,0,0,1355,1355,0,0,0,0]","[2,0,2,1,0,2,2,2,0,1,1,2,1,2,1,0,0,0,2,1,2,1,2,2,2,0,1,0,0,1,1,2,1,1,1,0,0,1,0,1,0,2,1,1,2,2,1,1,1,0,0,0,2,1,1,2,1,1,0,0,1,1,1,2]"
2,train_0002,train,4,523,"[0,2485,0,0,1355,0,0,0,1411,0,0,0,0,0,0,1411,2541,1355,0,0,0,0,0,0,0,1299,0,1355,1355,0,0,0,0,0,0,1411,1355,0,1355,0,2541,0,0,0,0,0,0,0,0,1411,1243,1411,0,0,0,0,0,0,1355,1355,0,0,0,0]","[1569,784,1569,784,392,1569,1569,1569,392,784,784,1569,784,1569,784,392,784,392,1569,784,1569,784,1569,1569,1569,392,784,392,392,784,784,1569,784,784,784,392,392,784,392,784,784,1569,784,784,1569,1569,784,784,784,392,392,392,1569,784,784,1569,784,784,392,392,784,784,784,1569]","[128,0,192,256,192,320,192,128,128,128,256,128,0,192,128,128,0,0,192,0,192,192,256,-64,-64,192,128,64,320,192,320,-64,128,256,192,384,192,256,192,192,0,-64,320,256,-64,256,384,128,384,320,256,128,64,192,128,192,384,128,128,192,192,128,128,256]","[128,0,192,256,192,320,192,128,128,128,256,128,0,192,128,128,0,0,192,0,192,192,256,-64,-64,192,128,64,320,192,320,-64,128,256,192,384,192,256,192,192,0,-64,320,256,-64,256,384,128,384,320,256,128,64,192,128,192,384,128,128,192,192,128,128,256]","[1697,2959,1761,1040,1770,1889,1761,1697,1755,912,1040,1697,784,1761,912,1755,3008,1578,1761,784,1761,976,1825,1505,1505,1721,912,1642,1898,976,1104,1505,912,1040,976,2011,1770,1040,1770,976,3008,1505,1104,1040,1505,1825,1168,912,1168,1947,1736,1755,1633,976,912,1761,1168,912,1706,1770,976,912,912,1825]","[1697,2959,1761,1040,1770,1889,1761,1697,1755,912,1040,1697,784,1761,912,1755,3008,1578,1761,784,1761,976,1825,1505,1505,1721,912,1642,1898,976,1104,1505,912,1040,976,2011,1770,1040,1770,976,3008,1505,1104,1040,1505,1825,1168,912,1168,1947,1736,1755,1633,976,912,1761,1168,912,1706,1770,976,912,912,1825]","[""0"",""1"",""0"",""0"",""0"",""0"",""0"",""0"",""0"",""0"",""0"",""0"",""0"",""0"",""0"",""0"",""1"",""0"",""0"",""0"",""0"",""0"",""0"",""0"",""0"",""0"",""0"",""0"",""0"",""0"",""0"",""0"",""0"",""0"",""0"",""0"",""0"",""0"",""0"",""0"",""1"",""0"",""0"",""0"",""0"",""0"",""0"",""0"",""0"",""0"",""0"",""0"",""0"",""0"",""0"",""0"",""0"",""0"",""0"",""0"",""0"",""0"",""0"",""0""]","[1697,0,1761,1040,1770,1889,1761,1697,1755,912,1040,1697,784,1761,912,1755,0,1578,1761,784,1761,976,1825,1505,1505,1721,912,1642,1898,976,1104,1505,912,1040,976,2011,1770,1040,1770,976,0,1505,1104,1040,1505,1825,1168,912,1168,1947,1736,1755,1633,976,912,1761,1168,912,1706,1770,976,912,912,1825]","[2,1,2,1,0,2,2,2,0,1,1,2,1,2,1,0,1,0,2,1,2,1,2,2,2,0,1,0,0,1,1,2,1,1,1,0,0,1,0,1,1,2,1,1,2,2,1,1,1,0,0,0,2,1,1,2,1,1,0,0,1,1,1,2]"
2,train_0002,train,5,524,"[1697,0,1761,1040,1770,1889,1761,1697,1755,912,1040,1697,784,1761,912,1755,0,1578,1761,784,1761,976,1825,1505,1505,1721,912,1642,1898,976,1104,1505,912,1040,976,2011,1770,1040,1770,976,0,1505,1104,1040,1505,1825,1168,912,1168,1947,1736,1755,1633,976,912,1761,1168,912,1706,1770,976,912,912,1825]","[1572,786,1572,786,393,1572,1572,1572,393,786,786,1572,786,1572,786,393,786,393,1572,786,1572,786,1572,1572,1572,393,786,393,393,786,786,1572,786,786,786,393,393,786,393,786,786,1572,786,786,1572,1572,786,786,786,393,393,393,1572,786,786,1572,786,786,393,393,786,786,786,1572]","[0,0,0,-64,64,0,0,0,0,64,0,0,0,0,64,-64,0,0,0,64,0,0,0,0,64,0,0,0,0,0,0,0,64,0,64,64,64,0,0,0,0,0,64,0,-64,64,0,0,64,0,0,0,-64,0,0,0,0,0,0,0,0,0,0,0]","[0,0,0,-64,64,0,0,0,0,64,0,0,0,0,64,-64,0,0,0,64,0,0,0,0,64,0,0,0,0,0,0,0,64,0,64,64,64,0,0,0,0,0,64,0,-64,64,0,0,64,0,0,0,-64,0,0,0,0,0,0,0,0,0,0,0]","[3057,786,3113,1632,2006,3225,3113,3057,1929,1648,1696,3057,1472,3113,1648,1865,786,1774,3113,1536,3113,1640,3169,2889,2953,1899,1584,1830,2054,1640,1752,2889,1648,1696,1704,2217,2006,1696,1942,1640,786,2889,1816,1696,2825,3233,1808,1584,1872,2097,1912,1929,2937,1640,1584,3113,1808,1584,1886,1942,1640,1584,1584,3169]","[3057,786,3113,1632,2006,3225,3113,3057,1929,1648,1696,3057,1472,3113,1648,1865,786,1774,3113,1536,3113,1640,3169,2889,2953,1899,1584,1830,2054,1640,1752,2889,1648,1696,1704,2217,2006,1696,1942,1640,786,2889,1816,1696,2825,3233,1808,1584,1872,2097,1912,1929,2937,1640,1584,3113,1808,1584,1886,1942,1640,1584,1584,3169]","[""1"",""0"",""1"",""0"",""0"",""1"",""1"",""1"",""0"",""0"",""0"",""1"",""0"",""1"",""0"",""0"",""0"",""0"",""1"",""0"",""1"",""0"",""1"",""1"",""1"",""0"",""0"",""0"",""0"",""0"",""0"",""1"",""0"",""0"",""0"",""0"",""0"",""0"",""0"",""0"",""0"",""1"",""0"",""0"",""1"",""1"",""0"",""0"",""0"",""0"",""0"",""0"",""1"",""0"",""0"",""1"",""0"",""0"",""0"",""0"",""0"",""0"",""0"",""1""]","[0,786,0,1632,2006,0,0,0,1929,1648,1696,0,1472,0,1648,1865,786,1774,0,1536,0,1640,0,0,0,1899,1584,1830,2054,1640,1752,0,1648,1696,1704,2217,2006,1696,1942,1640,786,0,1816,1696,0,0,1808,1584,1872,2097,1912,1929,0,1640,1584,0,1808,1584,1886,1942,1640,1584,1584,0]","[3,1,3,1,0,3,3,3,0,1,1,3,1,3,1,0,1,0,3,1,3,1,3,3,3,0,1,0,0,1,1,3,1,1,1,0,0,1,0,1,1,3,1,1,3,3,1,1,1,0,0,0,3,1,1,3,1,1,0,0,1,1,1,3]"
2,train_0002,train,6,531,"[0,786,0,1632,2006,0,0,0,1929,1648,1696,0,1472,0,1648,1865,786,1774,0,1536,0,1640,0,0,0,1899,1584,1830,2054,1640,1752,0,1648,1696,1704,2217,2006,1696,1942,1640,786,0,1816,1696,0,0,1808,1584,1872,2097,1912,1929,0,1640,1584,0,1808,1584,1886,1942,1640,1584,1584,0]","[1593,796,1593,796,398,1593,1593,1593,398,796,796,1593,796,1593,796,398,796,398,1593,796,1593,796,1593,1593,1593,398,796,398,398,796,796,1593,796,796,796,398,398,796,398,796,796,1593,796,796,1593,1593,796,796,796,398,398,398,1593,796,796,1593,796,796,398,398,796,796,796,1593]","[128,-128,0,64,64,64,128,0,128,64,192,128,0,192,64,128,-64,64,0,0,64,128,128,-128,0,0,64,64,64,64,64,-64,64,128,256,128,64,0,64,128,-64,-64,0,128,0,128,128,128,64,128,-64,128,0,128,64,0,256,64,64,64,0,192,0,0]","[128,-128,0,64,64,64,128,0,128,64,192,128,0,192,64,128,-64,64,0,0,64,128,128,-128,0,0,64,64,64,64,64,-64,64,128,256,128,64,0,64,128,-64,-64,0,128,0,128,128,128,64,128,-64,128,0,128,64,0,256,64,64,64,0,192,0,0]","[1721,1356,1593,2288,2218,1657,1721,1593,2214,2302,2472,1721,2084,1785,2302,2158,1420,2015,1593,2140,1657,2359,1721,1465,1593,2060,2246,2064,2260,2295,2393,1529,2302,2408,2543,2466,2218,2280,2162,2359,1420,1529,2385,2408,1593,1721,2506,2310,2498,2361,2007,2214,1593,2359,2246,1593,2634,2246,2113,2162,2231,2374,2182,1593]","[1721,1356,1593,2288,2218,1657,1721,1593,2214,2302,2472,1721,2084,1785,2302,2158,1420,2015,1593,2140,1657,2359,1721,1465,1593,2060,2246,2064,2260,2295,2393,1529,2302,2408,2543,2466,2218,2280,2162,2359,1420,1529,2385,2408,1593,1721,2506,2310,2498,2361,2007,2214,1593,2359,2246,1593,2634,2246,2113,2162,2231,2374,2182,1593]","[""0"",""0"",""0"",""0"",""0"",""0"",""0"",""0"",""0"",""0"",""0"",""0"",""0"",""0"",""0"",""0"",""0"",""0"",""0"",""0"",""0"",""0"",""0"",""0"",""0"",""0"",""0"",""0"",""0"",""0"",""0"",""0"",""0"",""0"",""0"",""0"",""0"",""0"",""0"",""0"",""0"",""0"",""0"",""0"",""0"",""0"",""0"",""0"",""0"",""0"",""0"",""0"",""0"",""0"",""0"",""0"",""1"",""0"",""0"",""0"",""0"",""0"",""0"",""0""]","[1721,1356,1593,2288,2218,1657,1721,1593,2214,2302,2472,1721,2084,1785,2302,2158,1420,2015,1593,2140,1657,2359,1721,1465,1593,2060,2246,2064,2260,2295,2393,1529,2302,2408,2543,2466,2218,2280,2162,2359,1420,1529,2385,2408,1593,1721,2506,2310,2498,2361,2007,2214,1593,2359,2246,1593,0,2246,2113,2162,2231,2374,2182,1593]","[3,1,3,1,0,3,3,3,0,1,1,3,1,3,1,0,1,0,3,1,3,1,3,3,3,0,1,0,0,1,1,3,1,1,1,0,0,1,0,1,1,3,1,1,3,3,1,1,1,0,0,0,3,1,1,3,2,1,0,0,1,1,1,3]"
2,train_0002,train,7,553,"[1721,1356,1593,2288,2218,1657,1721,1593,2214,2302,2472,1721,2084,1785,2302,2158,1420,2015,1593,2140,1657,2359,1721,1465,1593,2060,2246,2064,2260,2295,2393,1529,2302,2408,2543,2466,2218,2280,2162,2359,1420,1529,2385,2408,1593,1721,2506,2310,2498,2361,2007,2214,1593,2359,2246,1593,0,2246,2113,2162,2231,2374,2182,1593]","[1659,829,1659,829,414,1659,1659,1659,414,829,829,1659,829,1659,829,414,829,414,1659,829,1659,829,1659,1659,1659,414,829,414,414,829,829,1659,829,829,829,414,414,829,414,829,829,1659,829,829,1659,1659,829,829,829,414,414,414,1659,829,829,1659,829,829,414,414,829,829,829,1659]","[0,0,0,0,0,0,0,0,64,0,0,0,0,0,0,0,0,0,0,0,0,0,0,0,0,64,0,0,0,0,0,0,0,64,0,0,0,0,0,0,0,0,0,64,0,0,0,0,0,0,64,0,0,0,0,0,0,0,0,0,0,0,64,0]","[0,0,0,0,0,0,0,0,64,0,0,0,0,0,0,0,0,0,0,0,0,0,0,0,0,64,0,0,0,0,0,0,0,64,0,0,0,0,0,0,0,0,0,64,0,0,0,0,0,0,64,0,0,0,0,0,0,0,0,0,0,0,64,0]","[3165,2016,3053,2831,2355,3109,3165,3053,2416,2844,2992,3165,2653,3221,2844,2303,2072,2178,3053,2702,3109,2894,3165,2941,3053,2281,2795,2220,2392,2838,2923,2997,2844,3000,3055,2572,2355,2824,2306,2894,2072,2997,2916,3000,3053,3165,3022,2851,3015,2480,2235,2352,3053,2894,2795,3053,829,2795,2263,2306,2782,2907,2803,3053]","[3165,2016,3053,2831,2355,3109,3165,3053,2416,2844,2992,3165,2653,3221,2844,2303,2072,2178,3053,2702,3109,2894,3165,2941,3053,2281,2795,2220,2392,2838,2923,2997,2844,3000,3055,2572,2355,2824,2306,2894,2072,2997,2916,3000,3053,3165,3022,2851,3015,2480,2235,2352,3053,2894,2795,3053,829,2795,2263,2306,2782,2907,2803,3053]","[""1"",""0"",""1"",""1"",""0"",""1"",""1"",""1"",""0"",""1"",""1"",""1"",""1"",""1"",""1"",""0"",""0"",""0"",""1"",""1"",""1"",""1"",""1"",""1"",""1"",""0"",""1"",""0"",""0"",""1"",""1"",""1"",""1"",""1"",""1"",""1"",""0"",""1"",""0"",""1"",""0"",""1"",""1"",""1"",""1"",""1"",""1"",""1"",""1"",""0"",""0"",""0"",""1"",""1"",""1"",""1"",""0"",""1"",""0"",""0"",""1"",""1"",""1"",""1""]","[0,2016,0,0,2355,0,0,0,2416,0,0,0,0,0,0,2303,2072,2178,0,0,0,0,0,0,0,2281,0,2220,2392,0,0,0,0,0,0,0,2355,0,2306,0,2072,0,0,0,0,0,0,0,0,2480,2235,2352,0,0,0,0,829,0,2263,2306,0,0,0,0]","[4,1,4,2,0,4,4,4,0,2,2,4,2,4,2,0,1,0,4,2,4,2,4,4,4,0,2,0,0,2,2,4,2,2,2,1,0,2,0,2,1,4,2,2,4,4,2,2,2,0,0,0,4,2,2,4,2,2,0,0,2,2,2,4]"
2,train_0002,train,8,583,"[0,2016,0,0,2355,0,0,0,2416,0,0,0,0,0,0,2303,2072,2178,0,0,0,0,0,0,0,2281,0,2220,2392,0,0,0,0,0,0,0,2355,0,2306,0,2072,0,0,0,0,0,0,0,0,2480,2235,2352,0,0,0,0,829,0,2263,2306,0,0,0,0]","[1749,874,1749,874,437,1749,1749,1749,437,874,874,1749,874,1749,874,437,874,437,1749,874,1749,874,1749,1749,1749,437,874,437,437,874,874,1749,874,874,874,437,437,874,437,874,874,1749,874,874,1749,1749,874,874,874,437,437,437,1749,874,874,1749,874,874,437,437,874,874,874,1749]","[128,64,192,192,192,320,192,64,64,128,256,128,0,192,128,128,0,0,192,0,192,128,256,-64,-64,128,192,64,320,192,320,-64,128,192,128,384,192,256,192,192,0,-64,320,192,-64,256,384,128,384,320,256,128,64,256,128,192,384,128,128,192,256,128,64,256]","[128,64,192,192,192,320,192,64,64,128,256,128,0,192,128,128,0,0,192,0,192,128,256,-64,-64,128,192,64,320,192,320,-64,128,192,128,384,192,256,192,192,0,-64,320,192,-64,256,384,128,384,320,256,128,64,256,128,192,384,128,128,192,256,128,64,256]","[1877,2702,1941,1066,2690,2069,1941,1813,2615,1002,1130,1877,874,1941,1002,2581,2687,2343,1941,874,1941,1002,2005,1685,1685,2561,1066,2444,2850,1066,1194,1685,1002,1066,1002,821,2690,1130,2647,1066,2687,1685,1194,1066,1685,2005,1258,1002,1258,2927,2649,2623,1813,1130,1002,1941,1984,1002,2546,2647,1130,1002,938,2005]","[1877,2702,1941,1066,2690,2069,1941,1813,2615,1002,1130,1877,874,1941,1002,2581,2687,2343,1941,874,1941,1002,2005,1685,1685,2561,1066,2444,2850,1066,1194,1685,1002,1066,1002,821,2690,1130,2647,1066,2687,1685,1194,1066,1685,2005,1258,1002,1258,2927,2649,2623,1813,1130,1002,1941,1984,1002,2546,2647,1130,1002,938,2005]","[""0"",""1"",""0"",""0"",""1"",""0"",""0"",""0"",""1"",""0"",""0"",""0"",""0"",""0"",""0"",""1"",""1"",""0"",""0"",""0"",""0"",""0"",""0"",""0"",""0"",""1"",""0"",""0"",""1"",""0"",""0"",""0"",""0"",""0"",""0"",""0"",""1"",""0"",""1"",""0"",""1"",""0"",""0"",""0"",""0"",""0"",""0"",""0"",""0"",""1"",""1"",""1"",""0"",""0"",""0"",""0"",""0"",""0"",""0"",""1"",""0"",""0"",""0"",""0""]","[1877,0,1941,1066,0,2069,1941,1813,0,1002,1130,1877,874,1941,1002,0,0,2343,1941,874,1941,1002,2005,1685,1685,0,1066,2444,0,1066,1194,1685,1002,1066,1002,821,0,1130,0,1066,0,1685,1194,1066,1685,2005,1258,1002,1258,0,0,0,1813,1130,1002,1941,1984,1002,2546,0,1130,1002,938,2005]","[4,2,4,2,1,4,4,4,1,2,2,4,2,4,2,1,2,0,4,2,4,2,4,4,4,1,2,0,1,2,2,4,2,2,2,1,1,2,1,2,2,4,2,2,4,4,2,2,2,1,1,1,4,2,2,4,2,2,0,1,2,2,2,4]"
2,train_0002,train,9,593,"[1877,0,1941,1066,0,2069,1941,1813,0,1002,1130,1877,874,1941,1002,0,0,2343,1941,874,1941,1002,2005,1685,1685,0,1066,2444,0,1066,1194,1685,1002,1066,1002,821,0,1130,0,1066,0,1685,1194,1066,1685,2005,1258,1002,1258,0,0,0,1813,1130,1002,1941,1984,1002,2546,0,1130,1002,938,2005]","[1779,889,1779,889,444,1779,1779,1779,444,889,889,1779,889,1779,889,444,889,444,1779,889,1779,889,1779,1779,1779,444,889,444,444,889,889,1779,889,889,889,444,444,889,444,889,889,1779,889,889,1779,1779,889,889,889,444,444,444,1779,889,889,1779,889,889,444,444,889,889,889,1779]","[64,-64,0,-64,64,192,64,0,64,64,-64,128,128,0,64,-64,64,128,-64,128,64,0,0,0,128,64,0,0,-64,128,64,64,64,-64,64,64,128,0,64,64,0,0,128,0,128,0,0,0,0,64,64,64,0,0,64,64,128,128,128,128,128,64,0,0]","[64,-64,0,-64,64,192,64,0,64,64,-64,128,128,0,64,-64,64,128,-64,128,64,0,0,0,128,64,0,0,-64,128,64,64,64,-64,64,64,128,0,64,64,0,0,128,0,128,0,0,0,0,64,64,64,0,0,64,64,128,128,128,128,128,64,0,0]","[3486,825,3478,1758,508,3782,3542,3366,508,1830,1814,3550,1782,3478,1830,380,953,2623,3414,1782,3542,1766,3534,3254,3382,508,1822,2583,380,1950,1998,3318,1830,1758,1830,1227,572,1878,508,1886,889,3254,2062,1822,3382,3534,1990,1766,1990,508,508,508,3366,1878,1830,3542,2753,1894,2800,572,2006,1830,1710,3534]","[3486,825,3478,1758,508,3782,3542,3366,508,1830,1814,3550,1782,3478,1830,380,953,2623,3414,1782,3542,1766,3534,3254,3382,508,1822,2583,380,1950,1998,3318,1830,1758,1830,1227,572,1878,508,1886,889,3254,2062,1822,3382,3534,1990,1766,1990,508,508,508,3366,1878,1830,3542,2753,1894,2800,572,2006,1830,1710,3534]","[""1"",""0"",""1"",""0"",""0"",""1"",""1"",""1"",""0"",""0"",""0"",""1"",""0"",""1"",""0"",""0"",""0"",""1"",""1"",""0"",""1"",""0"",""1"",""1"",""1"",""0"",""0"",""1"",""0"",""0"",""0"",""1"",""0"",""0"",""0"",""0"",""0"",""0"",""0"",""0"",""0"",""1"",""0"",""0"",""1"",""1"",""0"",""0"",""0"",""0"",""0"",""0"",""1"",""0"",""0"",""1"",""1"",""0"",""1"",""0"",""0"",""0"",""0"",""1""]","[0,825,0,1758,508,0,0,0,508,1830,1814,0,1782,0,1830,380,953,0,0,1782,0,1766,0,0,0,508,1822,0,380,1950,1998,0,1830,1758,1830,1227,572,1878,508,1886,889,0,2062,1822,0,0,1990,1766,1990,508,508,508,0,1878,1830,0,0,1894,0,572,2006,1830,1710,0]","[5,2,5,2,1,5,5,5,1,2,2,5,2,5,2,1,2,1,5,2,5,2,5,5,5,1,2,1,1,2,2,5,2,2,2,1,1,2,1,2,2,5,2,2,5,5,2,2,2,1,1,1,5,2,2,5,3,2,1,1,2,2,2,5]"
2,train_0002,train,10,580,"[0,825,0,1758,508,0,0,0,508,1830,1814,0,1782,0,1830,380,953,0,0,1782,0,1766,0,0,0,508,1822,0,380,1950,1998,0,1830,1758,1830,1227,572,1878,508,1886,889,0,2062,1822,0,0,1990,1766,1990,508,508,508,0,1878,1830,0,0,1894,0,572,2006,1830,1710,0]","[1740,870,1740,870,435,1740,1740,1740,435,870,870,1740,870,1740,870,435,870,435,1740,870,1740,870,1740,1740,1740,435,870,435,435,870,870,1740,870,870,870,435,435,870,435,870,870,1740,870,870,1740,1740,870,870,870,435,435,435,1740,870,870,1740,870,870,435,435,870,870,870,1740]","[192,-128,0,64,64,64,128,0,256,64,192,128,0,192,-64,128,0,64,64,0,64,128,128,-128,0,64,64,128,64,64,64,-64,0,256,320,192,0,0,0,128,-64,-64,64,192,64,128,128,128,64,192,64,128,0,128,64,0,256,64,64,64,0,192,64,0]","[192,-128,0,64,64,64,128,0,256,64,192,128,0,192,-64,128,0,64,64,0,64,128,128,-128,0,64,64,128,64,64,64,-64,0,256,320,192,0,0,0,128,-64,-64,64,192,64,128,128,128,64,192,64,128,0,128,64,0,256,64,64,64,0,192,64,0]","[1932,1464,1740,2473,944,1804,1868,1740,1136,2536,2650,1868,2430,1932,2408,896,1704,499,1804,2430,1804,2544,1868,1612,1740,944,2529,563,832,2641,2683,1676,2472,2665,2792,1701,936,2514,880,2649,1584,1676,2739,2657,1804,1868,2740,2544,2676,1072,944,1008,1740,2642,2536,1740,1126,2592,499,1000,2626,2664,2431,1740]","[1932,1464,1740,2473,944,1804,1868,1740,1136,2536,2650,1868,2430,1932,2408,896,1704,499,1804,2430,1804,2544,1868,1612,1740,944,2529,563,832,2641,2683,1676,2472,2665,2792,1701,936,2514,880,2649,1584,1676,2739,2657,1804,1868,2740,2544,2676,1072,944,1008,1740,2642,2536,1740,1126,2592,499,1000,2626,2664,2431,1740]","[""0"",""0"",""0"",""0"",""0"",""0"",""0"",""0"",""0"",""0"",""1"",""0"",""0"",""0"",""0"",""0"",""0"",""0"",""0"",""0"",""0"",""0"",""0"",""0"",""0"",""0"",""0"",""0"",""0"",""1"",""1"",""0"",""0"",""1"",""1"",""0"",""0"",""0"",""0"",""1"",""0"",""0"",""1"",""1"",""0"",""0"",""1"",""0"",""1"",""0"",""0"",""0"",""0"",""1"",""0"",""0"",""0"",""1"",""0"",""0"",""1"",""1"",""0"",""0""]","[1932,1464,1740,2473,944,1804,1868,1740,1136,2536,0,1868,2430,1932,2408,896,1704,499,1804,2430,1804,2544,1868,1612,1740,944,2529,563,832,0,0,1676,2472,0,0,1701,936,2514,880,0,1584,1676,0,0,1804,1868,0,2544,0,1072,944,1008,1740,0,2536,1740,1126,0,499,1000,0,0,2431,1740]","[5,2,5,2,1,5,5,5,1,2,3,5,2,5,2,1,2,1,5,2,5,2,5,5,5,1,2,1,1,3,3,5,2,3,3,1,1,2,1,3,2,5,3,3,5,5,3,2,3,1,1,1,5,3,2,5,3,3,1,1,3,3,2,5]"
2,train_0002,train,11,535,"[1932,1464,1740,2473,944,1804,1868,1740,1136,2536,0,1868,2430,1932,2408,896,1704,499,1804,2430,1804,2544,1868,1612,1740,944,2529,563,832,0,0,1676,2472,0,0,1701,936,2514,880,0,1584,1676,0,0,1804,1868,0,2544,0,1072,944,1008,1740,0,2536,1740,1126,0,499,1000,0,0,2431,1740]","[1605,802,1605,802,401,1605,1605,1605,401,802,802,1605,802,1605,802,401,802,401,1605,802,1605,802,1605,1605,1605,401,802,401,401,802,802,1605,802,802,802,401,401,802,401,802,802,1605,802,802,1605,1605,802,802,802,401,401,401,1605,802,802,1605,802,802,401,401,802,802,802,1605]","[64,0,128,64,128,192,0,128,-64,64,64,-64,0,0,0,0,0,0,64,64,64,64,0,64,0,128,0,64,128,0,128,-64,0,64,-64,128,0,192,128,64,64,-64,128,64,-64,128,128,0,128,128,128,0,-64,64,64,64,64,0,-64,0,192,0,64,192]","[64,0,128,64,128,192,0,128,-64,64,64,-64,0,0,0,0,0,0,64,64,64,64,0,64,0,128,0,64,128,0,128,-64,0,64,-64,128,0,192,128,64,64,-64,128,64,-64,128,128,0,128,128,128,0,-64,64,64,64,64,0,-64,0,192,0,64,192]","[3360,2083,3256,3030,1355,3376,3240,3256,1331,3085,866,3176,2929,3296,2909,1185,2293,838,3248,2993,3248,3092,3240,3080,3128,1355,3015,958,1257,802,930,3008,2965,866,738,2018,1220,3194,1299,866,2252,3008,930,866,3120,3368,930,3028,930,1467,1355,1283,3064,866,3085,3192,1852,802,774,1276,994,802,2994,3320]","[3360,2083,3256,3030,1355,3376,3240,3256,1331,3085,866,3176,2929,3296,2909,1185,2293,838,3248,2993,3248,3092,3240,3080,3128,1355,3015,958,1257,802,930,3008,2965,866,738,2018,1220,3194,1299,866,2252,3008,930,866,3120,3368,930,3028,930,1467,1355,1283,3064,866,3085,3192,1852,802,774,1276,994,802,2994,3320]","[""1"",""0"",""1"",""1"",""0"",""1"",""1"",""1"",""0"",""1"",""0"",""1"",""1"",""1"",""1"",""0"",""0"",""0"",""1"",""1"",""1"",""1"",""1"",""1"",""1"",""0"",""1"",""0"",""0"",""0"",""0"",""1"",""1"",""0"",""0"",""0"",""0"",""1"",""0"",""0"",""0"",""1"",""0"",""0"",""1"",""1"",""0"",""1"",""0"",""0"",""0"",""0"",""1"",""0"",""1"",""1"",""0"",""0"",""0"",""0"",""0"",""0"",""1"",""1""]","[0,2083,0,0,1355,0,0,0,1331,0,866,0,0,0,0,1185,2293,838,0,0,0,0,0,0,0,1355,0,958,1257,802,930,0,0,866,738,2018,1220,0,1299,866,2252,0,930,866,0,0,930,0,930,1467,1355,1283,0,866,0,0,1852,802,774,1276,994,802,0,0]","[6,2,6,3,1,6,6,6,1,3,3,6,3,6,3,1,2,1,6,3,6,3,6,6,6,1,3,1,1,3,3,6,3,3,3,1,1,3,1,3,2,6,3,3,6,6,3,3,3,1,1,1,6,3,3,6,3,3,1,1,3,3,3,6]"
2,train_0002,train,12,480,"[0,2083,0,0,1355,0,0,0,1331,0,866,0,0,0,0,1185,2293,838,0,0,0,0,0,0,0,1355,0,958,1257,802,930,0,0,866,738,2018,1220,0,1299,866,2252,0,930,866,0,0,930,0,930,1467,1355,1283,0,866,0,0,1852,802,774,1276,994,802,0,0]","[1440,720,1440,720,360,1440,1440,1440,360,720,720,1440,720,1440,720,360,720,360,1440,720,1440,720,1440,1440,1440,360,720,360,360,720,720,1440,720,720,720,360,360,720,360,720,720,1440,720,720,1440,1440,720,720,720,360,360,360,1440,720,720,1440,720,720,360,360,720,720,720,1440]","[64,0,64,192,64,128,192,0,128,64,192,192,0,192,128,128,0,0,128,-64,128,128,256,-128,-64,0,128,0,192,192,192,0,128,128,256,256,192,64,64,128,-64,0,192,128,0,128,256,128,256,192,64,128,128,128,64,128,320,128,192,192,0,128,0,64]","[64,0,64,192,64,128,192,0,128,64,192,192,0,192,128,128,0,0,128,-64,128,128,256,-128,-64,0,128,0,192,192,192,0,128,128,256,256,192,64,64,128,-64,0,192,128,0,128,256,128,256,192,64,128,128,128,64,128,320,128,192,192,0,128,0,64]","[1504,2543,1504,912,1610,1568,1632,1440,1653,784,1670,1632,720,1632,848,1525,2727,1094,1568,656,1568,848,1696,1312,1376,1546,848,1199,1652,1614,1726,1440,848,1606,1622,2382,1620,784,1561,1606,2627,1440,1726,1606,1440,1568,1790,848,1790,1836,1610,1611,1568,1606,784,1568,2661,1550,1230,1669,1590,1550,720,1504]","[1504,2543,1504,912,1610,1568,1632,1440,1653,784,1670,1632,720,1632,848,1525,2727,1094,1568,656,1568,848,1696,1312,1376,1546,848,1199,1652,1614,1726,1440,848,1606,1622,2382,1620,784,1561,1606,2627,1440,1726,1606,1440,1568,1790,848,1790,1836,1610,1611,1568,1606,784,1568,2661,1550,1230,1669,1590,1550,720,1504]","[""0"",""0"",""0"",""0"",""0"",""0"",""0"",""0"",""0"",""0"",""0"",""0"",""0"",""0"",""0"",""0"",""1"",""0"",""0"",""0"",""0"",""0"",""0"",""0"",""0"",""0"",""0"",""0"",""0"",""0"",""0"",""0"",""0"",""0"",""0"",""0"",""0"",""0"",""0"",""0"",""1"",""0"",""0"",""0"",""0"",""0"",""0"",""0"",""0"",""0"",""0"",""0"",""0"",""0"",""0"",""0"",""1"",""0"",""0"",""0"",""0"",""0"",""0"",""0""]","[1504,2543,1504,912,1610,1568,1632,1440,1653,784,1670,1632,720,1632,848,1525,0,1094,1568,656,1568,848,1696,1312,1376,1546,848,1199,1652,1614,1726,1440,848,1606,1622,2382,1620,784,1561,1606,0,1440,1726,1606,1440,1568,1790,848,1790,1836,1610,1611,1568,1606,784,1568,0,1550,1230,1669,1590,1550,720,1504]","[6,2,6,3,1,6,6,6,1,3,3,6,3,6,3,1,3,1,6,3,6,3,6,6,6,1,3,1,1,3,3,6,3,3,3,1,1,3,1,3,3,6,3,3,6,6,3,3,3,1,1,1,6,3,3,6,4,3,1,1,3,3,3,6]"
2,train_0002,train,13,456,"[1504,2543,1504,912,1610,1568,1632,1440,1653,784,1670,1632,720,1632,848,1525,0,1094,1568,656,1568,848,1696,1312,1376,1546,848,1199,1652,1614,1726,1440,848,1606,1622,2382,1620,784,1561,1606,0,1440,1726,1606,1440,1568,1790,848,1790,1836,1610,1611,1568,1606,784,1568,0,1550,1230,1669,1590,1550,720,1504]","[1368,684,1368,684,342,1368,1368,1368,342,684,684,1368,684,1368,684,342,684,342,1368,684,1368,684,1368,1368,1368,342,684,342,342,684,684,1368,684,684,684,342,342,684,342,684,684,1368,684,684,1368,1368,684,684,684,342,342,342,1368,684,684,1368,684,684,342,342,684,684,684,1368]","[0,0,0,-64,64,0,0,0,64,64,0,0,0,0,64,-64,0,0,0,64,0,0,0,0,64,64,0,0,0,0,0,0,64,64,0,64,64,0,0,0,0,0,0,64,0,64,0,0,0,0,64,0,0,0,0,0,0,0,64,0,0,0,64,0]","[0,0,0,-64,64,0,0,0,64,64,0,0,0,0,64,-64,0,0,0,64,0,0,0,0,64,64,0,0,0,0,0,0,64,64,0,64,64,0,0,0,0,0,0,64,0,64,0,0,0,0,64,0,0,0,0,0,0,0,64,0,0,0,64,0]","[2684,2910,2684,1418,1815,2740,2796,2628,1853,1434,2146,2796,1314,2796,1490,1613,684,1300,2740,1322,2740,1426,2852,2516,2636,1759,1426,1392,1788,2097,2195,2628,1490,2154,2104,2491,1824,1370,1708,2090,684,2628,2195,2154,2628,2804,2251,1426,2251,1949,1815,1752,2740,2090,1370,2740,684,2041,1483,1803,2076,2041,1378,2684]","[2684,2910,2684,1418,1815,2740,2796,2628,1853,1434,2146,2796,1314,2796,1490,1613,684,1300,2740,1322,2740,1426,2852,2516,2636,1759,1426,1392,1788,2097,2195,2628,1490,2154,2104,2491,1824,1370,1708,2090,684,2628,2195,2154,2628,2804,2251,1426,2251,1949,1815,1752,2740,2090,1370,2740,684,2041,1483,1803,2076,2041,1378,2684]","[""1"",""1"",""1"",""0"",""0"",""1"",""1"",""1"",""0"",""0"",""0"",""1"",""0"",""1"",""0"",""0"",""0"",""0"",""1"",""0"",""1"",""0"",""1"",""0"",""1"",""0"",""0"",""0"",""0"",""0"",""0"",""1"",""0"",""0"",""0"",""0"",""0"",""0"",""0"",""0"",""0"",""1"",""0"",""0"",""1"",""1"",""0"",""0"",""0"",""0"",""0"",""0"",""1"",""0"",""0"",""1"",""0"",""0"",""0"",""0"",""0"",""0"",""0"",""1""]","[0,0,0,1418,1815,0,0,0,1853,1434,2146,0,1314,0,1490,1613,684,1300,0,1322,0,1426,0,2516,0,1759,1426,1392,1788,2097,2195,0,1490,2154,2104,2491,1824,1370,1708,2090,684,0,2195,2154,0,0,2251,1426,2251,1949,1815,1752,0,2090,1370,0,684,2041,1483,1803,2076,2041,1378,0]","[7,3,7,3,1,7,7,7,1,3,3,7,3,7,3,1,3,1,7,3,7,3,7,6,7,1,3,1,1,3,3,7,3,3,3,1,1,3,1,3,3,7,3,3,7,7,3,3,3,1,1,1,7,3,3,7,4,3,1,1,3,3,3,7]"
2,train_0002,train,14,455,"[0,0,0,1418,1815,0,0,0,1853,1434,2146,0,1314,0,1490,1613,684,1300,0,1322,0,1426,0,2516,0,1759,1426,1392,1788,2097,2195,0,1490,2154,2104,2491,1824,1370,1708,2090,684,0,2195,2154,0,0,2251,1426,2251,1949,1815,1752,0,2090,1370,0,684,2041,1483,1803,2076,2041,1378,0]","[1365,682,1365,682,341,1365,1365,1365,341,682,682,1365,682,1365,682,341,682,341,1365,682,1365,682,1365,1365,1365,341,682,341,341,682,682,1365,682,682,682,341,341,682,341,682,682,1365,682,682,1365,1365,682,682,682,341,341,341,1365,682,682,1365,682,682,341,341,682,682,682,1365]","[128,-128,0,64,64,64,128,0,128,0,128,128,0,192,64,128,-64,64,0,0,64,128,128,-128,64,0,64,64,64,64,64,-64,64,128,256,128,64,0,64,128,-64,-64,64,64,-64,128,64,64,128,128,-64,128,-64,128,64,0,256,64,0,64,0,192,0,0]","[128,-128,0,64,64,64,128,0,128,0,128,128,0,192,64,128,-64,64,0,0,64,128,128,-128,64,0,64,64,64,64,64,-64,64,128,256,128,64,0,64,128,-64,-64,64,64,-64,128,64,64,128,128,-64,128,-64,128,64,0,256,64,0,64,0,192,0,0]","[1493,554,1365,1987,1994,1429,1493,1365,2091,1937,2688,1493,1832,1557,2050,1881,1217,1543,1365,1839,1429,2058,1493,3439,1429,1881,1994,1623,1970,2581,2667,1301,2050,2695,2779,2649,2001,1881,1900,2639,1217,1301,2667,2631,1301,1493,2716,1994,2780,2175,1866,2002,1301,2639,1945,1365,1537,2532,1639,1983,2499,2660,1888,1365]","[1493,554,1365,1987,1994,1429,1493,1365,2091,1937,2688,1493,1832,1557,2050,1881,1217,1543,1365,1839,1429,2058,1493,3439,1429,1881,1994,1623,1970,2581,2667,1301,2050,2695,2779,2649,2001,1881,1900,2639,1217,1301,2667,2631,1301,1493,2716,1994,2780,2175,1866,2002,1301,2639,1945,1365,1537,2532,1639,1983,2499,2660,1888,1365]","[""0"",""0"",""0"",""0"",""0"",""0"",""0"",""0"",""0"",""0"",""1"",""0"",""0"",""0"",""0"",""0"",""0"",""0"",""0"",""0"",""0"",""0"",""0"",""1"",""0"",""0"",""0"",""0"",""0"",""1"",""1"",""0"",""0"",""1"",""1"",""1"",""0"",""0"",""0"",""1"",""0"",""0"",""1"",""1"",""0"",""0"",""1"",""0"",""1"",""0"",""0"",""0"",""0"",""1"",""0"",""0"",""0"",""0"",""0"",""0"",""0"",""1"",""0"",""0""]","[1493,554,1365,1987,1994,1429,1493,1365,2091,1937,0,1493,1832,1557,2050,1881,1217,1543,1365,1839,1429,2058,1493,0,1429,1881,1994,1623,1970,0,0,1301,2050,0,0,0,2001,1881,1900,0,1217,1301,0,0,1301,1493,0,1994,0,2175,1866,2002,1301,0,1945,1365,1537,2532,1639,1983,2499,0,1888,1365]","[7,3,7,3,1,7,7,7,1,3,4,7,3,7,3,1,3,1,7,3,7,3,7,7,7,1,3,1,1,4,4,7,3,4,4,2,1,3,1,4,3,7,4,4,7,7,4,3,4,1,1,1,7,4,3,7,4,3,1,1,3,4,3,7]"
2,train_0002,train,15,481,"[1493,554,1365,1987,1994,1429,1493,1365,2091,1937,0,1493,1832,1557,2050,1881,1217,1543,1365,1839,1429,2058,1493,0,1429,1881,1994,1623,1970,0,0,1301,2050,0,0,0,2001,1881,1900,0,1217,1301,0,0,1301,1493,0,1994,0,2175,1866,2002,1301,0,1945,1365,1537,2532,1639,1983,2499,0,1888,1365]","[1443,721,1443,721,360,1443,1443,1443,360,721,721,1443,721,1443,721,360,721,360,1443,721,1443,721,1443,1443,1443,360,721,360,360,721,721,1443,721,721,721,360,360,721,360,721,721,1443,721,721,1443,1443,721,721,721,360,360,360,1443,721,721,1443,721,721,360,360,721,721,721,1443]","[128,64,128,0,128,192,0,64,-64,128,128,0,0,0,0,0,0,0,64,64,0,0,0,64,-64,128,64,64,128,0,128,-64,0,64,0,64,0,128,64,64,64,-64,128,128,0,64,192,128,128,64,192,0,0,128,64,-64,64,0,-64,0,256,0,64,192]","[128,64,128,0,128,192,0,64,-64,128,128,0,0,0,0,0,0,0,64,64,0,0,0,64,-64,128,64,64,128,0,128,-64,0,64,0,64,0,128,64,64,64,-64,128,128,0,64,192,128,128,64,192,0,0,128,64,-64,64,0,-64,0,256,0,64,192]","[2878,1270,2766,2460,2233,2886,2750,2702,2126,2544,849,2750,2324,2806,2515,2006,1786,1711,2702,2395,2694,2522,2750,1507,2630,2134,2530,1845,2212,721,849,2518,2515,785,721,424,2111,2495,2087,785,1850,2518,849,849,2582,2814,913,2594,849,2328,2185,2112,2582,849,2487,2574,2130,2937,1731,2096,3164,721,2437,2830]","[2878,1270,2766,2460,2233,2886,2750,2702,2126,2544,849,2750,2324,2806,2515,2006,1786,1711,2702,2395,2694,2522,2750,1507,2630,2134,2530,1845,2212,721,849,2518,2515,785,721,424,2111,2495,2087,785,1850,2518,849,849,2582,2814,913,2594,849,2328,2185,2112,2582,849,2487,2574,2130,2937,1731,2096,3164,721,2437,2830]","[""1"",""0"",""1"",""0"",""0"",""1"",""1"",""1"",""0"",""0"",""0"",""1"",""0"",""1"",""0"",""0"",""0"",""0"",""1"",""0"",""1"",""0"",""1"",""0"",""1"",""0"",""0"",""0"",""0"",""0"",""0"",""0"",""0"",""0"",""0"",""0"",""0"",""0"",""0"",""0"",""0"",""0"",""0"",""0"",""1"",""1"",""0"",""1"",""0"",""0"",""0"",""0"",""1"",""0"",""0"",""1"",""0"",""1"",""0"",""0"",""1"",""0"",""0"",""1""]","[0,1270,0,2460,2233,0,0,0,2126,2544,849,0,2324,0,2515,2006,1786,1711,0,2395,0,2522,0,1507,0,2134,2530,1845,2212,721,849,2518,2515,785,721,424,2111,2495,2087,785,1850,2518,849,849,0,0,913,0,849,2328,2185,2112,0,849,2487,0,2130,0,1731,2096,0,721,2437,0]","[8,3,8,3,1,8,8,8,1,3,4,8,3,8,3,1,3,1,8,3,8,3,8,7,8,1,3,1,1,4,4,7,3,4,4,2,1,3,1,4,3,7,4,4,8,8,4,4,4,1,1,1,8,4,3,8,4,4,1,1,4,4,3,8]"
2,train_0002,train,16,505,"[0,1270,0,2460,2233,0,0,0,2126,2544,849,0,2324,0,2515,2006,1786,1711,0,2395,0,2522,0,1507,0,2134,2530,1845,2212,721,849,2518,2515,785,721,424,2111,2495,2087,785,1850,2518,849,849,0,0,913,0,849,2328,2185,2112,0,849,2487,0,2130,0,1731,2096,0,721,2437,0]","[1515,757,1515,757,378,1515,1515,1515,378,757,757,1515,757,1515,757,378,757,378,1515,757,1515,757,1515,1515,1515,378,757,378,378,757,757,1515,757,757,757,378,378,757,378,757,757,1515,757,757,1515,1515,757,757,757,378,378,378,1515,757,757,1515,757,757,378,378,757,757,757,1515]","[64,-64,0,64,64,64,128,0,128,0,128,64,0,192,64,128,-64,64,0,0,256,64,128,-64,0,0,64,64,64,128,64,-64,128,128,128,128,64,64,128,128,-64,-64,0,0,0,192,64,0,64,192,-128,128,-64,128,64,128,192,64,128,64,0,192,0,0]","[64,-64,0,64,64,64,128,0,128,0,128,64,0,192,64,128,-64,64,0,0,256,64,128,-64,0,0,64,64,64,128,64,-64,128,128,128,128,64,64,128,128,-64,-64,0,0,0,192,64,0,64,192,-128,128,-64,128,64,128,192,64,128,64,0,192,0,0]","[1579,1805,1515,2974,2396,1579,1643,1515,2367,2983,1628,1579,2791,1707,3022,2262,2256,1940,1515,2853,1771,3028,1643,2770,1515,2246,3035,2057,2378,1516,1564,3655,3086,1572,1516,877,2290,3005,2333,1572,2312,3655,1500,1500,1515,1707,1620,757,1564,2607,2162,2354,1451,1628,2998,1643,2813,821,2021,2276,757,1580,2890,1515]","[1579,1805,1515,2974,2396,1579,1643,1515,2367,2983,1628,1579,2791,1707,3022,2262,2256,1940,1515,2853,1771,3028,1643,2770,1515,2246,3035,2057,2378,1516,1564,3655,3086,1572,1516,877,2290,3005,2333,1572,2312,3655,1500,1500,1515,1707,1620,757,1564,2607,2162,2354,1451,1628,2998,1643,2813,821,2021,2276,757,1580,2890,1515]","[""0"",""0"",""0"",""1"",""0"",""0"",""0"",""0"",""0"",""1"",""0"",""0"",""1"",""0"",""1"",""0"",""0"",""0"",""0"",""1"",""0"",""1"",""0"",""1"",""0"",""0"",""1"",""0"",""0"",""0"",""0"",""1"",""1"",""0"",""0"",""0"",""0"",""1"",""0"",""0"",""0"",""1"",""0"",""0"",""0"",""0"",""0"",""0"",""0"",""1"",""0"",""0"",""0"",""0"",""1"",""0"",""1"",""0"",""0"",""0"",""0"",""0"",""1"",""0""]","[1579,1805,1515,0,2396,1579,1643,1515,2367,0,1628,1579,0,1707,0,2262,2256,1940,1515,0,1771,0,1643,0,1515,2246,0,2057,2378,1516,1564,0,0,1572,1516,877,2290,0,2333,1572,2312,0,1500,1500,1515,1707,1620,757,1564,0,2162,2354,1451,1628,0,1643,0,821,2021,2276,757,1580,0,1515]","[8,3,8,4,1,8,8,8,1,4,4,8,4,8,4,1,3,1,8,4,8,4,8,8,8,1,4,1,1,4,4,8,4,4,4,2,1,4,1,4,3,8,4,4,8,8,4,4,4,2,1,1,8,4,4,8,5,4,1,1,4,4,4,8]"
2,train_0002,train,17,517,"[1579,1805,1515,0,2396,1579,1643,1515,2367,0,1628,1579,0,1707,0,2262,2256,1940,1515,0,1771,0,1643,0,1515,2246,0,2057,2378,1516,1564,0,0,1572,1516,877,2290,0,2333,1572,2312,0,1500,1500,1515,1707,1620,757,1564,0,2162,2354,1451,1628,0,1643,0,821,2021,2276,757,1580,0,1515]","[1551,775,1551,775,387,1551,1551,1551,387,775,775,1551,775,1551,775,387,775,387,1551,775,1551,775,1551,1551,1551,387,775,387,387,775,775,1551,775,775,775,387,387,775,387,775,775,1551,775,775,1551,1551,775,775,775,387,387,387,1551,775,775,1551,775,775,387,387,775,775,775,1551]","[-64,64,64,128,0,64,64,0,64,64,64,64,0,0,64,0,64,-64,128,-64,0,64,128,-64,-64,64,64,-64,128,64,128,64,0,64,64,192,128,64,0,0,0,64,192,192,-64,0,192,64,128,64,256,0,128,0,0,128,192,64,64,128,0,-64,64,64]","[-64,64,64,128,0,64,64,0,64,64,64,64,0,0,64,0,64,-64,128,-64,0,64,128,-64,-64,64,64,-64,128,64,128,64,0,64,64,192,128,64,0,0,0,64,192,192,-64,0,192,64,128,64,256,0,128,0,0,128,192,64,64,128,0,-64,64,64]","[2869,2419,2941,903,2484,2997,3053,2877,2523,839,2264,2997,775,3045,839,2367,2813,2021,3005,711,3101,839,3117,1487,2813,2417,839,2123,2596,2166,2272,1615,775,2215,2166,1347,2519,839,2429,2151,2798,1615,2280,2280,2813,3045,2385,1502,2272,451,2535,2447,2949,2200,775,3117,967,1558,2220,2507,1438,2094,839,2941]","[2869,2419,2941,903,2484,2997,3053,2877,2523,839,2264,2997,775,3045,839,2367,2813,2021,3005,711,3101,839,3117,1487,2813,2417,839,2123,2596,2166,2272,1615,775,2215,2166,1347,2519,839,2429,2151,2798,1615,2280,2280,2813,3045,2385,1502,2272,451,2535,2447,2949,2200,775,3117,967,1558,2220,2507,1438,2094,839,2941]","[""1"",""0"",""1"",""0"",""0"",""1"",""1"",""1"",""0"",""0"",""0"",""1"",""0"",""1"",""0"",""0"",""1"",""0"",""1"",""0"",""1"",""0"",""1"",""0"",""1"",""0"",""0"",""0"",""1"",""0"",""0"",""0"",""0"",""0"",""0"",""0"",""0"",""0"",""0"",""0"",""1"",""0"",""0"",""0"",""1"",""1"",""0"",""0"",""0"",""0"",""0"",""0"",""1"",""0"",""0"",""1"",""0"",""0"",""0"",""0"",""0"",""0"",""0"",""1""]","[0,2419,0,903,2484,0,0,0,2523,839,2264,0,775,0,839,2367,0,2021,0,711,0,839,0,1487,0,2417,839,2123,0,2166,2272,1615,775,2215,2166,1347,2519,839,2429,2151,0,1615,2280,2280,0,0,2385,1502,2272,451,2535,2447,0,2200,775,0,967,1558,2220,2507,1438,2094,839,0]","[9,3,9,4,1,9,9,9,1,4,4,9,4,9,4,1,4,1,9,4,9,4,9,8,9,1,4,1,2,4,4,8,4,4,4,2,1,4,1,4,4,8,4,4,9,9,4,4,4,2,1,1,9,4,4,9,5,4,1,1,4,4,4,9]"
2,train_0002,train,18,521,"[0,2419,0,903,2484,0,0,0,2523,839,2264,0,775,0,839,2367,0,2021,0,711,0,839,0,1487,0,2417,839,2123,0,2166,2272,1615,775,2215,2166,1347,2519,839,2429,2151,0,1615,2280,2280,0,0,2385,1502,2272,451,2535,2447,0,2200,775,0,967,1558,2220,2507,1438,2094,839,0]","[1563,781,1563,781,390,1563,1563,1563,390,781,781,1563,781,1563,781,390,781,390,1563,781,1563,781,1563,1563,1563,390,781,390,390,781,781,1563,781,781,781,390,390,781,390,781,781,1563,781,781,1563,1563,781,781,781,390,390,390,1563,781,781,1563,781,781,390,390,781,781,781,1563]","[128,-128,0,0,128,128,128,0,128,64,128,192,0,192,128,64,-64,64,0,128,192,128,128,-64,64,0,64,64,64,192,64,-64,128,128,192,128,128,0,64,128,-64,-64,0,0,64,192,64,64,64,128,-128,128,0,128,64,0,192,64,192,64,0,256,0,0]","[128,-128,0,0,128,128,128,0,128,64,128,192,0,192,128,64,-64,64,0,128,192,128,128,-64,64,0,64,64,64,192,64,-64,128,128,192,128,128,0,64,128,-64,-64,0,0,64,192,64,64,64,128,-128,128,0,128,64,0,192,64,192,64,0,256,0,0]","[1691,2770,1563,1572,2692,1691,1691,1563,2726,1580,2890,1755,1460,1755,1644,2526,717,2223,1563,1532,1755,1644,1691,2801,1627,2505,1580,2312,454,2869,2833,2913,1588,2848,2869,1697,2723,1516,2580,2792,717,2913,2776,2776,1627,1755,2932,2160,2833,913,2481,2660,1563,2834,1524,1563,1820,2209,2525,2648,2040,2870,1516,1563]","[1691,2770,1563,1572,2692,1691,1691,1563,2726,1580,2890,1755,1460,1755,1644,2526,717,2223,1563,1532,1755,1644,1691,2801,1627,2505,1580,2312,454,2869,2833,2913,1588,2848,2869,1697,2723,1516,2580,2792,717,2913,2776,2776,1627,1755,2932,2160,2833,913,2481,2660,1563,2834,1524,1563,1820,2209,2525,2648,2040,2870,1516,1563]","[""0"",""1"",""0"",""0"",""1"",""0"",""0"",""0"",""1"",""0"",""1"",""0"",""0"",""0"",""0"",""0"",""0"",""0"",""0"",""0"",""0"",""0"",""0"",""1"",""0"",""0"",""0"",""0"",""0"",""1"",""1"",""1"",""0"",""1"",""1"",""0"",""1"",""0"",""1"",""1"",""0"",""1"",""1"",""1"",""0"",""0"",""1"",""0"",""1"",""0"",""0"",""1"",""0"",""1"",""0"",""0"",""0"",""0"",""0"",""1"",""0"",""1"",""0"",""0""]","[1691,0,1563,1572,0,1691,1691,1563,0,1580,0,1755,1460,1755,1644,2526,717,2223,1563,1532,1755,1644,1691,0,1627,2505,1580,2312,454,0,0,0,1588,0,0,1697,0,1516,0,0,717,0,0,0,1627,1755,0,2160,0,913,2481,0,1563,0,1524,1563,1820,2209,2525,0,2040,0,1516,1563]","[9,4,9,4,2,9,9,9,2,4,5,9,4,9,4,1,4,1,9,4,9,4,9,9,9,1,4,1,2,5,5,9,4,5,5,2,2,4,2,5,4,9,5,5,9,9,5,4,5,2,1,2,9,5,4,9,5,4,1,2,4,5,4,9]"
2,train_0002,train,19,518,"[1691,0,1563,1572,0,1691,1691,1563,0,1580,0,1755,1460,1755,1644,2526,717,2223,1563,1532,1755,1644,1691,0,1627,2505,1580,2312,454,0,0,0,1588,0,0,1697,0,1516,0,0,717,0,0,0,1627,1755,0,2160,0,913,2481,0,1563,0,1524,1563,1820,2209,2525,0,2040,0,1516,1563]","[1554,777,1554,777,388,1554,1554,1554,388,777,777,1554,777,1554,777,388,777,388,1554,777,1554,777,1554,1554,1554,388,777,388,388,777,777,1554,777,777,777,388,388,777,388,777,777,1554,777,777,1554,1554,777,777,777,388,388,388,1554,777,777,1554,777,777,388,388,777,777,777,1554]","[192,-64,128,64,128,256,64,128,0,128,64,0,128,0,0,0,0,128,0,64,-128,64,0,0,64,192,0,64,64,0,192,-64,0,0,128,128,0,128,128,128,64,-64,192,192,0,0,192,128,192,128,256,64,64,64,128,0,128,64,-64,128,256,64,64,128]","[192,-64,128,64,128,256,64,128,0,128,64,0,128,0,0,0,0,128,0,64,-128,64,0,0,64,192,0,64,64,0,192,-64,0,0,128,128,0,128,128,128,64,-64,192,192,0,0,192,128,192,128,256,64,64,64,128,0,128,64,-64,128,256,64,64,128]","[3226,713,3050,2217,516,3290,3098,3050,388,2288,841,3090,2183,3090,2216,2599,1405,2462,2922,2182,2962,2280,3034,1554,3042,2772,2160,2475,850,777,969,1490,2167,777,905,2001,388,2232,516,905,1469,1490,969,969,2978,3090,969,2795,969,1315,2815,452,2986,841,2239,2922,2498,2774,2534,516,2818,841,2168,3050]","[3226,713,3050,2217,516,3290,3098,3050,388,2288,841,3090,2183,3090,2216,2599,1405,2462,2922,2182,2962,2280,3034,1554,3042,2772,2160,2475,850,777,969,1490,2167,777,905,2001,388,2232,516,905,1469,1490,969,969,2978,3090,969,2795,969,1315,2815,452,2986,841,2239,2922,2498,2774,2534,516,2818,841,2168,3050]","[""1"",""0"",""1"",""0"",""0"",""1"",""1"",""1"",""0"",""0"",""0"",""1"",""0"",""1"",""0"",""1"",""0"",""0"",""1"",""0"",""1"",""0"",""1"",""0"",""1"",""1"",""0"",""0"",""0"",""0"",""0"",""0"",""0"",""0"",""0"",""0"",""0"",""0"",""0"",""0"",""0"",""0"",""0"",""0"",""1"",""1"",""0"",""1"",""0"",""0"",""1"",""0"",""1"",""0"",""0"",""1"",""0"",""1"",""0"",""0"",""1"",""0"",""0"",""1""]","[0,713,0,2217,516,0,0,0,388,2288,841,0,2183,0,2216,0,1405,2462,0,2182,0,2280,0,1554,0,0,2160,2475,850,777,969,1490,2167,777,905,2001,388,2232,516,905,1469,1490,969,969,0,0,969,0,969,1315,0,452,0,841,2239,0,2498,0,2534,516,0,841,2168,0]","[10,4,10,4,2,10,10,10,2,4,5,10,4,10,4,2,4,1,10,4,10,4,10,9,10,2,4,1,2,5,5,9,4,5,5,2,2,4,2,5,4,9,5,5,10,10,5,5,5,2,2,2,10,5,4,10,5,5,1,2,5,5,4,10]"
3,train_0003,train,0,526,"[0,0,0,0,0,0,0,0,0,0,0,0,0,0,0,0,0,0,0,0,0,0,0,0,0,0,0,0,0,0,0,0,0,0,0,0,0,0,0,0,0,0,0,0,0,0,0,0,0,0,0,0,0,0,0,0,0,0,0,0,0,0,0,0]","[1578,789,1578,789,394,1578,1578,1578,394,789,789,1578,789,1578,789,394,789,394,1578,789,1578,789,1578,1578,1578,394,789,394,394,789,789,1578,789,789,789,394,394,789,394,789,789,1578,789,789,1578,1578,789,789,789,394,394,394,1578,789,789,1578,789,789,394,394,789,789,789,1578]","[0,0,0,0,0,0,0,0,0,0,0,0,0,0,0,0,0,0,0,0,0,0,0,0,0,0,0,0,0,0,0,0,0,0,0,0,0,0,0,0,0,0,0,0,0,0,0,0,0,0,0,0,0,0,0,0,0,0,0,0,0,0,0,0]","[0,0,0,0,0,0,0,0,0,0,0,0,0,0,0,0,0,0,0,0,0,0,0,0,0,0,0,0,0,0,0,0,0,0,0,0,0,0,0,0,0,0,0,0,0,0,0,0,0,0,0,0,0,0,0,0,0,0,0,0,0,0,0,0]","[1578,789,1578,789,394,1578,1578,1578,394,789,789,1578,789,1578,789,394,789,394,1578,789,1578,789,1578,1578,1578,394,789,394,394,789,789,1578,789,789,789,394,394,789,394,789,789,1578,789,789,1578,1578,789,789,789,394,394,394,1578,789,789,1578,789,789,394,394,789,789,789,1578]","[1578,789,1578,789,394,1578,1578,1578,394,789,789,1578,789,1578,789,394,789,394,1578,789,1578,789,1578,1578,1578,394,789,394,394,789,789,1578,789,789,789,394,394,789,394,789,789,1578,789,789,1578,1578,789,789,789,394,394,394,1578,789,789,1578,789,789,394,394,789,789,789,1578]","[""0"",""0"",""0"",""0"",""0"",""0"",""0"",""0"",""0"",""0"",""0"",""0"",""0"",""0"",""0"",""0"",""0"",""0"",""0"",""0"",""0"",""0"",""0"",""0"",""0"",""0"",""0"",""0"",""0"",""0"",""0"",""0"",""0"",""0"",""0"",""0"",""0"",""0"",""0"",""0"",""0"",""0"",""0"",""0"",""0"",""0"",""0"",""0"",""0"",""0"",""0"",""0"",""0"",""0"",""0"",""0"",""0"",""0"",""0"",""0"",""0"",""0"",""0"",""0""]","[1578,789,1578,789,394,1578,1578,1578,394,789,789,1578,789,1578,789,394,789,394,1578,789,1578,789,1578,1578,1578,394,789,394,394,789,789,1578,789,789,789,394,394,789,394,789,789,1578,789,789,1578,1578,789,789,789,394,394,394,1578,789,789,1578,789,789,394,394,789,789,789,1578]","[0,0,0,0,0,0,0,0,0,0,0,0,0,0,0,0,0,0,0,0,0,0,0,0,0,0,0,0,0,0,0,0,0,0,0,0,0,0,0,0,0,0,0,0,0,0,0,0,0,0,0,0,0,0,0,0,0,0,0,0,0,0,0,0]"
3,train_0003,train,1,523,"[1578,789,1578,789,394,1578,1578,1578,394,789,789,1578,789,1578,789,394,789,394,1578,789,1578,789,1578,1578,1578,394,789,394,394,789,789,1578,789,789,789,394,394,789,394,789,789,1578,789,789,1578,1578,789,789,789,394,394,394,1578,789,789,1578,789,789,394,394,789,789,789,1578]","[1569,784,1569,784,392,1569,1569,1569,392,784,784,1569,784,1569,784,392,784,392,1569,784,1569,784,1569,1569,1569,392,784,392,392,784,784,1569,784,784,784,392,392,784,392,784,784,1569,784,784,1569,1569,784,784,784,392,392,392,1569,784,784,1569,784,784,392,392,784,784,784,1569]","[0,0,0,0,0,0,0,0,0,0,0,0,0,0,0,0,0,0,0,0,0,0,0,0,0,0,0,0,0,0,0,0,0,0,0,0,0,0,0,0,0,0,0,0,0,0,0,0,0,0,0,0,0,0,0,0,0,0,0,0,0,0,0,0]","[0,0,0,0,0,0,0,0,0,0,0,0,0,0,0,0,0,0,0,0,0,0,0,0,0,0,0,0,0,0,0,0,0,0,0,0,0,0,0,0,0,0,0,0,0,0,0,0,0,0,0,0,0,0,0,0,0,0,0,0,0,0,0,0]","[2950,1475,2950,1475,737,2950,2950,2950,737,1475,1475,2950,1475,2950,1475,737,1475,737,2950,1475,2950,1475,2950,2950,2950,737,1475,737,737,1475,1475,2950,1475,1475,1475,737,737,1475,737,1475,1475,2950,1475,1475,2950,2950,1475,1475,1475,737,737,737,2950,1475,1475,2950,1475,1475,737,737,1475,1475,1475,2950]","[2950,1475,2950,1475,737,2950,2950,2950,737,1475,1475,2950,1475,2950,1475,737,1475,737,2950,1475,2950,1475,2950,2950,2950,737,1475,737,737,1475,1475,2950,1475,1475,1475,737,737,1475,737,1475,1475,2950,1475,1475,2950,2950,1475,1475,1475,737,737,737,2950,1475,1475,2950,1475,1475,737,737,1475,1475,1475,2950]","[""1"",""0"",""1"",""0"",""0"",""1"",""1"",""1"",""0"",""0"",""0"",""1"",""0"",""1"",""0"",""0"",""0"",""0"",""1"",""0"",""1"",""0"",""1"",""1"",""1"",""0"",""0"",""0"",""0"",""0"",""0"",""1"",""0"",""0"",""0"",""0"",""0"",""0"",""0"",""0"",""0"",""1"",""0"",""0"",""1"",""1"",""0"",""0"",""0"",""0"",""0"",""0"",""1"",""0"",""0"",""1"",""0"",""0"",""0"",""0"",""0"",""0"",""0"",""1""]","[0,1475,0,1475,737,0,0,0,737,1475,1475,0,1475,0,1475,737,1475,737,0,1475,0,1475,0,0,0,737,1475,737,737,1475,1475,0,1475,1475,1475,737,737,1475,737,1475,1475,0,1475,1475,0,0,1475,1475,1475,737,737,737,0,1475,1475,0,1475,1475,737,737,1475,1475,1475,0]","[1,0,1,0,0,1,1,1,0,0,0,1,0,1,0,0,0,0,1,0,1,0,1,1,1,0,0,0,0,0,0,1,0,0,0,0,0,0,0,0,0,1,0,0,1,1,0,0,0,0,0,0,1,0,0,1,0,0,0,0,0,0,0,1]"
3,train_0003,train,2,524,"[0,1475,0,1475,737,0,0,0,737,1475,1475,0,1475,0,1475,737,1475,737,0,1475,0,1475,0,0,0,737,1475,737,737,1475,1475,0,1475,1475,1475,737,737,1475,737,1475,1475,0,1475,1475,0,0,1475,1475,1475,737,737,737,0,1475,1475,0,1475,1475,737,737,1475,1475,1475,0]","[1572,786,1572,786,393,1572,1572,1572,393,786,786,1572,786,1572,786,393,786,393,1572,786,1572,786,1572,1572,1572,393,786,393,393,786,786,1572,786,786,786,393,393,786,393,786,786,1572,786,786,1572,1572,786,786,786,393,393,393,1572,786,786,1572,786,786,393,393,786,786,786,1572]","[128,-128,0,64,64,64,128,0,128,64,192,128,0,192,64,128,-64,64,0,0,64,128,128,-128,0,0,64,64,64,64,64,-64,64,128,256,128,64,0,64,128,-64,-64,0,128,0,128,128,128,64,128,-64,128,0,128,64,0,256,64,64,64,0,192,0,0]","[128,-128,0,64,64,64,128,0,128,64,192,128,0,192,64,128,-64,64,0,0,64,128,128,-128,0,0,64,64,64,64,64,-64,64,128,256,128,64,0,64,128,-64,-64,0,128,0,128,128,128,64,128,-64,128,0,128,64,0,256,64,64,64,0,192,0,0]","[1700,1949,1572,2141,1102,1636,1700,1572,1166,2141,2269,1700,2077,1764,2141,1166,2013,1102,1572,2077,1636,2205,1700,1444,1572,1038,2141,1102,1102,2141,2141,1508,2141,2205,2333,1166,1102,2077,1102,2205,2013,1508,2077,2205,1572,1700,2205,2205,2141,1166,974,1166,1572,2205,2141,1572,2333,2141,1102,1102,2077,2269,2077,1572]","[1700,1949,1572,2141,1102,1636,1700,1572,1166,2141,2269,1700,2077,1764,2141,1166,2013,1102,1572,2077,1636,2205,1700,1444,1572,1038,2141,1102,1102,2141,2141,1508,2141,2205,2333,1166,1102,2077,1102,2205,2013,1508,2077,2205,1572,1700,2205,2205,2141,1166,974,1166,1572,2205,2141,1572,2333,2141,1102,1102,2077,2269,2077,1572]","[""0"",""0"",""0"",""0"",""0"",""0"",""0"",""0"",""0"",""0"",""0"",""0"",""0"",""0"",""0"",""0"",""0"",""0"",""0"",""0"",""0"",""0"",""0"",""0"",""0"",""0"",""0"",""0"",""0"",""0"",""0"",""0"",""0"",""0"",""0"",""0"",""0"",""0"",""0"",""0"",""0"",""0"",""0"",""0"",""0"",""0"",""0"",""0"",""0"",""0"",""0"",""0"",""0"",""0"",""0"",""0"",""0"",""0"",""0"",""0"",""0"",""0"",""0"",""0""]","[1700,1949,1572,2141,1102,1636,1700,1572,1166,2141,2269,1700,2077,1764,2141,1166,2013,1102,1572,2077,1636,2205,1700,1444,1572,1038,2141,1102,1102,2141,2141,1508,2141,2205,2333,1166,1102,2077,1102,2205,2013,1508,2077,2205,1572,1700,2205,2205,2141,1166,974,1166,1572,2205,2141,1572,2333,2141,1102,1102,2077,2269,2077,1572]","[1,0,1,0,0,1,1,1,0,0,0,1,0,1,0,0,0,0,1,0,1,0,1,1,1,0,0,0,0,0,0,1,0,0,0,0,0,0,0,0,0,1,0,0,1,1,0,0,0,0,0,0,1,0,0,1,0,0,0,0,0,0,0,1]"
3,train_0003,train,3,531,"[1700,1949,1572,2141,1102,1636,1700,1572,1166,2141,2269,1700,2077,1764,2141,1166,2013,1102,1572,2077,1636,2205,1700,1444,1572,1038,2141,1102,1102,2141,2141,1508,2141,2205,2333,1166,1102,2077,1102,2205,2013,1508,2077,2205,1572,1700,2205,2205,2141,1166,974,1166,1572,2205,2141,1572,2333,2141,1102,1102,2077,2269,2077,1572]","[1593,796,1593,796,398,1593,1593,1593,398,796,796,1593,796,1593,796,398,796,398,1593,796,1593,796,1593,1593,1593,398,796,398,398,796,796,1593,796,796,796,398,398,796,398,796,796,1593,796,796,1593,1593,796,796,796,398,398,398,1593,796,796,1593,796,796,398,398,796,796,796,1593]","[0,0,0,0,0,0,0,0,0,0,0,0,0,0,0,0,0,0,0,0,0,0,0,0,0,0,0,0,0,0,0,0,0,0,0,0,0,0,0,0,0,0,0,0,0,0,0,0,0,0,0,0,0,0,0,0,0,0,0,0,0,0,0,0]","[0,0,0,0,0,0,0,0,0,0,0,0,0,0,0,0,0,0,0,0,0,0,0,0,0,0,0,0,0,0,0,0,0,0,0,0,0,0,0,0,0,0,0,0,0,0,0,0,0,0,0,0,0,0,0,0,0,0,0,0,0,0,0,0]","[3081,2502,2969,2670,1363,3025,3081,2969,1419,2670,2782,3081,2614,3137,2670,1419,2558,1363,2969,2614,3025,2726,3081,2857,2969,1307,2670,1363,1363,2670,2670,2913,2670,2726,2838,1419,1363,2614,1363,2726,2558,2913,2614,2726,2969,3081,2726,2726,2670,1419,1251,1419,2969,2726,2670,2969,2838,2670,1363,1363,2614,2782,2614,2969]","[3081,2502,2969,2670,1363,3025,3081,2969,1419,2670,2782,3081,2614,3137,2670,1419,2558,1363,2969,2614,3025,2726,3081,2857,2969,1307,2670,1363,1363,2670,2670,2913,2670,2726,2838,1419,1363,2614,1363,2726,2558,2913,2614,2726,2969,3081,2726,2726,2670,1419,1251,1419,2969,2726,2670,2969,2838,2670,1363,1363,2614,2782,2614,2969]","[""1"",""0"",""1"",""1"",""0"",""1"",""1"",""1"",""0"",""1"",""1"",""1"",""1"",""1"",""1"",""0"",""0"",""0"",""1"",""1"",""1"",""1"",""1"",""1"",""1"",""0"",""1"",""0"",""0"",""1"",""1"",""1"",""1"",""1"",""1"",""0"",""0"",""1"",""0"",""1"",""0"",""1"",""1"",""1"",""1"",""1"",""1"",""1"",""1"",""0"",""0"",""0"",""1"",""1"",""1"",""1"",""1"",""1"",""0"",""0"",""1"",""1"",""1"",""1""]","[0,2502,0,0,1363,0,0,0,1419,0,0,0,0,0,0,1419,2558,1363,0,0,0,0,0,0,0,1307,0,1363,1363,0,0,0,0,0,0,1419,1363,0,1363,0,2558,0,0,0,0,0,0,0,0,1419,1251,1419,0,0,0,0,0,0,1363,1363,0,0,0,0]","[2,0,2,1,0,2,2,2,0,1,1,2,1,2,1,0,0,0,2,1,2,1,2,2,2,0,1,0,0,1,1,2,1,1,1,0,0,1,0,1,0,2,1,1,2,2,1,1,1,0,0,0,2,1,1,2,1,1,0,0,1,1,1,2]"
3,train_0003,train,4,553,"[0,2502,0,0,1363,0,0,0,1419,0,0,0,0,0,0,1419,2558,1363,0,0,0,0,0,0,0,1307,0,1363,1363,0,0,0,0,0,0,1419,1363,0,1363,0,2558,0,0,0,0,0,0,0,0,1419,1251,1419,0,0,0,0,0,0,1363,1363,0,0,0,0]","[1659,829,1659,829,414,1659,1659,1659,414,829,829,1659,829,1659,829,414,829,414,1659,829,1659,829,1659,1659,1659,414,829,414,414,829,829,1659,829,829,829,414,414,829,414,829,829,1659,829,829,1659,1659,829,829,829,414,414,414,1659,829,829,1659,829,829,414,414,829,829,829,1659]","[128,0,192,256,192,320,192,128,128,128,256,128,0,192,128,128,0,0,192,0,192,192,256,-64,-64,192,128,64,320,192,320,-64,128,256,192,384,192,256,192,192,0,-64,320,256,-64,256,384,128,384,320,256,128,64,192,128,192,384,128,128,192,192,128,128,256]","[128,0,192,256,192,320,192,128,128,128,256,128,0,192,128,128,0,0,192,0,192,192,256,-64,-64,192,128,64,320,192,320,-64,128,256,192,384,192,256,192,192,0,-64,320,256,-64,256,384,128,384,320,256,128,64,192,128,192,384,128,128,192,192,128,128,256]","[1787,3019,1851,1085,1799,1979,1851,1787,1784,957,1085,1787,829,1851,957,1784,3068,1607,1851,829,1851,1021,1915,1595,1595,1750,957,1671,1927,1021,1149,1595,957,1085,1021,2040,1799,1085,1799,1021,3068,1595,1149,1085,1595,1915,1213,957,1213,1976,1765,1784,1723,1021,957,1851,1213,957,1735,1799,1021,957,957,1915]","[1787,3019,1851,1085,1799,1979,1851,1787,1784,957,1085,1787,829,1851,957,1784,3068,1607,1851,829,1851,1021,1915,1595,1595,1750,957,1671,1927,1021,1149,1595,957,1085,1021,2040,1799,1085,1799,1021,3068,1595,1149,1085,1595,1915,1213,957,1213,1976,1765,1784,1723,1021,957,1851,1213,957,1735,1799,1021,957,957,1915]","[""0"",""1"",""0"",""0"",""0"",""0"",""0"",""0"",""0"",""0"",""0"",""0"",""0"",""0"",""0"",""0"",""1"",""0"",""0"",""0"",""0"",""0"",""0"",""0"",""0"",""0"",""0"",""0"",""0"",""0"",""0"",""0"",""0"",""0"",""0"",""0"",""0"",""0"",""0"",""0"",""1"",""0"",""0"",""0"",""0"",""0"",""0"",""0"",""0"",""0"",""0"",""0"",""0"",""0"",""0"",""0"",""0"",""0"",""0"",""0"",""0"",""0"",""0"",""0""]","[1787,0,1851,1085,1799,1979,1851,1787,1784,957,1085,1787,829,1851,957,1784,0,1607,1851,829,1851,1021,1915,1595,1595,1750,957,1671,1927,1021,1149,1595,957,1085,1021,2040,1799,1085,1799,1021,0,1595,1149,1085,1595,1915,1213,957,1213,1976,1765,1784,1723,1021,957,1851,1213,957,1735,1799,1021,957,957,1915]","[2,1,2,1,0,2,2,2,0,1,1,2,1,2,1,0,1,0,2,1,2,1,2,2,2,0,1,0,0,1,1,2,1,1,1,0,0,1,0,1,1,2,1,1,2,2,1,1,1,0,0,0,2,1,1,2,1,1,0,0,1,1,1,2]"
3,train_0003,train,5,583,"[1787,0,1851,1085,1799,1979,1851,1787,1784,957,1085,1787,829,1851,957,1784,0,1607,1851,829,1851,1021,1915,1595,1595,1750,957,1671,1927,1021,1149,1595,957,1085,1021,2040,1799,1085,1799,1021,0,1595,1149,1085,1595,1915,1213,957,1213,1976,1765,1784,1723,1021,957,1851,1213,957,1735,1799,1021,957,957,1915]","[1749,874,1749,874,437,1749,1749,1749,437,874,874,1749,874,1749,874,437,874,437,1749,874,1749,874,1749,1749,1749,437,874,437,437,874,874,1749,874,874,874,437,437,874,437,874,874,1749,874,874,1749,1749,874,874,874,437,437,437,1749,874,874,1749,874,874,437,437,874,874,874,1749]","[0,0,0,-64,64,0,0,0,0,64,0,0,0,0,64,-64,0,0,0,64,0,0,0,0,64,0,0,0,0,0,0,0,64,0,64,64,64,0,0,0,0,0,64,0,-64,64,0,0,64,0,0,0,-64,0,0,0,0,0,0,0,0,0,0,0]","[0,0,0,-64,64,0,0,0,0,64,0,0,0,0,64,-64,0,0,0,64,0,0,0,0,64,0,0,0,0,0,0,0,64,0,64,64,64,0,0,0,0,0,64,0,-64,64,0,0,64,0,0,0,-64,0,0,0,0,0,0,0,0,0,0,0]","[3313,874,3369,1760,2076,3481,3369,3313,1998,1776,1824,3313,1600,3369,1776,1934,874,1844,3369,1664,3369,1768,3425,3145,3209,1969,1712,1900,2124,1768,1880,3145,1776,1824,1832,2286,2076,1824,2012,1768,874,3145,1944,1824,3081,3489,1936,1712,2000,2166,1982,1998,3193,1768,1712,3369,1936,1712,1956,2012,1768,1712,1712,3425]","[3313,874,3369,1760,2076,3481,3369,3313,1998,1776,1824,3313,1600,3369,1776,1934,874,1844,3369,1664,3369,1768,3425,3145,3209,1969,1712,1900,2124,1768,1880,3145,1776,1824,1832,2286,2076,1824,2012,1768,874,3145,1944,1824,3081,3489,1936,1712,2000,2166,1982,1998,3193,1768,1712,3369,1936,1712,1956,2012,1768,1712,1712,3425]","[""1"",""0"",""1"",""0"",""0"",""1"",""1"",""1"",""0"",""0"",""0"",""1"",""0"",""1"",""0"",""0"",""0"",""0"",""1"",""0"",""1"",""0"",""1"",""1"",""1"",""0"",""0"",""0"",""0"",""0"",""0"",""1"",""0"",""0"",""0"",""0"",""0"",""0"",""0"",""0"",""0"",""1"",""0"",""0"",""1"",""1"",""0"",""0"",""0"",""0"",""0"",""0"",""1"",""0"",""0"",""1"",""0"",""0"",""0"",""0"",""0"",""0"",""0"",""1""]","[0,874,0,1760,2076,0,0,0,1998,1776,1824,0,1600,0,1776,1934,874,1844,0,1664,0,1768,0,0,0,1969,1712,1900,2124,1768,1880,0,1776,1824,1832,2286,2076,1824,2012,1768,874,0,1944,1824,0,0,1936,1712,2000,2166,1982,1998,0,1768,1712,0,1936,1712,1956,2012,1768,1712,1712,0]","[3,1,3,1,0,3,3,3,0,1,1,3,1,3,1,0,1,0,3,1,3,1,3,3,3,0,1,0,0,1,1,3,1,1,1,0,0,1,0,1,1,3,1,1,3,3,1,1,1,0,0,0,3,1,1,3,1,1,0,0,1,1,1,3]"
3,train_0003,train,6,593,"[0,874,0,1760,2076,0,0,0,1998,1776,1824,0,1600,0,1776,1934,874,1844,0,1664,0,1768,0,0,0,1969,1712,1900,2124,1768,1880,0,1776,1824,1832,2286,2076,1824,2012,1768,874,0,1944,1824,0,0,1936,1712,2000,2166,1982,1998,0,1768,1712,0,1936,1712,1956,2012,1768,1712,1712,0]","[1779,889,1779,889,444,1779,1779,1779,444,889,889,1779,889,1779,889,444,889,444,1779,889,1779,889,1779,1779,1779,444,889,444,444,889,889,1779,889,889,889,444,444,889,444,889,889,1779,889,889,1779,1779,889,889,889,444,444,444,1779,889,889,1779,889,889,444,444,889,889,889,1779]","[128,-128,0,64,64,64,128,0,128,64,192,128,0,192,64,128,-64,64,0,0,64,128,128,-128,0,0,64,64,64,64,64,-64,64,128,256,128,64,0,64,128,-64,-64,0,128,0,128,128,128,64,128,-64,128,0,128,64,0,256,64,64,64,0,192,0,0]","[128,-128,0,64,64,64,128,0,128,64,192,128,0,192,64,128,-64,64,0,0,64,128,128,-128,0,0,64,64,64,64,64,-64,64,128,256,128,64,0,64,128,-64,-64,0,128,0,128,128,128,64,128,-64,128,0,128,64,0,256,64,64,64,0,192,0,0]","[1907,1526,1779,2493,2325,1843,1907,1779,2321,2507,2677,1907,2289,1971,2507,2265,1590,2122,1779,2345,1843,2564,1907,1651,1779,2167,2451,2171,2367,2500,2598,1715,2507,2613,2748,2573,2325,2485,2269,2564,1590,1715,2590,2613,1779,1907,2711,2515,2703,2468,2115,2321,1779,2564,2451,1779,2839,2451,2220,2269,2436,2579,2387,1779]","[1907,1526,1779,2493,2325,1843,1907,1779,2321,2507,2677,1907,2289,1971,2507,2265,1590,2122,1779,2345,1843,2564,1907,1651,1779,2167,2451,2171,2367,2500,2598,1715,2507,2613,2748,2573,2325,2485,2269,2564,1590,1715,2590,2613,1779,1907,2711,2515,2703,2468,2115,2321,1779,2564,2451,1779,2839,2451,2220,2269,2436,2579,2387,1779]","[""0"",""0"",""0"",""0"",""0"",""0"",""0"",""0"",""0"",""0"",""1"",""0"",""0"",""0"",""0"",""0"",""0"",""0"",""0"",""0"",""0"",""1"",""0"",""0"",""0"",""0"",""0"",""0"",""0"",""0"",""1"",""0"",""0"",""1"",""1"",""1"",""0"",""0"",""0"",""1"",""0"",""0"",""1"",""1"",""0"",""0"",""1"",""0"",""1"",""0"",""0"",""0"",""0"",""1"",""0"",""0"",""1"",""0"",""0"",""0"",""0"",""1"",""0"",""0""]","[1907,1526,1779,2493,2325,1843,1907,1779,2321,2507,0,1907,2289,1971,2507,2265,1590,2122,1779,2345,1843,0,1907,1651,1779,2167,2451,2171,2367,2500,0,1715,2507,0,0,0,2325,2485,2269,0,1590,1715,0,0,1779,1907,0,2515,0,2468,2115,2321,1779,0,2451,1779,0,2451,2220,2269,2436,0,2387,1779]","[3,1,3,1,0,3,3,3,0,1,2,3,1,3,1,0,1,0,3,1,3,2,3,3,3,0,1,0,0,1,2,3,1,2,2,1,0,1,0,2,1,3,2,2,3,3,2,1,2,0,0,0,3,2,1,3,2,1,0,0,1,2,1,3]"
3,train_0003,train,7,580,"[1907,1526,1779,2493,2325,1843,1907,1779,2321,2507,0,1907,2289,1971,2507,2265,1590,2122,1779,2345,1843,0,1907,1651,1779,2167,2451,2171,2367,2500,0,1715,2507,0,0,0,2325,2485,2269,0,1590,1715,0,0,1779,1907,0,2515,0,2468,2115,2321,1779,0,2451,1779,0,2451,2220,2269,2436,0,2387,1779]","[1740,870,1740,870,435,1740,1740,1740,435,870,870,1740,870,1740,870,435,870,435,1740,870,1740,870,1740,1740,1740,435,870,435,435,870,870,1740,870,870,870,435,435,870,435,870,870,1740,870,870,1740,1740,870,870,870,435,435,435,1740,870,870,1740,870,870,435,435,870,870,870,1740]","[64,128,128,0,64,192,0,64,0,64,128,0,0,0,0,0,0,0,64,64,0,0,0,64,0,192,64,64,128,0,128,-64,0,128,-64,64,64,128,64,64,64,-64,192,128,0,64,64,64,192,64,256,0,64,128,64,0,64,0,-64,64,192,0,128,192]","[64,128,128,0,64,192,0,64,0,64,128,0,0,0,0,0,0,0,64,64,0,0,0,64,0,192,64,64,128,0,128,-64,0,128,-64,64,64,128,64,64,64,-64,192,128,0,64,64,64,192,64,256,0,64,128,64,0,64,0,-64,64,192,0,128,192]","[3473,2334,3425,3052,2534,3545,3409,3361,2466,3128,998,3409,2873,3465,3064,2417,2262,2292,3361,2986,3353,870,3409,3249,3297,2524,3079,2399,2635,3058,998,3177,3064,998,806,499,2534,3173,2485,934,2326,3177,1062,998,3297,3473,934,3135,1062,2659,2542,2466,3361,998,3079,3297,934,3015,2314,2485,3194,870,3087,3489]","[3473,2334,3425,3052,2534,3545,3409,3361,2466,3128,998,3409,2873,3465,3064,2417,2262,2292,3361,2986,3353,870,3409,3249,3297,2524,3079,2399,2635,3058,998,3177,3064,998,806,499,2534,3173,2485,934,2326,3177,1062,998,3297,3473,934,3135,1062,2659,2542,2466,3361,998,3079,3297,934,3015,2314,2485,3194,870,3087,3489]","[""1"",""0"",""1"",""1"",""0"",""1"",""1"",""1"",""0"",""1"",""0"",""1"",""1"",""1"",""1"",""0"",""0"",""0"",""1"",""1"",""1"",""0"",""1"",""1"",""1"",""0"",""1"",""0"",""1"",""1"",""0"",""1"",""1"",""0"",""0"",""0"",""0"",""1"",""0"",""0"",""0"",""1"",""0"",""0"",""1"",""1"",""0"",""1"",""0"",""1"",""0"",""0"",""1"",""0"",""1"",""1"",""0"",""1"",""0"",""0"",""1"",""0"",""1"",""1""]","[0,2334,0,0,2534,0,0,0,2466,0,998,0,0,0,0,2417,2262,2292,0,0,0,870,0,0,0,2524,0,2399,0,0,998,0,0,998,806,499,2534,0,2485,934,2326,0,1062,998,0,0,934,0,1062,0,2542,2466,0,998,0,0,934,0,2314,2485,0,870,0,0]","[4,1,4,2,0,4,4,4,0,2,2,4,2,4,2,0,1,0,4,2,4,2,4,4,4,0,2,0,1,2,2,4,2,2,2,1,0,2,0,2,1,4,2,2,4,4,2,2,2,1,0,0,4,2,2,4,2,2,0,0,2,2,2,4]"
3,train_0003,train,8,535,"[0,2334,0,0,2534,0,0,0,2466,0,998,0,0,0,0,2417,2262,2292,0,0,0,870,0,0,0,2524,0,2399,0,0,998,0,0,998,806,499,2534,0,2485,934,2326,0,1062,998,0,0,934,0,1062,0,2542,2466,0,998,0,0,934,0,2314,2485,0,870,0,0]","[1605,802,1605,802,401,1605,1605,1605,401,802,802,1605,802,1605,802,401,802,401,1605,802,1605,802,1605,1605,1605,401,802,401,401,802,802,1605,802,802,802,401,401,802,401,802,802,1605,802,802,1605,1605,802,802,802,401,401,401,1605,802,802,1605,802,802,401,401,802,802,802,1605]","[64,-64,64,192,128,192,192,0,128,64,128,192,0,192,128,128,0,0,128,0,256,128,256,-128,-64,0,128,0,192,256,192,0,128,128,192,320,128,128,128,128,-64,0,128,128,-64,192,320,64,128,256,64,128,0,128,64,192,384,128,256,128,64,192,0,64]","[64,-64,64,192,128,192,192,0,128,64,128,192,0,192,128,128,0,0,128,0,256,128,256,-128,-64,0,128,0,192,256,192,0,128,128,192,320,128,128,128,128,-64,0,128,128,-64,192,320,64,128,256,64,128,0,128,64,192,384,128,256,128,64,192,0,64]","[1669,2781,1669,994,2747,1797,1797,1605,2687,866,1804,1797,802,1797,930,2644,2782,2407,1733,802,1861,1692,1861,1477,1541,2610,930,2501,593,1058,1868,1605,930,1804,1700,1158,2747,930,2704,1748,2774,1605,1860,1804,1541,1797,1940,866,1860,657,2690,2687,1605,1804,866,1797,2004,930,2682,2704,866,1756,802,1669]","[1669,2781,1669,994,2747,1797,1797,1605,2687,866,1804,1797,802,1797,930,2644,2782,2407,1733,802,1861,1692,1861,1477,1541,2610,930,2501,593,1058,1868,1605,930,1804,1700,1158,2747,930,2704,1748,2774,1605,1860,1804,1541,1797,1940,866,1860,657,2690,2687,1605,1804,866,1797,2004,930,2682,2704,866,1756,802,1669]","[""0"",""1"",""0"",""0"",""1"",""0"",""0"",""0"",""1"",""0"",""0"",""0"",""0"",""0"",""0"",""1"",""1"",""0"",""0"",""0"",""0"",""0"",""0"",""0"",""0"",""1"",""0"",""0"",""0"",""0"",""0"",""0"",""0"",""0"",""0"",""0"",""1"",""0"",""1"",""0"",""1"",""0"",""0"",""0"",""0"",""0"",""0"",""0"",""0"",""0"",""1"",""1"",""0"",""0"",""0"",""0"",""0"",""0"",""1"",""1"",""0"",""0"",""0"",""0""]","[1669,0,1669,994,0,1797,1797,1605,0,866,1804,1797,802,1797,930,0,0,2407,1733,802,1861,1692,1861,1477,1541,0,930,2501,593,1058,1868,1605,930,1804,1700,1158,0,930,0,1748,0,1605,1860,1804,1541,1797,1940,866,1860,657,0,0,1605,1804,866,1797,2004,930,0,0,866,1756,802,1669]","[4,2,4,2,1,4,4,4,1,2,2,4,2,4,2,1,2,0,4,2,4,2,4,4,4,1,2,0,1,2,2,4,2,2,2,1,1,2,1,2,2,4,2,2,4,4,2,2,2,1,1,1,4,2,2,4,2,2,1,1,2,2,2,4]"
3,train_0003,train,9,480,"[1669,0,1669,994,0,1797,1797,1605,0,866,1804,1797,802,1797,930,0,0,2407,1733,802,1861,1692,1861,1477,1541,0,930,2501,593,1058,1868,1605,930,1804,1700,1158,0,930,0,1748,0,1605,1860,1804,1541,1797,1940,866,1860,657,0,0,1605,1804,866,1797,2004,930,0,0,866,1756,802,1669]","[1440,720,1440,720,360,1440,1440,1440,360,720,720,1440,720,1440,720,360,720,360,1440,720,1440,720,1440,1440,1440,360,720,360,360,720,720,1440,720,720,720,360,360,720,360,720,720,1440,720,720,1440,1440,720,720,720,360,360,360,1440,720,720,1440,720,720,360,360,720,720,720,1440]","[128,-64,0,-64,64,128,64,0,128,64,-128,64,128,0,0,-64,64,128,-64,64,0,0,0,0,128,64,0,0,-64,64,64,64,64,-64,128,64,64,0,64,64,0,0,192,0,128,0,0,0,64,64,64,64,0,0,64,64,64,128,64,128,128,0,0,0]","[128,-64,0,-64,64,128,64,0,128,64,-128,64,128,0,0,-64,64,128,-64,64,0,0,0,0,128,64,0,0,-64,64,64,64,64,-64,128,64,64,0,64,64,0,0,192,0,128,0,0,0,64,64,64,64,0,0,64,64,64,128,64,128,128,0,0,0]","[3029,656,2901,1526,424,3141,3077,2845,488,1542,2171,3077,1550,3013,1534,296,784,2595,2893,1486,3069,2201,3069,2733,2917,424,1534,2549,815,1710,2419,2909,1598,2235,2336,1438,424,1534,424,2314,720,2845,2540,2299,2917,3013,2418,1478,2412,999,424,424,2845,2299,1542,3077,2538,1662,424,488,1606,2257,1422,2901]","[3029,656,2901,1526,424,3141,3077,2845,488,1542,2171,3077,1550,3013,1534,296,784,2595,2893,1486,3069,2201,3069,2733,2917,424,1534,2549,815,1710,2419,2909,1598,2235,2336,1438,424,1534,424,2314,720,2845,2540,2299,2917,3013,2418,1478,2412,999,424,424,2845,2299,1542,3077,2538,1662,424,488,1606,2257,1422,2901]","[""1"",""0"",""1"",""0"",""0"",""1"",""1"",""1"",""0"",""0"",""0"",""1"",""0"",""1"",""0"",""0"",""0"",""1"",""1"",""0"",""1"",""0"",""1"",""1"",""1"",""0"",""0"",""0"",""0"",""0"",""0"",""1"",""0"",""0"",""0"",""0"",""0"",""0"",""0"",""0"",""0"",""1"",""0"",""0"",""1"",""1"",""0"",""0"",""0"",""0"",""0"",""0"",""1"",""0"",""0"",""1"",""0"",""0"",""0"",""0"",""0"",""0"",""0"",""1""]","[0,656,0,1526,424,0,0,0,488,1542,2171,0,1550,0,1534,296,784,0,0,1486,0,2201,0,0,0,424,1534,2549,815,1710,2419,0,1598,2235,2336,1438,424,1534,424,2314,720,0,2540,2299,0,0,2418,1478,2412,999,424,424,0,2299,1542,0,2538,1662,424,488,1606,2257,1422,0]","[5,2,5,2,1,5,5,5,1,2,2,5,2,5,2,1,2,1,5,2,5,2,5,5,5,1,2,0,1,2,2,5,2,2,2,1,1,2,1,2,2,5,2,2,5,5,2,2,2,1,1,1,5,2,2,5,2,2,1,1,2,2,2,5]"
3,train_0003,train,10,456,"[0,656,0,1526,424,0,0,0,488,1542,2171,0,1550,0,1534,296,784,0,0,1486,0,2201,0,0,0,424,1534,2549,815,1710,2419,0,1598,2235,2336,1438,424,1534,424,2314,720,0,2540,2299,0,0,2418,1478,2412,999,424,424,0,2299,1542,0,2538,1662,424,488,1606,2257,1422,0]","[1368,684,1368,684,342,1368,1368,1368,342,684,684,1368,684,1368,684,342,684,342,1368,684,1368,684,1368,1368,1368,342,684,342,342,684,684,1368,684,684,684,342,342,684,342,684,684,1368,684,684,1368,1368,684,684,684,342,342,342,1368,684,684,1368,684,684,342,342,684,684,684,1368]","[128,-128,0,64,64,64,128,0,128,64,192,128,0,192,64,128,-64,64,0,0,64,128,128,-128,0,0,64,128,64,64,64,-64,0,192,256,192,64,0,0,128,-64,-64,0,128,0,128,128,128,64,192,0,128,0,128,64,0,256,64,64,64,0,256,0,0]","[128,-128,0,64,64,64,128,0,128,64,192,128,0,192,64,128,-64,64,0,0,64,128,128,-128,0,0,64,128,64,64,64,-64,0,192,256,192,64,0,0,128,-64,-64,0,128,0,128,128,128,64,192,0,128,0,128,64,0,256,64,64,64,0,256,0,0]","[1496,1130,1368,2084,777,1432,1496,1368,897,2098,2776,1496,2041,1560,2091,729,1306,406,1368,1985,1432,2738,1496,1240,1368,713,2091,2701,1120,2245,2865,1304,2083,2832,2984,1793,777,2027,713,2837,1250,1304,2907,2824,1368,1496,2928,2106,2859,1409,713,841,1368,2824,2098,1368,3161,2203,777,833,2090,2915,1929,1368]","[1496,1130,1368,2084,777,1432,1496,1368,897,2098,2776,1496,2041,1560,2091,729,1306,406,1368,1985,1432,2738,1496,1240,1368,713,2091,2701,1120,2245,2865,1304,2083,2832,2984,1793,777,2027,713,2837,1250,1304,2907,2824,1368,1496,2928,2106,2859,1409,713,841,1368,2824,2098,1368,3161,2203,777,833,2090,2915,1929,1368]","[""0"",""0"",""0"",""0"",""0"",""0"",""0"",""0"",""0"",""0"",""1"",""0"",""0"",""0"",""0"",""0"",""0"",""0"",""0"",""0"",""0"",""1"",""0"",""0"",""0"",""0"",""0"",""1"",""0"",""0"",""1"",""0"",""0"",""1"",""1"",""0"",""0"",""0"",""0"",""1"",""0"",""0"",""1"",""1"",""0"",""0"",""1"",""0"",""1"",""0"",""0"",""0"",""0"",""1"",""0"",""0"",""1"",""0"",""0"",""0"",""0"",""1"",""0"",""0""]","[1496,1130,1368,2084,777,1432,1496,1368,897,2098,0,1496,2041,1560,2091,729,1306,406,1368,1985,1432,0,1496,1240,1368,713,2091,0,1120,2245,0,1304,2083,0,0,1793,777,2027,713,0,1250,1304,0,0,1368,1496,0,2106,0,1409,713,841,1368,0,2098,1368,0,2203,777,833,2090,0,1929,1368]","[5,2,5,2,1,5,5,5,1,2,3,5,2,5,2,1,2,1,5,2,5,3,5,5,5,1,2,1,1,2,3,5,2,3,3,1,1,2,1,3,2,5,3,3,5,5,3,2,3,1,1,1,5,3,2,5,3,2,1,1,2,3,2,5]"
3,train_0003,train,11,455,"[1496,1130,1368,2084,777,1432,1496,1368,897,2098,0,1496,2041,1560,2091,729,1306,406,1368,1985,1432,0,1496,1240,1368,713,2091,0,1120,2245,0,1304,2083,0,0,1793,777,2027,713,0,1250,1304,0,0,1368,1496,0,2106,0,1409,713,841,1368,0,2098,1368,0,2203,777,833,2090,0,1929,1368]","[1365,682,1365,682,341,1365,1365,1365,341,682,682,1365,682,1365,682,341,682,341,1365,682,1365,682,1365,1365,1365,341,682,341,341,682,682,1365,682,682,682,341,341,682,341,682,682,1365,682,682,1365,1365,682,682,682,341,341,341,1365,682,682,1365,682,682,341,341,682,682,682,1365]","[64,64,128,64,64,192,0,128,0,64,192,0,0,0,-64,0,64,0,128,64,0,64,0,64,0,192,0,64,128,0,128,-64,0,128,0,64,64,128,64,64,64,-64,192,128,64,64,64,64,192,64,192,0,64,64,64,0,64,0,-64,64,128,-64,128,192]","[64,64,128,64,64,192,0,128,0,64,192,0,0,0,-64,0,64,0,128,64,0,64,0,64,0,192,0,64,128,0,128,-64,0,128,0,64,64,128,64,64,64,-64,192,128,64,64,64,64,192,64,192,0,64,64,64,0,64,0,-64,64,128,-64,128,192]","[2738,1735,2690,2570,1085,2810,2674,2690,1126,2582,874,2674,2468,2730,2448,979,1889,697,2690,2483,2618,746,2674,2514,2562,1157,2512,405,1449,2647,810,2442,2505,810,682,1974,1085,2584,1029,746,1840,2442,874,810,2626,2738,746,2589,874,1638,1157,1077,2626,746,2582,2562,746,2610,957,1134,2639,618,2498,2754]","[2738,1735,2690,2570,1085,2810,2674,2690,1126,2582,874,2674,2468,2730,2448,979,1889,697,2690,2483,2618,746,2674,2514,2562,1157,2512,405,1449,2647,810,2442,2505,810,682,1974,1085,2584,1029,746,1840,2442,874,810,2626,2738,746,2589,874,1638,1157,1077,2626,746,2582,2562,746,2610,957,1134,2639,618,2498,2754]","[""1"",""0"",""1"",""1"",""0"",""1"",""1"",""1"",""0"",""1"",""0"",""1"",""0"",""1"",""0"",""0"",""0"",""0"",""1"",""0"",""1"",""0"",""1"",""0"",""1"",""0"",""0"",""0"",""0"",""1"",""0"",""0"",""0"",""0"",""0"",""0"",""0"",""1"",""0"",""0"",""0"",""0"",""0"",""0"",""1"",""1"",""0"",""1"",""0"",""0"",""0"",""0"",""1"",""0"",""1"",""1"",""0"",""1"",""0"",""0"",""1"",""0"",""0"",""1""]","[0,1735,0,0,1085,0,0,0,1126,0,874,0,2468,0,2448,979,1889,697,0,2483,0,746,0,2514,0,1157,2512,405,1449,0,810,2442,2505,810,682,1974,1085,0,1029,746,1840,2442,874,810,0,0,746,0,874,1638,1157,1077,0,746,0,0,746,0,957,1134,0,618,2498,0]","[6,2,6,3,1,6,6,6,1,3,3,6,2,6,2,1,2,1,6,2,6,3,6,5,6,1,2,1,1,3,3,5,2,3,3,1,1,3,1,3,2,5,3,3,6,6,3,3,3,1,1,1,6,3,3,6,3,3,1,1,3,3,2,6]"
3,train_0003,train,12,481,"[0,1735,0,0,1085,0,0,0,1126,0,874,0,2468,0,2448,979,1889,697,0,2483,0,746,0,2514,0,1157,2512,405,1449,0,810,2442,2505,810,682,1974,1085,0,1029,746,1840,2442,874,810,0,0,746,0,874,1638,1157,1077,0,746,0,0,746,0,957,1134,0,618,2498,0]","[1443,721,1443,721,360,1443,1443,1443,360,721,721,1443,721,1443,721,360,721,360,1443,721,1443,721,1443,1443,1443,360,721,360,360,721,721,1443,721,721,721,360,360,721,360,721,721,1443,721,721,1443,1443,721,721,721,360,360,360,1443,721,721,1443,721,721,360,360,721,721,721,1443]","[64,-64,0,128,128,128,128,0,128,0,64,64,0,192,128,128,-64,0,64,-64,320,64,192,-64,0,0,64,64,192,192,128,0,128,128,128,192,64,64,128,128,-64,0,0,0,0,192,192,0,64,192,-64,128,-64,128,64,192,256,64,192,64,64,192,0,64]","[64,-64,0,128,128,128,128,0,128,0,64,64,0,192,128,128,-64,0,64,-64,320,64,192,-64,0,0,64,64,192,192,128,0,128,128,128,192,64,64,128,128,-64,0,0,0,0,192,192,0,64,192,-64,128,-64,128,64,192,256,64,192,64,64,192,0,64]","[1507,2176,1443,849,1438,1571,1571,1443,1474,721,1550,1507,2881,1635,2991,1345,2310,970,1507,2830,1763,1438,1635,3579,1443,1373,2983,779,1820,913,1558,3580,3041,1558,1446,2280,1374,785,1389,1502,2267,3580,1486,1430,1443,1635,1566,721,1550,1986,1309,1431,1379,1502,785,1635,1630,785,1390,1417,785,1454,2907,1507]","[1507,2176,1443,849,1438,1571,1571,1443,1474,721,1550,1507,2881,1635,2991,1345,2310,970,1507,2830,1763,1438,1635,3579,1443,1373,2983,779,1820,913,1558,3580,3041,1558,1446,2280,1374,785,1389,1502,2267,3580,1486,1430,1443,1635,1566,721,1550,1986,1309,1431,1379,1502,785,1635,1630,785,1390,1417,785,1454,2907,1507]","[""0"",""0"",""0"",""0"",""0"",""0"",""0"",""0"",""0"",""0"",""0"",""0"",""1"",""0"",""1"",""0"",""0"",""0"",""0"",""1"",""0"",""0"",""0"",""1"",""0"",""0"",""1"",""0"",""0"",""0"",""0"",""1"",""1"",""0"",""0"",""0"",""0"",""0"",""0"",""0"",""0"",""1"",""0"",""0"",""0"",""0"",""0"",""0"",""0"",""0"",""0"",""0"",""0"",""0"",""0"",""0"",""0"",""0"",""0"",""0"",""0"",""0"",""1"",""0""]","[1507,2176,1443,849,1438,1571,1571,1443,1474,721,1550,1507,0,1635,0,1345,2310,970,1507,0,1763,1438,1635,0,1443,1373,0,779,1820,913,1558,0,0,1558,1446,2280,1374,785,1389,1502,2267,0,1486,1430,1443,1635,1566,721,1550,1986,1309,1431,1379,1502,785,1635,1630,785,1390,1417,785,1454,0,1507]","[6,2,6,3,1,6,6,6,1,3,3,6,3,6,3,1,2,1,6,3,6,3,6,6,6,1,3,1,1,3,3,6,3,3,3,1,1,3,1,3,2,6,3,3,6,6,3,3,3,1,1,1,6,3,3,6,3,3,1,1,3,3,3,6]"
3,train_0003,train,13,505,"[1507,2176,1443,849,1438,1571,1571,1443,1474,721,1550,1507,0,1635,0,1345,2310,970,1507,0,1763,1438,1635,0,1443,1373,0,779,1820,913,1558,0,0,1558,1446,2280,1374,785,1389,1502,2267,0,1486,1430,1443,1635,1566,721,1550,1986,1309,1431,1379,1502,785,1635,1630,785,1390,1417,785,1454,0,1507]","[1515,757,1515,757,378,1515,1515,1515,378,757,757,1515,757,1515,757,378,757,378,1515,757,1515,757,1515,1515,1515,378,757,378,378,757,757,1515,757,757,757,378,378,757,378,757,757,1515,757,757,1515,1515,757,757,757,378,378,378,1515,757,757,1515,757,757,378,378,757,757,757,1515]","[0,0,64,64,0,0,64,0,0,64,64,64,0,0,0,0,64,0,64,0,-128,64,64,-64,-64,0,64,-64,0,0,64,0,0,0,64,128,64,64,0,0,0,0,128,128,-64,0,128,64,128,64,128,0,64,0,0,0,64,64,0,64,0,-64,0,0]","[0,0,64,64,0,0,64,0,0,64,64,64,0,0,0,0,64,0,64,0,-128,64,64,-64,-64,0,64,-64,0,0,64,0,0,0,64,128,64,64,0,0,0,0,128,128,-64,0,128,64,128,64,128,0,64,0,0,0,64,64,0,64,0,-64,0,0]","[2834,2661,2842,1564,1637,2890,2954,2778,1668,1452,2178,2898,757,2946,757,1555,2843,1227,2898,757,2930,2080,3010,1451,2714,1580,821,996,1971,1556,2185,1515,757,2121,2087,2501,1645,1508,1594,2072,2741,1515,2186,2137,2714,2946,2256,1452,2242,2180,1652,1631,2786,2072,1444,2946,2248,1508,1595,1682,1444,1966,757,2834]","[2834,2661,2842,1564,1637,2890,2954,2778,1668,1452,2178,2898,757,2946,757,1555,2843,1227,2898,757,2930,2080,3010,1451,2714,1580,821,996,1971,1556,2185,1515,757,2121,2087,2501,1645,1508,1594,2072,2741,1515,2186,2137,2714,2946,2256,1452,2242,2180,1652,1631,2786,2072,1444,2946,2248,1508,1595,1682,1444,1966,757,2834]","[""1"",""1"",""1"",""0"",""0"",""1"",""1"",""1"",""0"",""0"",""0"",""1"",""0"",""1"",""0"",""0"",""1"",""0"",""1"",""0"",""1"",""0"",""1"",""0"",""1"",""0"",""0"",""0"",""0"",""0"",""0"",""0"",""0"",""0"",""0"",""0"",""0"",""0"",""0"",""0"",""1"",""0"",""0"",""0"",""1"",""1"",""0"",""0"",""0"",""0"",""0"",""0"",""1"",""0"",""0"",""1"",""0"",""0"",""0"",""0"",""0"",""0"",""0"",""1""]","[0,0,0,1564,1637,0,0,0,1668,1452,2178,0,757,0,757,1555,0,1227,0,757,0,2080,0,1451,0,1580,821,996,1971,1556,2185,1515,757,2121,2087,2501,1645,1508,1594,2072,0,1515,2186,2137,0,0,2256,1452,2242,2180,1652,1631,0,2072,1444,0,2248,1508,1595,1682,1444,1966,757,0]","[7,3,7,3,1,7,7,7,1,3,3,7,3,7,3,1,3,1,7,3,7,3,7,6,7,1,3,1,1,3,3,6,3,3,3,1,1,3,1,3,3,6,3,3,7,7,3,3,3,1,1,1,7,3,3,7,3,3,1,1,3,3,3,7]"
3,train_0003,train,14,517,"[0,0,0,1564,1637,0,0,0,1668,1452,2178,0,757,0,757,1555,0,1227,0,757,0,2080,0,1451,0,1580,821,996,1971,1556,2185,1515,757,2121,2087,2501,1645,1508,1594,2072,0,1515,2186,2137,0,0,2256,1452,2242,2180,1652,1631,0,2072,1444,0,2248,1508,1595,1682,1444,1966,757,0]","[1551,775,1551,775,387,1551,1551,1551,387,775,775,1551,775,1551,775,387,775,387,1551,775,1551,775,1551,1551,1551,387,775,387,387,775,775,1551,775,775,775,387,387,775,387,775,775,1551,775,775,1551,1551,775,775,775,387,387,387,1551,775,775,1551,775,775,387,387,775,775,775,1551]","[128,-128,0,0,128,64,128,0,128,64,128,128,0,192,128,64,-64,64,0,64,192,128,128,-64,64,0,64,64,64,128,64,-64,128,128,256,128,128,0,64,128,-64,-64,64,0,0,192,64,64,128,128,-128,128,-64,128,64,0,192,64,64,64,0,192,0,0]","[128,-128,0,0,128,64,128,0,128,64,128,128,0,192,128,64,-64,64,0,64,192,128,128,-64,64,0,64,64,64,128,64,-64,128,128,256,128,128,0,64,128,-64,-64,64,0,0,192,64,64,128,128,-128,128,-64,128,64,0,192,64,64,64,0,192,0,0]","[1679,647,1551,2144,1948,1615,1679,1551,1975,2110,2809,1679,1438,1743,1566,1812,711,1525,1551,1502,1743,2723,1679,2757,1615,1770,1558,1323,2176,2265,2751,2813,1566,2759,2858,2704,1955,2095,1846,2716,711,2813,2752,2645,1551,1743,2813,2110,2865,2423,1705,1943,1487,2716,2103,1551,2934,2159,1847,1923,2039,2688,1438,1551]","[1679,647,1551,2144,1948,1615,1679,1551,1975,2110,2809,1679,1438,1743,1566,1812,711,1525,1551,1502,1743,2723,1679,2757,1615,1770,1558,1323,2176,2265,2751,2813,1566,2759,2858,2704,1955,2095,1846,2716,711,2813,2752,2645,1551,1743,2813,2110,2865,2423,1705,1943,1487,2716,2103,1551,2934,2159,1847,1923,2039,2688,1438,1551]","[""0"",""0"",""0"",""0"",""0"",""0"",""0"",""0"",""0"",""0"",""1"",""0"",""0"",""0"",""0"",""0"",""0"",""0"",""0"",""0"",""0"",""1"",""0"",""1"",""0"",""0"",""0"",""0"",""0"",""0"",""1"",""1"",""0"",""1"",""1"",""1"",""0"",""0"",""0"",""1"",""0"",""1"",""1"",""1"",""0"",""0"",""1"",""0"",""1"",""0"",""0"",""0"",""0"",""1"",""0"",""0"",""1"",""0"",""0"",""0"",""0"",""1"",""0"",""0""]","[1679,647,1551,2144,1948,1615,1679,1551,1975,2110,0,1679,1438,1743,1566,1812,711,1525,1551,1502,1743,0,1679,0,1615,1770,1558,1323,2176,2265,0,0,1566,0,0,0,1955,2095,1846,0,711,0,0,0,1551,1743,0,2110,0,2423,1705,1943,1487,0,2103,1551,0,2159,1847,1923,2039,0,1438,1551]","[7,3,7,3,1,7,7,7,1,3,4,7,3,7,3,1,3,1,7,3,7,4,7,7,7,1,3,1,1,3,4,7,3,4,4,2,1,3,1,4,3,7,4,4,7,7,4,3,4,1,1,1,7,4,3,7,4,3,1,1,3,4,3,7]"
3,train_0003,train,15,521,"[1679,647,1551,2144,1948,1615,1679,1551,1975,2110,0,1679,1438,1743,1566,1812,711,1525,1551,1502,1743,0,1679,0,1615,1770,1558,1323,2176,2265,0,0,1566,0,0,0,1955,2095,1846,0,711,0,0,0,1551,1743,0,2110,0,2423,1705,1943,1487,0,2103,1551,0,2159,1847,1923,2039,0,1438,1551]","[1563,781,1563,781,390,1563,1563,1563,390,781,781,1563,781,1563,781,390,781,390,1563,781,1563,781,1563,1563,1563,390,781,390,390,781,781,1563,781,781,781,390,390,781,390,781,781,1563,781,781,1563,1563,781,781,781,390,390,390,1563,781,781,1563,781,781,390,390,781,781,781,1563]","[64,128,128,0,64,192,0,64,0,128,192,0,0,0,0,0,0,0,64,64,-128,0,0,0,0,192,64,64,128,-64,128,-64,0,128,0,128,64,128,64,64,64,-64,192,256,-64,64,128,128,192,64,320,0,64,128,64,0,128,0,-64,64,192,0,128,192]","[64,128,128,0,64,192,0,64,0,128,192,0,0,0,0,0,0,0,64,64,-128,0,0,0,0,192,64,64,128,-64,128,-64,0,128,0,128,64,128,64,64,64,-64,192,256,-64,64,128,128,192,64,320,0,64,128,64,0,128,0,-64,64,192,0,128,192]","[3097,1476,3049,2657,2159,3169,3033,2985,2119,2756,973,3033,2040,3089,2152,1976,1404,1725,2985,2160,2961,781,3033,1563,2977,2131,2209,1612,2422,2699,909,1499,2152,909,781,518,2165,2743,2070,845,1468,1499,973,1037,2857,3153,909,2756,973,2575,2202,2091,2929,909,2686,2921,909,2671,1943,2137,2758,781,2168,3113]","[3097,1476,3049,2657,2159,3169,3033,2985,2119,2756,973,3033,2040,3089,2152,1976,1404,1725,2985,2160,2961,781,3033,1563,2977,2131,2209,1612,2422,2699,909,1499,2152,909,781,518,2165,2743,2070,845,1468,1499,973,1037,2857,3153,909,2756,973,2575,2202,2091,2929,909,2686,2921,909,2671,1943,2137,2758,781,2168,3113]","[""1"",""0"",""1"",""1"",""0"",""1"",""1"",""1"",""0"",""1"",""0"",""1"",""0"",""1"",""0"",""0"",""0"",""0"",""1"",""0"",""1"",""0"",""1"",""0"",""1"",""0"",""0"",""0"",""0"",""1"",""0"",""0"",""0"",""0"",""0"",""0"",""0"",""1"",""0"",""0"",""0"",""0"",""0"",""0"",""1"",""1"",""0"",""1"",""0"",""1"",""0"",""0"",""1"",""0"",""1"",""1"",""0"",""1"",""0"",""0"",""1"",""0"",""0"",""1""]","[0,1476,0,0,2159,0,0,0,2119,0,973,0,2040,0,2152,1976,1404,1725,0,2160,0,781,0,1563,0,2131,2209,1612,2422,0,909,1499,2152,909,781,518,2165,0,2070,845,1468,1499,973,1037,0,0,909,0,973,0,2202,2091,0,909,0,0,909,0,1943,2137,0,781,2168,0]","[8,3,8,4,1,8,8,8,1,4,4,8,3,8,3,1,3,1,8,3,8,4,8,7,8,1,3,1,1,4,4,7,3,4,4,2,1,4,1,4,3,7,4,4,8,8,4,4,4,2,1,1,8,4,4,8,4,4,1,1,4,4,3,8]"
3,train_0003,train,16,528,"[0,1476,0,0,2159,0,0,0,2119,0,973,0,2040,0,2152,1976,1404,1725,0,2160,0,781,0,1563,0,2131,2209,1612,2422,0,909,1499,2152,909,781,518,2165,0,2070,845,1468,1499,973,1037,0,0,909,0,973,0,2202,2091,0,909,0,0,909,0,1943,2137,0,781,2168,0]","[1584,792,1584,792,396,1584,1584,1584,396,792,792,1584,792,1584,792,396,792,396,1584,792,1584,792,1584,1584,1584,396,792,396,396,792,792,1584,792,792,792,396,396,792,396,792,792,1584,792,792,1584,1584,792,792,792,396,396,396,1584,792,792,1584,792,792,396,396,792,792,792,1584]","[64,-64,0,128,128,128,128,0,128,0,64,64,0,192,128,128,-64,0,64,-64,384,64,192,-64,0,0,64,64,192,192,128,0,128,128,128,192,64,64,128,128,-64,0,0,0,0,192,192,0,0,192,-64,128,-64,128,64,192,320,64,192,64,64,192,0,64]","[64,-64,0,128,128,128,128,0,128,0,64,64,0,192,128,128,-64,0,64,-64,384,64,192,-64,0,0,64,64,192,192,128,0,128,128,128,192,64,64,128,128,-64,0,0,0,0,192,192,0,0,192,-64,128,-64,128,64,192,320,64,192,64,64,192,0,64]","[1648,2020,1584,920,2414,1712,1712,1584,2379,792,1708,1648,2577,1776,2803,2253,1957,1906,1648,2618,1968,1540,1776,2888,1584,2261,2789,1871,2708,984,1716,2896,2803,1716,1604,1042,2355,856,2336,1660,2013,2896,1644,1700,1584,1776,1780,792,1644,588,2259,2354,1520,1716,856,1776,1908,856,2289,2330,856,1668,2689,1648]","[1648,2020,1584,920,2414,1712,1712,1584,2379,792,1708,1648,2577,1776,2803,2253,1957,1906,1648,2618,1968,1540,1776,2888,1584,2261,2789,1871,2708,984,1716,2896,2803,1716,1604,1042,2355,856,2336,1660,2013,2896,1644,1700,1584,1776,1780,792,1644,588,2259,2354,1520,1716,856,1776,1908,856,2289,2330,856,1668,2689,1648]","[""0"",""0"",""0"",""0"",""0"",""0"",""0"",""0"",""0"",""0"",""0"",""0"",""1"",""0"",""1"",""0"",""0"",""0"",""0"",""1"",""0"",""0"",""0"",""1"",""0"",""0"",""1"",""0"",""1"",""0"",""0"",""1"",""1"",""0"",""0"",""0"",""0"",""0"",""0"",""0"",""0"",""1"",""0"",""0"",""0"",""0"",""0"",""0"",""0"",""0"",""0"",""0"",""0"",""0"",""0"",""0"",""0"",""0"",""0"",""0"",""0"",""0"",""1"",""0""]","[1648,2020,1584,920,2414,1712,1712,1584,2379,792,1708,1648,0,1776,0,2253,1957,1906,1648,0,1968,1540,1776,0,1584,2261,0,1871,0,984,1716,0,0,1716,1604,1042,2355,856,2336,1660,2013,0,1644,1700,1584,1776,1780,792,1644,588,2259,2354,1520,1716,856,1776,1908,856,2289,2330,856,1668,0,1648]","[8,3,8,4,1,8,8,8,1,4,4,8,4,8,4,1,3,1,8,4,8,4,8,8,8,1,4,1,2,4,4,8,4,4,4,2,1,4,1,4,3,8,4,4,8,8,4,4,4,2,1,1,8,4,4,8,4,4,1,1,4,4,4,8]"
3,train_0003,train,17,520,"[1648,2020,1584,920,2414,1712,1712,1584,2379,792,1708,1648,0,1776,0,2253,1957,1906,1648,0,1968,1540,1776,0,1584,2261,0,1871,0,984,1716,0,0,1716,1604,1042,2355,856,2336,1660,2013,0,1644,1700,1584,1776,1780,792,1644,588,2259,2354,1520,1716,856,1776,1908,856,2289,2330,856,1668,0,1648]","[1560,780,1560,780,390,1560,1560,1560,390,780,780,1560,780,1560,780,390,780,390,1560,780,1560,780,1560,1560,1560,390,780,390,390,780,780,1560,780,780,780,390,390,780,390,780,780,1560,780,780,1560,1560,780,780,780,390,390,390,1560,780,780,1560,780,780,390,390,780,780,780,1560]","[0,0,64,64,0,64,64,0,0,64,64,128,0,0,0,0,64,0,64,64,-128,64,64,-64,-64,0,64,-64,0,64,64,0,0,0,64,128,64,64,0,0,0,0,128,128,-64,0,128,64,128,64,128,0,64,0,0,0,64,64,64,64,0,0,0,0]","[0,0,64,64,0,64,64,0,0,64,64,128,0,0,0,0,64,0,64,64,-128,64,64,-64,-64,0,64,-64,0,64,64,0,0,0,64,128,64,64,0,0,0,0,128,128,-64,0,128,64,128,64,128,0,64,0,0,0,64,64,64,64,0,0,0,0]","[3002,2548,3010,1649,2503,3122,3122,2946,2472,1537,2339,3130,780,3114,780,2362,2557,2058,3066,844,3154,2192,3178,1496,2882,2369,844,1964,390,1705,2346,1560,780,2282,2248,1430,2515,1593,2434,2233,2542,1560,2347,2396,2882,3114,2466,1537,2347,969,2495,2450,2954,2282,1529,3114,2514,1593,2457,2493,1529,2240,780,3002]","[3002,2548,3010,1649,2503,3122,3122,2946,2472,1537,2339,3130,780,3114,780,2362,2557,2058,3066,844,3154,2192,3178,1496,2882,2369,844,1964,390,1705,2346,1560,780,2282,2248,1430,2515,1593,2434,2233,2542,1560,2347,2396,2882,3114,2466,1537,2347,969,2495,2450,2954,2282,1529,3114,2514,1593,2457,2493,1529,2240,780,3002]","[""1"",""0"",""1"",""0"",""0"",""1"",""1"",""1"",""0"",""0"",""0"",""1"",""0"",""1"",""0"",""0"",""0"",""0"",""1"",""0"",""1"",""0"",""1"",""0"",""1"",""0"",""0"",""0"",""0"",""0"",""0"",""0"",""0"",""0"",""0"",""0"",""0"",""0"",""0"",""0"",""0"",""0"",""0"",""0"",""1"",""1"",""0"",""0"",""0"",""0"",""0"",""0"",""1"",""0"",""0"",""1"",""0"",""0"",""0"",""0"",""0"",""0"",""0"",""1""]","[0,2548,0,1649,2503,0,0,0,2472,1537,2339,0,780,0,780,2362,2557,2058,0,844,0,2192,0,1496,0,2369,844,1964,390,1705,2346,1560,780,2282,2248,1430,2515,1593,2434,2233,2542,1560,2347,2396,0,0,2466,1537,2347,969,2495,2450,0,2282,1529,0,2514,1593,2457,2493,1529,2240,780,0]","[9,3,9,4,1,9,9,9,1,4,4,9,4,9,4,1,3,1,9,4,9,4,9,8,9,1,4,1,2,4,4,8,4,4,4,2,1,4,1,4,3,8,4,4,9,9,4,4,4,2,1,1,9,4,4,9,4,4,1,1,4,4,4,9]"
3,train_0003,train,18,515,"[0,2548,0,1649,2503,0,0,0,2472,1537,2339,0,780,0,780,2362,2557,2058,0,844,0,2192,0,1496,0,2369,844,1964,390,1705,2346,1560,780,2282,2248,1430,2515,1593,2434,2233,2542,1560,2347,2396,0,0,2466,1537,2347,969,2495,2450,0,2282,1529,0,2514,1593,2457,2493,1529,2240,780,0]","[1545,772,1545,772,386,1545,1545,1545,386,772,772,1545,772,1545,772,386,772,386,1545,772,1545,772,1545,1545,1545,386,772,386,386,772,772,1545,772,772,772,386,386,772,386,772,772,1545,772,772,1545,1545,772,772,772,386,386,386,1545,772,772,1545,772,772,386,386,772,772,772,1545]","[128,-128,0,64,64,64,128,0,128,0,128,128,0,192,64,128,-64,64,0,0,192,128,128,-64,0,0,64,64,64,128,64,-64,64,128,192,64,64,0,64,128,-64,-64,0,0,64,128,64,64,64,128,-128,128,0,128,64,0,192,64,64,64,0,192,0,0]","[128,-128,0,64,64,64,128,0,128,0,128,128,0,192,64,128,-64,64,0,0,192,128,128,-64,0,0,64,64,64,128,64,-64,64,128,192,64,64,0,64,128,-64,-64,0,0,64,128,64,64,64,128,-128,128,0,128,64,0,192,64,64,64,0,192,0,0]","[1673,2874,1545,2279,2641,1609,1673,1545,2677,2117,2947,1673,1455,1737,1519,2581,2946,2251,1545,1511,1737,2818,1673,2790,1545,2459,1575,2169,792,2392,2889,2846,1519,2897,2931,1702,2651,2166,2580,2854,2933,2846,2826,2869,1609,1673,2994,2181,2890,1362,2442,2658,1545,2897,2174,1545,3164,2230,2600,2632,2110,2924,1455,1545]","[1673,2874,1545,2279,2641,1609,1673,1545,2677,2117,2947,1673,1455,1737,1519,2581,2946,2251,1545,1511,1737,2818,1673,2790,1545,2459,1575,2169,792,2392,2889,2846,1519,2897,2931,1702,2651,2166,2580,2854,2933,2846,2826,2869,1609,1673,2994,2181,2890,1362,2442,2658,1545,2897,2174,1545,3164,2230,2600,2632,2110,2924,1455,1545]","[""0"",""1"",""0"",""0"",""1"",""0"",""0"",""0"",""1"",""0"",""1"",""0"",""0"",""0"",""0"",""1"",""1"",""0"",""0"",""0"",""0"",""1"",""0"",""1"",""0"",""0"",""0"",""0"",""0"",""0"",""1"",""1"",""0"",""1"",""1"",""0"",""1"",""0"",""1"",""1"",""1"",""1"",""1"",""1"",""0"",""0"",""1"",""0"",""1"",""0"",""0"",""1"",""0"",""1"",""0"",""0"",""1"",""0"",""1"",""1"",""0"",""1"",""0"",""0""]","[1673,0,1545,2279,0,1609,1673,1545,0,2117,0,1673,1455,1737,1519,0,0,2251,1545,1511,1737,0,1673,0,1545,2459,1575,2169,792,2392,0,0,1519,0,0,1702,0,2166,0,0,0,0,0,0,1609,1673,0,2181,0,1362,2442,0,1545,0,2174,1545,0,2230,0,0,2110,0,1455,1545]","[9,4,9,4,2,9,9,9,2,4,5,9,4,9,4,2,4,1,9,4,9,5,9,9,9,1,4,1,2,4,5,9,4,5,5,2,2,4,2,5,4,9,5,5,9,9,5,4,5,2,1,2,9,5,4,9,5,4,2,2,4,5,4,9]"
3,train_0003,train,19,522,"[1673,0,1545,2279,0,1609,1673,1545,0,2117,0,1673,1455,1737,1519,0,0,2251,1545,1511,1737,0,1673,0,1545,2459,1575,2169,792,2392,0,0,1519,0,0,1702,0,2166,0,0,0,0,0,0,1609,1673,0,2181,0,1362,2442,0,1545,0,2174,1545,0,2230,0,0,2110,0,1455,1545]","[1566,783,1566,783,391,1566,1566,1566,391,783,783,1566,783,1566,783,391,783,391,1566,783,1566,783,1566,1566,1566,391,783,391,391,783,783,1566,783,783,783,391,391,783,391,783,783,1566,783,783,1566,1566,783,783,783,391,391,391,1566,783,783,1566,783,783,391,391,783,783,783,1566]","[192,0,128,0,128,256,64,128,128,192,64,0,128,0,0,-64,0,128,0,128,-128,64,0,0,128,256,0,64,64,0,192,0,64,64,192,192,128,128,128,128,64,-64,320,256,64,64,128,128,256,128,320,64,128,64,128,64,128,64,0,192,192,64,128,128]","[192,0,128,0,128,256,64,128,128,192,64,0,128,0,0,-64,0,128,0,128,-128,64,0,0,128,256,0,64,64,0,192,0,64,64,192,192,128,128,128,128,64,-64,320,256,64,64,128,128,256,128,320,64,128,64,128,64,128,64,0,192,192,64,128,128]","[3222,783,3046,2778,519,3230,3094,3046,519,2828,847,3030,2185,3086,2113,327,783,2489,2918,2234,2958,847,3030,1566,3046,2799,2162,2353,1148,2876,975,1566,2177,847,975,2073,519,2807,519,911,847,1502,1103,1039,3038,3094,911,2820,1039,1711,2848,455,3046,847,2814,2982,911,2799,391,583,2822,847,2185,3046]","[3222,783,3046,2778,519,3230,3094,3046,519,2828,847,3030,2185,3086,2113,327,783,2489,2918,2234,2958,847,3030,1566,3046,2799,2162,2353,1148,2876,975,1566,2177,847,975,2073,519,2807,519,911,847,1502,1103,1039,3038,3094,911,2820,1039,1711,2848,455,3046,847,2814,2982,911,2799,391,583,2822,847,2185,3046]","[""1"",""0"",""1"",""1"",""0"",""1"",""1"",""1"",""0"",""1"",""0"",""1"",""0"",""1"",""0"",""0"",""0"",""0"",""1"",""0"",""1"",""0"",""1"",""0"",""1"",""1"",""0"",""0"",""0"",""1"",""0"",""0"",""0"",""0"",""0"",""0"",""0"",""1"",""0"",""0"",""0"",""0"",""0"",""0"",""1"",""1"",""0"",""1"",""0"",""0"",""1"",""0"",""1"",""0"",""1"",""1"",""0"",""1"",""0"",""0"",""1"",""0"",""0"",""1""]","[0,783,0,0,519,0,0,0,519,0,847,0,2185,0,2113,327,783,2489,0,2234,0,847,0,1566,0,0,2162,2353,1148,0,975,1566,2177,847,975,2073,519,0,519,911,847,1502,1103,1039,0,0,911,0,1039,1711,0,455,0,847,0,0,911,0,391,583,0,847,2185,0]","[10,4,10,5,2,10,10,10,2,5,5,10,4,10,4,2,4,1,10,4,10,5,10,9,10,2,4,1,2,5,5,9,4,5,5,2,2,5,2,5,4,9,5,5,10,10,5,5,5,2,2,2,10,5,5,10,5,5,2,2,5,5,4,10]"
4,validation_0000,validation,0,513,"[0,0,0,0,0,0,0,0,0,0,0,0,0,0,0,0,0,0,0,0,0,0,0,0,0,0,0,0,0,0,0,0,0,0,0,0,0,0,0,0,0,0,0,0,0,0,0,0,0,0,0,0,0,0,0,0,0,0,0,0,0,0,0,0]","[1539,769,1539,769,384,1539,1539,1539,384,769,769,1539,769,1539,769,384,769,384,1539,769,1539,769,1539,1539,1539,384,769,384,384,769,769,1539,769,769,769,384,384,769,384,769,769,1539,769,769,1539,1539,769,769,769,384,384,384,1539,769,769,1539,769,769,384,384,769,769,769,1539]","[0,0,0,0,0,0,0,0,0,0,0,0,0,0,0,0,0,0,0,0,0,0,0,0,0,0,0,0,0,0,0,0,0,0,0,0,0,0,0,0,0,0,0,0,0,0,0,0,0,0,0,0,0,0,0,0,0,0,0,0,0,0,0,0]","[0,0,0,0,0,0,0,0,0,0,0,0,0,0,0,0,0,0,0,0,0,0,0,0,0,0,0,0,0,0,0,0,0,0,0,0,0,0,0,0,0,0,0,0,0,0,0,0,0,0,0,0,0,0,0,0,0,0,0,0,0,0,0,0]","[1539,769,1539,769,384,1539,1539,1539,384,769,769,1539,769,1539,769,384,769,384,1539,769,1539,769,1539,1539,1539,384,769,384,384,769,769,1539,769,769,769,384,384,769,384,769,769,1539,769,769,1539,1539,769,769,769,384,384,384,1539,769,769,1539,769,769,384,384,769,769,769,1539]","[1539,769,1539,769,384,1539,1539,1539,384,769,769,1539,769,1539,769,384,769,384,1539,769,1539,769,1539,1539,1539,384,769,384,384,769,769,1539,769,769,769,384,384,769,384,769,769,1539,769,769,1539,1539,769,769,769,384,384,384,1539,769,769,1539,769,769,384,384,769,769,769,1539]","[""0"",""0"",""0"",""0"",""0"",""0"",""0"",""0"",""0"",""0"",""0"",""0"",""0"",""0"",""0"",""0"",""0"",""0"",""0"",""0"",""0"",""0"",""0"",""0"",""0"",""0"",""0"",""0"",""0"",""0"",""0"",""0"",""0"",""0"",""0"",""0"",""0"",""0"",""0"",""0"",""0"",""0"",""0"",""0"",""0"",""0"",""0"",""0"",""0"",""0"",""0"",""0"",""0"",""0"",""0"",""0"",""0"",""0"",""0"",""0"",""0"",""0"",""0"",""0""]","[1539,769,1539,769,384,1539,1539,1539,384,769,769,1539,769,1539,769,384,769,384,1539,769,1539,769,1539,1539,1539,384,769,384,384,769,769,1539,769,769,769,384,384,769,384,769,769,1539,769,769,1539,1539,769,769,769,384,384,384,1539,769,769,1539,769,769,384,384,769,769,769,1539]","[0,0,0,0,0,0,0,0,0,0,0,0,0,0,0,0,0,0,0,0,0,0,0,0,0,0,0,0,0,0,0,0,0,0,0,0,0,0,0,0,0,0,0,0,0,0,0,0,0,0,0,0,0,0,0,0,0,0,0,0,0,0,0,0]"
4,validation_0000,validation,1,511,"[1539,769,1539,769,384,1539,1539,1539,384,769,769,1539,769,1539,769,384,769,384,1539,769,1539,769,1539,1539,1539,384,769,384,384,769,769,1539,769,769,769,384,384,769,384,769,769,1539,769,769,1539,1539,769,769,769,384,384,384,1539,769,769,1539,769,769,384,384,769,769,769,1539]","[1533,766,1533,766,383,1533,1533,1533,383,766,766,1533,766,1533,766,383,766,383,1533,766,1533,766,1533,1533,1533,383,766,383,383,766,766,1533,766,766,766,383,383,766,383,766,766,1533,766,766,1533,1533,766,766,766,383,383,383,1533,766,766,1533,766,766,383,383,766,766,766,1533]","[0,0,0,0,0,0,0,0,0,0,0,0,0,0,0,0,0,0,0,0,0,0,0,0,0,0,0,0,0,0,0,0,0,0,0,0,0,0,0,0,0,0,0,0,0,0,0,0,0,0,0,0,0,0,0,0,0,0,0,0,0,0,0,0]","[0,0,0,0,0,0,0,0,0,0,0,0,0,0,0,0,0,0,0,0,0,0,0,0,0,0,0,0,0,0,0,0,0,0,0,0,0,0,0,0,0,0,0,0,0,0,0,0,0,0,0,0,0,0,0,0,0,0,0,0,0,0,0,0]","[2880,1439,2880,1439,719,2880,2880,2880,719,1439,1439,2880,1439,2880,1439,719,1439,719,2880,1439,2880,1439,2880,2880,2880,719,1439,719,719,1439,1439,2880,1439,1439,1439,719,719,1439,719,1439,1439,2880,1439,1439,2880,2880,1439,1439,1439,719,719,719,2880,1439,1439,2880,1439,1439,719,719,1439,1439,1439,2880]","[2880,1439,2880,1439,719,2880,2880,2880,719,1439,1439,2880,1439,2880,1439,719,1439,719,2880,1439,2880,1439,2880,2880,2880,719,1439,719,719,1439,1439,2880,1439,1439,1439,719,719,1439,719,1439,1439,2880,1439,1439,2880,2880,1439,1439,1439,719,719,719,2880,1439,1439,2880,1439,1439,719,719,1439,1439,1439,2880]","[""1"",""0"",""1"",""0"",""0"",""1"",""1"",""1"",""0"",""0"",""0"",""1"",""0"",""1"",""0"",""0"",""0"",""0"",""1"",""0"",""1"",""0"",""1"",""1"",""1"",""0"",""0"",""0"",""0"",""0"",""0"",""1"",""0"",""0"",""0"",""0"",""0"",""0"",""0"",""0"",""0"",""1"",""0"",""0"",""1"",""1"",""0"",""0"",""0"",""0"",""0"",""0"",""1"",""0"",""0"",""1"",""0"",""0"",""0"",""0"",""0"",""0"",""0"",""1""]","[0,1439,0,1439,719,0,0,0,719,1439,1439,0,1439,0,1439,719,1439,719,0,1439,0,1439,0,0,0,719,1439,719,719,1439,1439,0,1439,1439,1439,719,719,1439,719,1439,1439,0,1439,1439,0,0,1439,1439,1439,719,719,719,0,1439,1439,0,1439,1439,719,719,1439,1439,1439,0]","[1,0,1,0,0,1,1,1,0,0,0,1,0,1,0,0,0,0,1,0,1,0,1,1,1,0,0,0,0,0,0,1,0,0,0,0,0,0,0,0,0,1,0,0,1,1,0,0,0,0,0,0,1,0,0,1,0,0,0,0,0,0,0,1]"
4,validation_0000,validation,2,511,"[0,1439,0,1439,719,0,0,0,719,1439,1439,0,1439,0,1439,719,1439,719,0,1439,0,1439,0,0,0,719,1439,719,719,1439,1439,0,1439,1439,1439,719,719,1439,719,1439,1439,0,1439,1439,0,0,1439,1439,1439,719,719,719,0,1439,1439,0,1439,1439,719,719,1439,1439,1439,0]","[1533,766,1533,766,383,1533,1533,1533,383,766,766,1533,766,1533,766,383,766,383,1533,766,1533,766,1533,1533,1533,383,766,383,383,766,766,1533,766,766,766,383,383,766,383,766,766,1533,766,766,1533,1533,766,766,766,383,383,383,1533,766,766,1533,766,766,383,383,766,766,766,1533]","[128,-128,0,64,64,64,128,0,128,64,192,128,0,192,64,128,-64,64,0,0,64,128,128,-128,0,0,64,64,64,64,64,-64,64,128,256,128,64,0,64,128,-64,-64,0,128,0,128,128,128,64,128,-64,128,0,128,64,0,256,64,64,64,0,192,0,0]","[128,-128,0,64,64,64,128,0,128,64,192,128,0,192,64,128,-64,64,0,0,64,128,128,-128,0,0,64,64,64,64,64,-64,64,128,256,128,64,0,64,128,-64,-64,0,128,0,128,128,128,64,128,-64,128,0,128,64,0,256,64,64,64,0,192,0,0]","[1661,1898,1533,2090,1077,1597,1661,1533,1141,2090,2218,1661,2026,1725,2090,1141,1962,1077,1533,2026,1597,2154,1661,1405,1533,1013,2090,1077,1077,2090,2090,1469,2090,2154,2282,1141,1077,2026,1077,2154,1962,1469,2026,2154,1533,1661,2154,2154,2090,1141,949,1141,1533,2154,2090,1533,2282,2090,1077,1077,2026,2218,2026,1533]","[1661,1898,1533,2090,1077,1597,1661,1533,1141,2090,2218,1661,2026,1725,2090,1141,1962,1077,1533,2026,1597,2154,1661,1405,1533,1013,2090,1077,1077,2090,2090,1469,2090,2154,2282,1141,1077,2026,1077,2154,1962,1469,2026,2154,1533,1661,2154,2154,2090,1141,949,1141,1533,2154,2090,1533,2282,2090,1077,1077,2026,2218,2026,1533]","[""0"",""0"",""0"",""0"",""0"",""0"",""0"",""0"",""0"",""0"",""0"",""0"",""0"",""0"",""0"",""0"",""0"",""0"",""0"",""0"",""0"",""0"",""0"",""0"",""0"",""0"",""0"",""0"",""0"",""0"",""0"",""0"",""0"",""0"",""0"",""0"",""0"",""0"",""0"",""0"",""0"",""0"",""0"",""0"",""0"",""0"",""0"",""0"",""0"",""0"",""0"",""0"",""0"",""0"",""0"",""0"",""0"",""0"",""0"",""0"",""0"",""0"",""0"",""0""]","[1661,1898,1533,2090,1077,1597,1661,1533,1141,2090,2218,1661,2026,1725,2090,1141,1962,1077,1533,2026,1597,2154,1661,1405,1533,1013,2090,1077,1077,2090,2090,1469,2090,2154,2282,1141,1077,2026,1077,2154,1962,1469,2026,2154,1533,1661,2154,2154,2090,1141,949,1141,1533,2154,2090,1533,2282,2090,1077,1077,2026,2218,2026,1533]","[1,0,1,0,0,1,1,1,0,0,0,1,0,1,0,0,0,0,1,0,1,0,1,1,1,0,0,0,0,0,0,1,0,0,0,0,0,0,0,0,0,1,0,0,1,1,0,0,0,0,0,0,1,0,0,1,0,0,0,0,0,0,0,1]"
4,validation_0000,validation,3,512,"[1661,1898,1533,2090,1077,1597,1661,1533,1141,2090,2218,1661,2026,1725,2090,1141,1962,1077,1533,2026,1597,2154,1661,1405,1533,1013,2090,1077,1077,2090,2090,1469,2090,2154,2282,1141,1077,2026,1077,2154,1962,1469,2026,2154,1533,1661,2154,2154,2090,1141,949,1141,1533,2154,2090,1533,2282,2090,1077,1077,2026,2218,2026,1533]","[1536,768,1536,768,384,1536,1536,1536,384,768,768,1536,768,1536,768,384,768,384,1536,768,1536,768,1536,1536,1536,384,768,384,384,768,768,1536,768,768,768,384,384,768,384,768,768,1536,768,768,1536,1536,768,768,768,384,384,384,1536,768,768,1536,768,768,384,384,768,768,768,1536]","[0,0,0,0,0,0,0,0,0,0,0,0,0,0,0,0,0,0,0,0,0,0,0,0,0,0,0,0,0,0,0,0,0,0,0,0,0,0,0,0,0,0,0,0,0,0,0,0,0,0,0,0,0,0,0,0,0,0,0,0,0,0,0,0]","[0,0,0,0,0,0,0,0,0,0,0,0,0,0,0,0,0,0,0,0,0,0,0,0,0,0,0,0,0,0,0,0,0,0,0,0,0,0,0,0,0,0,0,0,0,0,0,0,0,0,0,0,0,0,0,0,0,0,0,0,0,0,0,0]","[2990,2429,2878,2597,1327,2934,2990,2878,1383,2597,2709,2990,2541,3046,2597,1383,2485,1327,2878,2541,2934,2653,2990,2766,2878,1271,2597,1327,1327,2597,2597,2822,2597,2653,2765,1383,1327,2541,1327,2653,2485,2822,2541,2653,2878,2990,2653,2653,2597,1383,1215,1383,2878,2653,2597,2878,2765,2597,1327,1327,2541,2709,2541,2878]","[2990,2429,2878,2597,1327,2934,2990,2878,1383,2597,2709,2990,2541,3046,2597,1383,2485,1327,2878,2541,2934,2653,2990,2766,2878,1271,2597,1327,1327,2597,2597,2822,2597,2653,2765,1383,1327,2541,1327,2653,2485,2822,2541,2653,2878,2990,2653,2653,2597,1383,1215,1383,2878,2653,2597,2878,2765,2597,1327,1327,2541,2709,2541,2878]","[""1"",""0"",""1"",""1"",""0"",""1"",""1"",""1"",""0"",""1"",""1"",""1"",""0"",""1"",""1"",""0"",""0"",""0"",""1"",""0"",""1"",""1"",""1"",""1"",""1"",""0"",""1"",""0"",""0"",""1"",""1"",""1"",""1"",""1"",""1"",""0"",""0"",""0"",""0"",""1"",""0"",""1"",""0"",""1"",""1"",""1"",""1"",""1"",""1"",""0"",""0"",""0"",""1"",""1"",""1"",""1"",""1"",""1"",""0"",""0"",""0"",""1"",""0"",""1""]","[0,2429,0,0,1327,0,0,0,1383,0,0,0,2541,0,0,1383,2485,1327,0,2541,0,0,0,0,0,1271,0,1327,1327,0,0,0,0,0,0,1383,1327,2541,1327,0,2485,0,2541,0,0,0,0,0,0,1383,1215,1383,0,0,0,0,0,0,1327,1327,2541,0,2541,0]","[2,0,2,1,0,2,2,2,0,1,1,2,0,2,1,0,0,0,2,0,2,1,2,2,2,0,1,0,0,1,1,2,1,1,1,0,0,0,0,1,0,2,0,1,2,2,1,1,1,0,0,0,2,1,1,2,1,1,0,0,0,1,0,2]"
4,validation_0000,validation,4,512,"[0,2429,0,0,1327,0,0,0,1383,0,0,0,2541,0,0,1383,2485,1327,0,2541,0,0,0,0,0,1271,0,1327,1327,0,0,0,0,0,0,1383,1327,2541,1327,0,2485,0,2541,0,0,0,0,0,0,1383,1215,1383,0,0,0,0,0,0,1327,1327,2541,0,2541,0]","[1536,768,1536,768,384,1536,1536,1536,384,768,768,1536,768,1536,768,384,768,384,1536,768,1536,768,1536,1536,1536,384,768,384,384,768,768,1536,768,768,768,384,384,768,384,768,768,1536,768,768,1536,1536,768,768,768,384,384,384,1536,768,768,1536,768,768,384,384,768,768,768,1536]","[192,0,128,192,192,256,128,64,128,64,256,64,0,192,64,128,-64,0,128,128,192,128,192,-64,0,128,192,64,192,64,320,-64,192,256,192,256,128,192,0,192,0,0,192,256,-64,128,320,192,320,192,128,128,192,192,128,128,256,128,64,128,192,192,64,256]","[192,0,128,192,192,256,128,64,128,64,256,64,0,192,64,128,-64,0,128,128,192,128,192,-64,0,128,192,64,192,64,320,-64,192,256,192,256,128,192,0,192,0,0,192,256,-64,128,320,192,320,192,128,128,192,192,128,128,256,128,64,128,192,192,64,256]","[1728,2894,1664,960,1738,1792,1664,1600,1723,832,1024,1600,2992,1728,832,1723,2879,1546,1664,3120,1728,896,1728,1472,1536,1625,960,1610,1738,832,1088,1472,960,1024,960,1851,1674,3184,1546,960,2943,1536,3184,1024,1472,1664,1088,960,1088,1787,1576,1723,1728,960,896,1664,1024,896,1610,1674,3184,960,3056,1792]","[1728,2894,1664,960,1738,1792,1664,1600,1723,832,1024,1600,2992,1728,832,1723,2879,1546,1664,3120,1728,896,1728,1472,1536,1625,960,1610,1738,832,1088,1472,960,1024,960,1851,1674,3184,1546,960,2943,1536,3184,1024,1472,1664,1088,960,1088,1787,1576,1723,1728,960,896,1664,1024,896,1610,1674,3184,960,3056,1792]","[""0"",""1"",""0"",""0"",""0"",""0"",""0"",""0"",""0"",""0"",""0"",""0"",""1"",""0"",""0"",""0"",""1"",""0"",""0"",""1"",""0"",""0"",""0"",""0"",""0"",""0"",""0"",""0"",""0"",""0"",""0"",""0"",""0"",""0"",""0"",""0"",""0"",""1"",""0"",""0"",""1"",""0"",""1"",""0"",""0"",""0"",""0"",""0"",""0"",""0"",""0"",""0"",""0"",""0"",""0"",""0"",""0"",""0"",""0"",""0"",""1"",""0"",""1"",""0""]","[1728,0,1664,960,1738,1792,1664,1600,1723,832,1024,1600,0,1728,832,1723,0,1546,1664,0,1728,896,1728,1472,1536,1625,960,1610,1738,832,1088,1472,960,1024,960,1851,1674,0,1546,960,0,1536,0,1024,1472,1664,1088,960,1088,1787,1576,1723,1728,960,896,1664,1024,896,1610,1674,0,960,0,1792]","[2,1,2,1,0,2,2,2,0,1,1,2,1,2,1,0,1,0,2,1,2,1,2,2,2,0,1,0,0,1,1,2,1,1,1,0,0,1,0,1,1,2,1,1,2,2,1,1,1,0,0,0,2,1,1,2,1,1,0,0,1,1,1,2]"
4,validation_0000,validation,5,512,"[1728,0,1664,960,1738,1792,1664,1600,1723,832,1024,1600,0,1728,832,1723,0,1546,1664,0,1728,896,1728,1472,1536,1625,960,1610,1738,832,1088,1472,960,1024,960,1851,1674,0,1546,960,0,1536,0,1024,1472,1664,1088,960,1088,1787,1576,1723,1728,960,896,1664,1024,896,1610,1674,0,960,0,1792]","[1536,768,1536,768,384,1536,1536,1536,384,768,768,1536,768,1536,768,384,768,384,1536,768,1536,768,1536,1536,1536,384,768,384,384,768,768,1536,768,768,768,384,384,768,384,768,768,1536,768,768,1536,1536,768,768,768,384,384,384,1536,768,768,1536,768,768,384,384,768,768,768,1536]","[-64,0,64,0,64,64,64,64,0,128,0,64,0,0,128,-64,64,0,64,-64,0,64,64,0,0,64,-64,0,128,128,0,0,0,0,64,192,128,64,192,0,0,-64,192,0,-64,192,64,-64,128,128,128,0,-192,0,0,64,128,0,64,64,0,-64,64,0]","[-64,0,64,0,64,64,64,64,0,128,0,64,0,0,128,-64,64,0,64,-64,0,64,64,0,0,64,-64,0,128,128,0,0,0,0,64,192,128,64,192,0,0,-64,192,0,-64,192,64,-64,128,128,128,0,-192,0,0,64,128,0,64,64,0,-64,64,0]","[2984,768,3056,1608,1969,3168,3056,3000,1892,1624,1664,3000,768,3048,1624,1828,832,1737,3056,704,3048,1616,3112,2824,2880,1870,1544,1793,2033,1624,1720,2824,1608,1664,1672,2196,1977,832,1929,1608,768,2816,960,1664,2760,3184,1784,1544,1848,2076,1891,1892,2856,1608,1552,3056,1792,1552,1857,1913,768,1544,832,3104]","[2984,768,3056,1608,1969,3168,3056,3000,1892,1624,1664,3000,768,3048,1624,1828,832,1737,3056,704,3048,1616,3112,2824,2880,1870,1544,1793,2033,1624,1720,2824,1608,1664,1672,2196,1977,832,1929,1608,768,2816,960,1664,2760,3184,1784,1544,1848,2076,1891,1892,2856,1608,1552,3056,1792,1552,1857,1913,768,1544,832,3104]","[""1"",""0"",""1"",""0"",""0"",""1"",""1"",""1"",""0"",""0"",""0"",""1"",""0"",""1"",""0"",""0"",""0"",""0"",""1"",""0"",""1"",""0"",""1"",""1"",""1"",""0"",""0"",""0"",""0"",""0"",""0"",""1"",""0"",""0"",""0"",""0"",""0"",""0"",""0"",""0"",""0"",""1"",""0"",""0"",""1"",""1"",""0"",""0"",""0"",""0"",""0"",""0"",""1"",""0"",""0"",""1"",""0"",""0"",""0"",""0"",""0"",""0"",""0"",""1""]","[0,768,0,1608,1969,0,0,0,1892,1624,1664,0,768,0,1624,1828,832,1737,0,704,0,1616,0,0,0,1870,1544,1793,2033,1624,1720,0,1608,1664,1672,2196,1977,832,1929,1608,768,0,960,1664,0,0,1784,1544,1848,2076,1891,1892,0,1608,1552,0,1792,1552,1857,1913,768,1544,832,0]","[3,1,3,1,0,3,3,3,0,1,1,3,1,3,1,0,1,0,3,1,3,1,3,3,3,0,1,0,0,1,1,3,1,1,1,0,0,1,0,1,1,3,1,1,3,3,1,1,1,0,0,0,3,1,1,3,1,1,0,0,1,1,1,3]"
4,validation_0000,validation,6,513,"[0,768,0,1608,1969,0,0,0,1892,1624,1664,0,768,0,1624,1828,832,1737,0,704,0,1616,0,0,0,1870,1544,1793,2033,1624,1720,0,1608,1664,1672,2196,1977,832,1929,1608,768,0,960,1664,0,0,1784,1544,1848,2076,1891,1892,0,1608,1552,0,1792,1552,1857,1913,768,1544,832,0]","[1539,769,1539,769,384,1539,1539,1539,384,769,769,1539,769,1539,769,384,769,384,1539,769,1539,769,1539,1539,1539,384,769,384,384,769,769,1539,769,769,769,384,384,769,384,769,769,1539,769,769,1539,1539,769,769,769,384,384,384,1539,769,769,1539,769,769,384,384,769,769,769,1539]","[128,-128,0,64,64,64,128,0,128,64,192,128,0,192,64,128,-64,64,0,0,64,128,128,-128,0,0,64,64,64,64,64,-64,64,128,256,128,64,0,64,128,-64,-64,0,128,0,128,128,128,64,128,-64,128,0,128,64,0,256,64,64,64,0,192,0,0]","[128,-128,0,64,64,64,128,0,128,64,192,128,0,192,64,128,-64,64,0,0,64,128,128,-128,0,0,64,64,64,64,64,-64,64,128,256,128,64,0,64,128,-64,-64,0,128,0,128,128,128,64,128,-64,128,0,128,64,0,256,64,64,64,0,192,0,0]","[1667,1313,1539,2240,2171,1603,1667,1539,2168,2254,2417,1667,1441,1731,2254,2112,1433,1968,1539,1385,1603,2311,1667,1411,1539,2021,2184,2017,2227,2254,2338,1475,2240,2353,2488,2434,2178,1497,2136,2304,1377,1475,1609,2353,1539,1667,2458,2248,2450,2329,1975,2168,1539,2304,2191,1539,2593,2191,2073,2122,1441,2312,1497,1539]","[1667,1313,1539,2240,2171,1603,1667,1539,2168,2254,2417,1667,1441,1731,2254,2112,1433,1968,1539,1385,1603,2311,1667,1411,1539,2021,2184,2017,2227,2254,2338,1475,2240,2353,2488,2434,2178,1497,2136,2304,1377,1475,1609,2353,1539,1667,2458,2248,2450,2329,1975,2168,1539,2304,2191,1539,2593,2191,2073,2122,1441,2312,1497,1539]","[""0"",""0"",""0"",""0"",""0"",""0"",""0"",""0"",""0"",""0"",""0"",""0"",""0"",""0"",""0"",""0"",""0"",""0"",""0"",""0"",""0"",""0"",""0"",""0"",""0"",""0"",""0"",""0"",""0"",""0"",""0"",""0"",""0"",""0"",""0"",""0"",""0"",""0"",""0"",""0"",""0"",""0"",""0"",""0"",""0"",""0"",""0"",""0"",""0"",""0"",""0"",""0"",""0"",""0"",""0"",""0"",""1"",""0"",""0"",""0"",""0"",""0"",""0"",""0""]","[1667,1313,1539,2240,2171,1603,1667,1539,2168,2254,2417,1667,1441,1731,2254,2112,1433,1968,1539,1385,1603,2311,1667,1411,1539,2021,2184,2017,2227,2254,2338,1475,2240,2353,2488,2434,2178,1497,2136,2304,1377,1475,1609,2353,1539,1667,2458,2248,2450,2329,1975,2168,1539,2304,2191,1539,0,2191,2073,2122,1441,2312,1497,1539]","[3,1,3,1,0,3,3,3,0,1,1,3,1,3,1,0,1,0,3,1,3,1,3,3,3,0,1,0,0,1,1,3,1,1,1,0,0,1,0,1,1,3,1,1,3,3,1,1,1,0,0,0,3,1,1,3,2,1,0,0,1,1,1,3]"
4,validation_0000,validation,7,512,"[1667,1313,1539,2240,2171,1603,1667,1539,2168,2254,2417,1667,1441,1731,2254,2112,1433,1968,1539,1385,1603,2311,1667,1411,1539,2021,2184,2017,2227,2254,2338,1475,2240,2353,2488,2434,2178,1497,2136,2304,1377,1475,1609,2353,1539,1667,2458,2248,2450,2329,1975,2168,1539,2304,2191,1539,0,2191,2073,2122,1441,2312,1497,1539]","[1536,768,1536,768,384,1536,1536,1536,384,768,768,1536,768,1536,768,384,768,384,1536,768,1536,768,1536,1536,1536,384,768,384,384,768,768,1536,768,768,768,384,384,768,384,768,768,1536,768,768,1536,1536,768,768,768,384,384,384,1536,768,768,1536,768,768,384,384,768,768,768,1536]","[0,0,0,0,0,0,0,0,64,0,0,0,0,0,0,0,0,0,0,0,0,0,0,0,0,64,0,0,0,0,0,0,0,64,0,0,0,0,0,0,0,0,0,64,0,0,0,0,0,0,64,0,0,0,0,0,0,0,0,0,0,0,64,0]","[0,0,0,0,0,0,0,0,64,0,0,0,0,0,0,0,0,0,0,0,0,0,0,0,0,64,0,0,0,0,0,0,0,64,0,0,0,0,0,0,0,0,0,64,0,0,0,0,0,0,64,0,0,0,0,0,0,0,0,0,0,0,64,0]","[2995,1917,2883,2728,2284,2939,2995,2883,2345,2741,2883,2995,2029,3051,2741,2232,2022,2106,2883,1980,2939,2791,2995,2771,2883,2217,2679,2149,2333,2741,2814,2827,2728,2891,2945,2514,2290,2078,2253,2784,1973,2827,2176,2891,2883,2995,2919,2735,2912,2422,2177,2281,2883,2784,2686,2883,768,2686,2198,2241,2029,2791,2142,2883]","[2995,1917,2883,2728,2284,2939,2995,2883,2345,2741,2883,2995,2029,3051,2741,2232,2022,2106,2883,1980,2939,2791,2995,2771,2883,2217,2679,2149,2333,2741,2814,2827,2728,2891,2945,2514,2290,2078,2253,2784,1973,2827,2176,2891,2883,2995,2919,2735,2912,2422,2177,2281,2883,2784,2686,2883,768,2686,2198,2241,2029,2791,2142,2883]","[""1"",""0"",""1"",""1"",""0"",""1"",""1"",""1"",""0"",""1"",""1"",""1"",""0"",""1"",""1"",""0"",""0"",""0"",""1"",""0"",""1"",""1"",""1"",""1"",""1"",""0"",""1"",""0"",""0"",""1"",""1"",""1"",""1"",""1"",""1"",""0"",""0"",""0"",""0"",""1"",""0"",""1"",""0"",""1"",""1"",""1"",""1"",""1"",""1"",""0"",""0"",""0"",""1"",""1"",""1"",""1"",""0"",""1"",""0"",""0"",""0"",""1"",""0"",""1""]","[0,1917,0,0,2284,0,0,0,2345,0,0,0,2029,0,0,2232,2022,2106,0,1980,0,0,0,0,0,2217,0,2149,2333,0,0,0,0,0,0,2514,2290,2078,2253,0,1973,0,2176,0,0,0,0,0,0,2422,2177,2281,0,0,0,0,768,0,2198,2241,2029,0,2142,0]","[4,1,4,2,0,4,4,4,0,2,2,4,1,4,2,0,1,0,4,1,4,2,4,4,4,0,2,0,0,2,2,4,2,2,2,0,0,1,0,2,1,4,1,2,4,4,2,2,2,0,0,0,4,2,2,4,2,2,0,0,1,2,1,4]"
4,validation_0000,validation,8,513,"[0,1917,0,0,2284,0,0,0,2345,0,0,0,2029,0,0,2232,2022,2106,0,1980,0,0,0,0,0,2217,0,2149,2333,0,0,0,0,0,0,2514,2290,2078,2253,0,1973,0,2176,0,0,0,0,0,0,2422,2177,2281,0,0,0,0,768,0,2198,2241,2029,0,2142,0]","[1539,769,1539,769,384,1539,1539,1539,384,769,769,1539,769,1539,769,384,769,384,1539,769,1539,769,1539,1539,1539,384,769,384,384,769,769,1539,769,769,769,384,384,769,384,769,769,1539,769,769,1539,1539,769,769,769,384,384,384,1539,769,769,1539,769,769,384,384,769,769,769,1539]","[192,0,128,192,192,256,128,64,64,64,256,64,0,192,64,128,-64,0,128,128,192,128,192,-64,0,64,192,64,192,64,320,-64,192,192,192,256,128,192,0,192,0,0,192,192,-64,128,320,192,320,192,64,128,192,192,128,128,256,128,64,128,192,192,0,256]","[192,0,128,192,192,256,128,64,64,64,256,64,0,192,64,128,-64,0,128,128,192,128,192,-64,0,64,192,64,192,64,320,-64,192,192,192,256,128,192,0,192,0,0,192,192,-64,128,320,192,320,192,64,128,192,192,128,128,256,128,64,128,192,192,0,256]","[1731,2447,1667,961,2575,1795,1667,1603,2500,833,1025,1603,2545,1731,833,2465,2475,2227,1667,2630,1731,897,1731,1475,1539,2388,961,2329,2618,833,1089,1475,961,961,961,2840,2516,2780,2356,961,2496,1539,2865,961,1475,1667,1089,961,1089,2696,2353,2508,1731,961,897,1667,1697,897,2372,2473,2737,961,2644,1795]","[1731,2447,1667,961,2575,1795,1667,1603,2500,833,1025,1603,2545,1731,833,2465,2475,2227,1667,2630,1731,897,1731,1475,1539,2388,961,2329,2618,833,1089,1475,961,961,961,2840,2516,2780,2356,961,2496,1539,2865,961,1475,1667,1089,961,1089,2696,2353,2508,1731,961,897,1667,1697,897,2372,2473,2737,961,2644,1795]","[""0"",""0"",""0"",""0"",""1"",""0"",""0"",""0"",""0"",""0"",""0"",""0"",""0"",""0"",""0"",""0"",""0"",""0"",""0"",""1"",""0"",""0"",""0"",""0"",""0"",""0"",""0"",""0"",""1"",""0"",""0"",""0"",""0"",""0"",""0"",""1"",""0"",""1"",""0"",""0"",""0"",""0"",""1"",""0"",""0"",""0"",""0"",""0"",""0"",""1"",""0"",""0"",""0"",""0"",""0"",""0"",""0"",""0"",""0"",""0"",""1"",""0"",""1"",""0""]","[1731,2447,1667,961,0,1795,1667,1603,2500,833,1025,1603,2545,1731,833,2465,2475,2227,1667,0,1731,897,1731,1475,1539,2388,961,2329,0,833,1089,1475,961,961,961,0,2516,0,2356,961,2496,1539,0,961,1475,1667,1089,961,1089,0,2353,2508,1731,961,897,1667,1697,897,2372,2473,0,961,0,1795]","[4,1,4,2,1,4,4,4,0,2,2,4,1,4,2,0,1,0,4,2,4,2,4,4,4,0,2,0,1,2,2,4,2,2,2,1,0,2,0,2,1,4,2,2,4,4,2,2,2,1,0,0,4,2,2,4,2,2,0,0,2,2,2,4]"
4,validation_0000,validation,9,512,"[1731,2447,1667,961,0,1795,1667,1603,2500,833,1025,1603,2545,1731,833,2465,2475,2227,1667,0,1731,897,1731,1475,1539,2388,961,2329,0,833,1089,1475,961,961,961,0,2516,0,2356,961,2496,1539,0,961,1475,1667,1089,961,1089,0,2353,2508,1731,961,897,1667,1697,897,2372,2473,0,961,0,1795]","[1536,768,1536,768,384,1536,1536,1536,384,768,768,1536,768,1536,768,384,768,384,1536,768,1536,768,1536,1536,1536,384,768,384,384,768,768,1536,768,768,768,384,384,768,384,768,768,1536,768,768,1536,1536,768,768,768,384,384,384,1536,768,768,1536,768,768,384,384,768,768,768,1536]","[0,64,0,0,0,128,64,0,0,64,0,128,0,0,64,0,0,64,0,-64,64,0,64,0,-64,128,0,0,128,192,0,0,-64,0,-64,128,64,64,256,0,0,-64,64,0,0,128,64,-64,0,128,192,64,-64,64,0,64,192,0,192,64,64,64,64,0]","[0,64,0,0,0,128,64,0,0,64,0,128,0,0,64,0,0,64,0,-64,64,0,64,0,-64,128,0,0,128,192,0,0,-64,0,-64,128,64,64,256,0,0,-64,64,0,0,128,64,-64,0,128,192,64,-64,64,0,64,192,0,192,64,64,64,64,0]","[3051,2974,2995,1609,384,3235,3059,2939,2572,1561,1665,3067,2995,3051,1561,2541,2934,2397,2995,704,3115,1553,3115,2827,2819,2602,1609,2422,512,1689,1721,2827,1545,1609,1545,512,2650,832,2702,1609,2952,2819,832,1609,2827,3123,1785,1545,1721,512,2635,2643,2987,1673,1553,3059,2445,1553,2652,2612,832,1673,832,3107]","[3051,2974,2995,1609,384,3235,3059,2939,2572,1561,1665,3067,2995,3051,1561,2541,2934,2397,2995,704,3115,1553,3115,2827,2819,2602,1609,2422,512,1689,1721,2827,1545,1609,1545,512,2650,832,2702,1609,2952,2819,832,1609,2827,3123,1785,1545,1721,512,2635,2643,2987,1673,1553,3059,2445,1553,2652,2612,832,1673,832,3107]","[""1"",""1"",""1"",""0"",""0"",""1"",""1"",""1"",""1"",""0"",""0"",""1"",""1"",""1"",""0"",""0"",""1"",""0"",""1"",""0"",""1"",""0"",""1"",""1"",""1"",""1"",""0"",""0"",""0"",""0"",""0"",""1"",""0"",""0"",""0"",""0"",""1"",""0"",""1"",""0"",""1"",""1"",""0"",""0"",""1"",""1"",""0"",""0"",""0"",""0"",""1"",""1"",""1"",""0"",""0"",""1"",""0"",""0"",""1"",""1"",""0"",""0"",""0"",""1""]","[0,0,0,1609,384,0,0,0,0,1561,1665,0,0,0,1561,2541,0,2397,0,704,0,1553,0,0,0,0,1609,2422,512,1689,1721,0,1545,1609,1545,512,0,832,0,1609,0,0,832,1609,0,0,1785,1545,1721,512,0,0,0,1673,1553,0,2445,1553,0,0,832,1673,832,0]","[5,2,5,2,1,5,5,5,1,2,2,5,2,5,2,0,2,0,5,2,5,2,5,5,5,1,2,0,1,2,2,5,2,2,2,1,1,2,1,2,2,5,2,2,5,5,2,2,2,1,1,1,5,2,2,5,2,2,1,1,2,2,2,5]"
4,validation_0000,validation,10,512,"[0,0,0,1609,384,0,0,0,0,1561,1665,0,0,0,1561,2541,0,2397,0,704,0,1553,0,0,0,0,1609,2422,512,1689,1721,0,1545,1609,1545,512,0,832,0,1609,0,0,832,1609,0,0,1785,1545,1721,512,0,0,0,1673,1553,0,2445,1553,0,0,832,1673,832,0]","[1536,768,1536,768,384,1536,1536,1536,384,768,768,1536,768,1536,768,384,768,384,1536,768,1536,768,1536,1536,1536,384,768,384,384,768,768,1536,768,768,768,384,384,768,384,768,768,1536,768,768,1536,1536,768,768,768,384,384,384,1536,768,768,1536,768,768,384,384,768,768,768,1536]","[192,-192,64,0,128,192,192,0,256,128,64,192,128,192,64,64,64,128,0,64,64,128,128,-128,128,0,64,64,0,128,128,-64,128,64,384,192,64,0,64,192,-64,-64,256,128,64,128,128,128,128,192,0,128,-64,128,128,64,320,192,64,192,128,128,0,0]","[192,-192,64,0,128,192,192,0,256,128,64,192,128,192,64,64,64,128,0,64,64,128,128,-128,128,0,64,64,0,128,128,-64,128,64,384,192,64,0,64,192,-64,-64,256,128,64,128,128,128,128,192,0,128,-64,128,128,64,320,192,64,192,128,128,0,0]","[1728,576,1600,2176,848,1728,1728,1536,640,2262,2289,1728,896,1728,2198,2672,832,2610,1536,1448,1600,2255,1664,1408,1664,384,2240,2568,832,2374,2402,1472,2248,2240,2504,1024,448,1496,448,2368,704,1472,1752,2304,1600,1664,2458,2248,2402,1024,384,512,1472,2360,2255,1600,3228,2319,448,576,1624,2360,1496,1536]","[1728,576,1600,2176,848,1728,1728,1536,640,2262,2289,1728,896,1728,2198,2672,832,2610,1536,1448,1600,2255,1664,1408,1664,384,2240,2568,832,2374,2402,1472,2248,2240,2504,1024,448,1496,448,2368,704,1472,1752,2304,1600,1664,2458,2248,2402,1024,384,512,1472,2360,2255,1600,3228,2319,448,576,1624,2360,1496,1536]","[""0"",""0"",""0"",""0"",""0"",""0"",""0"",""0"",""0"",""0"",""0"",""0"",""0"",""0"",""0"",""1"",""0"",""1"",""0"",""0"",""0"",""0"",""0"",""0"",""0"",""0"",""0"",""1"",""0"",""0"",""0"",""0"",""0"",""0"",""0"",""0"",""0"",""0"",""0"",""0"",""0"",""0"",""0"",""0"",""0"",""0"",""0"",""0"",""0"",""0"",""0"",""0"",""0"",""0"",""0"",""0"",""1"",""0"",""0"",""0"",""0"",""0"",""0"",""0""]","[1728,576,1600,2176,848,1728,1728,1536,640,2262,2289,1728,896,1728,2198,0,832,0,1536,1448,1600,2255,1664,1408,1664,384,2240,0,832,2374,2402,1472,2248,2240,2504,1024,448,1496,448,2368,704,1472,1752,2304,1600,1664,2458,2248,2402,1024,384,512,1472,2360,2255,1600,0,2319,448,576,1624,2360,1496,1536]","[5,2,5,2,1,5,5,5,1,2,2,5,2,5,2,1,2,1,5,2,5,2,5,5,5,1,2,1,1,2,2,5,2,2,2,1,1,2,1,2,2,5,2,2,5,5,2,2,2,1,1,1,5,2,2,5,3,2,1,1,2,2,2,5]"
4,validation_0000,validation,11,512,"[1728,576,1600,2176,848,1728,1728,1536,640,2262,2289,1728,896,1728,2198,0,832,0,1536,1448,1600,2255,1664,1408,1664,384,2240,0,832,2374,2402,1472,2248,2240,2504,1024,448,1496,448,2368,704,1472,1752,2304,1600,1664,2458,2248,2402,1024,384,512,1472,2360,2255,1600,0,2319,448,576,1624,2360,1496,1536]","[1536,768,1536,768,384,1536,1536,1536,384,768,768,1536,768,1536,768,384,768,384,1536,768,1536,768,1536,1536,1536,384,768,384,384,768,768,1536,768,768,768,384,384,768,384,768,768,1536,768,768,1536,1536,768,768,768,384,384,384,1536,768,768,1536,768,768,384,384,768,768,768,1536]","[0,0,0,0,0,0,0,0,64,0,64,0,0,0,-64,0,64,0,64,0,0,0,0,0,0,64,0,64,0,0,0,64,-64,128,0,64,64,0,-64,0,0,0,0,64,128,0,0,0,0,64,128,0,0,0,0,0,0,0,0,0,0,0,64,0]","[0,0,0,0,0,0,0,0,64,0,64,0,0,0,-64,0,64,0,64,0,0,0,0,0,0,64,0,64,0,0,0,64,-64,128,0,64,64,0,-64,0,0,0,0,64,128,0,0,0,0,64,128,0,0,0,0,0,0,0,0,0,0,0,64,0]","[3048,1272,2936,2672,1126,3048,3048,2880,1008,2748,2835,3048,1552,3048,2628,384,1560,384,2944,2035,2936,2742,2992,2768,2992,784,2728,448,1112,2846,2870,2888,2671,2856,2959,1344,840,2077,712,2840,1384,2824,2301,2848,3064,2992,2919,2735,2870,1344,848,832,2824,2833,2742,2936,768,2798,776,888,2189,2833,2141,2880]","[3048,1272,2936,2672,1126,3048,3048,2880,1008,2748,2835,3048,1552,3048,2628,384,1560,384,2944,2035,2936,2742,2992,2768,2992,784,2728,448,1112,2846,2870,2888,2671,2856,2959,1344,840,2077,712,2840,1384,2824,2301,2848,3064,2992,2919,2735,2870,1344,848,832,2824,2833,2742,2936,768,2798,776,888,2189,2833,2141,2880]","[""1"",""0"",""1"",""1"",""0"",""1"",""1"",""1"",""0"",""1"",""1"",""1"",""0"",""1"",""1"",""0"",""0"",""0"",""1"",""0"",""1"",""1"",""1"",""1"",""1"",""0"",""1"",""0"",""0"",""1"",""1"",""1"",""1"",""1"",""1"",""0"",""0"",""0"",""0"",""1"",""0"",""1"",""0"",""1"",""1"",""1"",""1"",""1"",""1"",""0"",""0"",""0"",""1"",""1"",""1"",""1"",""0"",""1"",""0"",""0"",""0"",""1"",""0"",""1""]","[0,1272,0,0,1126,0,0,0,1008,0,0,0,1552,0,0,384,1560,384,0,2035,0,0,0,0,0,784,0,448,1112,0,0,0,0,0,0,1344,840,2077,712,0,1384,0,2301,0,0,0,0,0,0,1344,848,832,0,0,0,0,768,0,776,888,2189,0,2141,0]","[6,2,6,3,1,6,6,6,1,3,3,6,2,6,3,1,2,1,6,2,6,3,6,6,6,1,3,1,1,3,3,6,3,3,3,1,1,2,1,3,2,6,2,3,6,6,3,3,3,1,1,1,6,3,3,6,3,3,1,1,2,3,2,6]"
4,validation_0000,validation,12,512,"[0,1272,0,0,1126,0,0,0,1008,0,0,0,1552,0,0,384,1560,384,0,2035,0,0,0,0,0,784,0,448,1112,0,0,0,0,0,0,1344,840,2077,712,0,1384,0,2301,0,0,0,0,0,0,1344,848,832,0,0,0,0,768,0,776,888,2189,0,2141,0]","[1536,768,1536,768,384,1536,1536,1536,384,768,768,1536,768,1536,768,384,768,384,1536,768,1536,768,1536,1536,1536,384,768,384,384,768,768,1536,768,768,768,384,384,768,384,768,768,1536,768,768,1536,1536,768,768,768,384,384,384,1536,768,768,1536,768,768,384,384,768,768,768,1536]","[192,0,128,192,192,256,128,64,64,64,256,64,0,192,64,128,-64,0,128,128,192,128,192,-64,0,64,192,64,192,64,320,-64,192,192,192,256,128,192,0,192,0,0,192,192,-64,128,320,192,320,192,64,128,192,192,128,128,256,128,64,128,192,192,0,256]","[192,0,128,192,192,256,128,64,64,64,256,64,0,192,64,128,-64,0,128,128,192,128,192,-64,0,64,192,64,192,64,320,-64,192,192,192,256,128,192,0,192,0,0,192,192,-64,128,320,192,320,192,64,128,192,192,128,128,256,128,64,128,192,192,0,256]","[1728,1881,1664,960,1562,1792,1664,1600,1330,832,1024,1600,2126,1728,832,848,2069,720,1664,2677,1728,896,1728,1472,1536,1134,960,840,1549,832,1088,1472,960,960,960,1816,1247,2778,1007,960,1979,1536,2974,960,1472,1664,1088,960,1088,1752,1190,1240,1728,960,896,1664,1696,896,1127,1289,2876,960,2642,1792]","[1728,1881,1664,960,1562,1792,1664,1600,1330,832,1024,1600,2126,1728,832,848,2069,720,1664,2677,1728,896,1728,1472,1536,1134,960,840,1549,832,1088,1472,960,960,960,1816,1247,2778,1007,960,1979,1536,2974,960,1472,1664,1088,960,1088,1752,1190,1240,1728,960,896,1664,1696,896,1127,1289,2876,960,2642,1792]","[""0"",""0"",""0"",""0"",""0"",""0"",""0"",""0"",""0"",""0"",""0"",""0"",""0"",""0"",""0"",""0"",""0"",""0"",""0"",""1"",""0"",""0"",""0"",""0"",""0"",""0"",""0"",""0"",""0"",""0"",""0"",""0"",""0"",""0"",""0"",""0"",""0"",""1"",""0"",""0"",""0"",""0"",""1"",""0"",""0"",""0"",""0"",""0"",""0"",""0"",""0"",""0"",""0"",""0"",""0"",""0"",""0"",""0"",""0"",""0"",""1"",""0"",""1"",""0""]","[1728,1881,1664,960,1562,1792,1664,1600,1330,832,1024,1600,2126,1728,832,848,2069,720,1664,0,1728,896,1728,1472,1536,1134,960,840,1549,832,1088,1472,960,960,960,1816,1247,0,1007,960,1979,1536,0,960,1472,1664,1088,960,1088,1752,1190,1240,1728,960,896,1664,1696,896,1127,1289,0,960,0,1792]","[6,2,6,3,1,6,6,6,1,3,3,6,2,6,3,1,2,1,6,3,6,3,6,6,6,1,3,1,1,3,3,6,3,3,3,1,1,3,1,3,2,6,3,3,6,6,3,3,3,1,1,1,6,3,3,6,3,3,1,1,3,3,3,6]"
4,validation_0000,validation,13,513,"[1728,1881,1664,960,1562,1792,1664,1600,1330,832,1024,1600,2126,1728,832,848,2069,720,1664,0,1728,896,1728,1472,1536,1134,960,840,1549,832,1088,1472,960,960,960,1816,1247,0,1007,960,1979,1536,0,960,1472,1664,1088,960,1088,1752,1190,1240,1728,960,896,1664,1696,896,1127,1289,0,960,0,1792]","[1539,769,1539,769,384,1539,1539,1539,384,769,769,1539,769,1539,769,384,769,384,1539,769,1539,769,1539,1539,1539,384,769,384,384,769,769,1539,769,769,769,384,384,769,384,769,769,1539,769,769,1539,1539,769,769,769,384,384,384,1539,769,769,1539,769,769,384,384,769,769,769,1539]","[-64,0,0,64,0,64,64,64,0,64,0,64,0,0,64,0,0,0,64,-128,0,64,64,0,-64,64,-64,0,128,128,0,0,-64,0,0,128,64,64,192,0,0,-64,64,0,0,128,64,-64,64,128,128,0,-128,0,0,64,128,0,64,64,0,0,64,0]","[-64,0,0,64,0,64,64,64,0,64,0,64,0,0,64,0,0,0,64,-128,0,64,64,0,-64,64,-64,0,128,128,0,0,-64,0,0,128,64,64,192,0,0,-64,64,0,0,128,64,-64,64,128,128,0,-128,0,0,64,128,0,64,64,0,0,64,0]","[2987,2415,2995,1673,1751,3171,3059,3003,1548,1561,1665,3003,2630,3051,1561,1126,2580,1014,3059,641,3051,1617,3115,2827,2819,1441,1545,1119,1868,1625,1721,2827,1545,1609,1609,2101,1540,833,1458,1609,2501,2819,833,1609,2827,3123,1785,1545,1785,2045,1554,1469,2923,1609,1553,3059,2381,1553,1435,1576,769,1609,833,3107]","[2987,2415,2995,1673,1751,3171,3059,3003,1548,1561,1665,3003,2630,3051,1561,1126,2580,1014,3059,641,3051,1617,3115,2827,2819,1441,1545,1119,1868,1625,1721,2827,1545,1609,1609,2101,1540,833,1458,1609,2501,2819,833,1609,2827,3123,1785,1545,1785,2045,1554,1469,2923,1609,1553,3059,2381,1553,1435,1576,769,1609,833,3107]","[""1"",""0"",""1"",""0"",""0"",""1"",""1"",""1"",""0"",""0"",""0"",""1"",""1"",""1"",""0"",""0"",""1"",""0"",""1"",""0"",""1"",""0"",""1"",""1"",""1"",""0"",""0"",""0"",""0"",""0"",""0"",""1"",""0"",""0"",""0"",""0"",""0"",""0"",""0"",""0"",""0"",""1"",""0"",""0"",""1"",""1"",""0"",""0"",""0"",""0"",""0"",""0"",""1"",""0"",""0"",""1"",""0"",""0"",""0"",""0"",""0"",""0"",""0"",""1""]","[0,2415,0,1673,1751,0,0,0,1548,1561,1665,0,0,0,1561,1126,0,1014,0,641,0,1617,0,0,0,1441,1545,1119,1868,1625,1721,0,1545,1609,1609,2101,1540,833,1458,1609,2501,0,833,1609,0,0,1785,1545,1785,2045,1554,1469,0,1609,1553,0,2381,1553,1435,1576,769,1609,833,0]","[7,2,7,3,1,7,7,7,1,3,3,7,3,7,3,1,3,1,7,3,7,3,7,7,7,1,3,1,1,3,3,7,3,3,3,1,1,3,1,3,2,7,3,3,7,7,3,3,3,1,1,1,7,3,3,7,3,3,1,1,3,3,3,7]"
4,validation_0000,validation,14,513,"[0,2415,0,1673,1751,0,0,0,1548,1561,1665,0,0,0,1561,1126,0,1014,0,641,0,1617,0,0,0,1441,1545,1119,1868,1625,1721,0,1545,1609,1609,2101,1540,833,1458,1609,2501,0,833,1609,0,0,1785,1545,1785,2045,1554,1469,0,1609,1553,0,2381,1553,1435,1576,769,1609,833,0]","[1539,769,1539,769,384,1539,1539,1539,384,769,769,1539,769,1539,769,384,769,384,1539,769,1539,769,1539,1539,1539,384,769,384,384,769,769,1539,769,769,769,384,384,769,384,769,769,1539,769,769,1539,1539,769,769,769,384,384,384,1539,769,769,1539,769,769,384,384,769,769,769,1539]","[128,-128,64,0,128,64,128,0,128,64,192,128,0,192,64,64,0,64,0,64,64,128,128,-128,64,0,64,64,64,64,64,-64,128,128,256,192,128,0,64,128,-64,-64,64,128,0,128,128,128,64,128,-64,128,0,128,64,0,256,64,128,64,0,128,0,0]","[128,-128,64,0,128,64,128,0,128,64,192,128,0,192,64,64,0,64,0,64,64,128,128,-128,64,0,64,64,64,64,64,-64,128,128,256,192,128,0,64,128,-64,-64,64,128,0,128,128,128,64,128,-64,128,0,128,64,0,256,64,128,64,0,128,0,0]","[1667,2755,1603,2233,2045,1603,1667,1539,1867,2199,2418,1667,769,1731,2199,1434,769,1336,1539,1394,1603,2312,1667,1411,1603,1645,2185,1428,2083,2255,2339,1475,2249,2305,2433,2415,1860,1498,1724,2305,2894,1475,1562,2305,1539,1667,2459,2249,2395,2302,1680,1798,1539,2305,2192,1539,3109,2192,1768,1827,1442,2305,1498,1539]","[1667,2755,1603,2233,2045,1603,1667,1539,1867,2199,2418,1667,769,1731,2199,1434,769,1336,1539,1394,1603,2312,1667,1411,1603,1645,2185,1428,2083,2255,2339,1475,2249,2305,2433,2415,1860,1498,1724,2305,2894,1475,1562,2305,1539,1667,2459,2249,2395,2302,1680,1798,1539,2305,2192,1539,3109,2192,1768,1827,1442,2305,1498,1539]","[""0"",""1"",""0"",""0"",""0"",""0"",""0"",""0"",""0"",""0"",""0"",""0"",""0"",""0"",""0"",""0"",""0"",""0"",""0"",""0"",""0"",""0"",""0"",""0"",""0"",""0"",""0"",""0"",""0"",""0"",""0"",""0"",""0"",""0"",""0"",""0"",""0"",""0"",""0"",""0"",""1"",""0"",""0"",""0"",""0"",""0"",""0"",""0"",""0"",""0"",""0"",""0"",""0"",""0"",""0"",""0"",""1"",""0"",""0"",""0"",""0"",""0"",""0"",""0""]","[1667,0,1603,2233,2045,1603,1667,1539,1867,2199,2418,1667,769,1731,2199,1434,769,1336,1539,1394,1603,2312,1667,1411,1603,1645,2185,1428,2083,2255,2339,1475,2249,2305,2433,2415,1860,1498,1724,2305,0,1475,1562,2305,1539,1667,2459,2249,2395,2302,1680,1798,1539,2305,2192,1539,0,2192,1768,1827,1442,2305,1498,1539]","[7,3,7,3,1,7,7,7,1,3,3,7,3,7,3,1,3,1,7,3,7,3,7,7,7,1,3,1,1,3,3,7,3,3,3,1,1,3,1,3,3,7,3,3,7,7,3,3,3,1,1,1,7,3,3,7,4,3,1,1,3,3,3,7]"
4,validation_0000,validation,15,513,"[1667,0,1603,2233,2045,1603,1667,1539,1867,2199,2418,1667,769,1731,2199,1434,769,1336,1539,1394,1603,2312,1667,1411,1603,1645,2185,1428,2083,2255,2339,1475,2249,2305,2433,2415,1860,1498,1724,2305,0,1475,1562,2305,1539,1667,2459,2249,2395,2302,1680,1798,1539,2305,2192,1539,0,2192,1768,1827,1442,2305,1498,1539]","[1539,769,1539,769,384,1539,1539,1539,384,769,769,1539,769,1539,769,384,769,384,1539,769,1539,769,1539,1539,1539,384,769,384,384,769,769,1539,769,769,769,384,384,769,384,769,769,1539,769,769,1539,1539,769,769,769,384,384,384,1539,769,769,1539,769,769,384,384,769,769,769,1539]","[0,0,0,0,0,0,0,0,64,64,0,0,0,0,64,0,0,0,0,0,0,0,0,0,0,64,0,0,0,0,0,0,0,64,64,0,0,0,0,0,0,0,64,64,-64,64,0,0,64,0,64,0,-64,0,0,0,0,0,-64,0,0,0,64,0]","[0,0,0,0,0,0,0,0,64,64,0,0,0,0,64,0,0,0,0,0,0,0,0,0,0,64,0,0,0,0,0,0,0,64,64,0,0,0,0,0,0,0,64,64,-64,64,0,0,64,0,64,0,-64,0,0,0,0,0,-64,0,0,0,64,0]","[2998,769,2942,2723,2174,2942,2998,2886,2082,2758,2885,2998,1442,3054,2758,1639,1442,1553,2886,1989,2942,2792,2998,2774,2942,1888,2681,1634,2207,2743,2816,2830,2737,2850,2962,2498,2012,2080,1893,2786,769,2830,2200,2850,2822,3062,2921,2737,2929,2399,1918,1958,2822,2786,2687,2886,769,2687,1867,1983,2031,2786,2144,2886]","[2998,769,2942,2723,2174,2942,2998,2886,2082,2758,2885,2998,1442,3054,2758,1639,1442,1553,2886,1989,2942,2792,2998,2774,2942,1888,2681,1634,2207,2743,2816,2830,2737,2850,2962,2498,2012,2080,1893,2786,769,2830,2200,2850,2822,3062,2921,2737,2929,2399,1918,1958,2822,2786,2687,2886,769,2687,1867,1983,2031,2786,2144,2886]","[""1"",""0"",""1"",""1"",""0"",""1"",""1"",""1"",""0"",""1"",""1"",""1"",""0"",""1"",""1"",""0"",""0"",""0"",""1"",""0"",""1"",""1"",""1"",""1"",""1"",""0"",""1"",""0"",""0"",""1"",""1"",""1"",""1"",""1"",""1"",""0"",""0"",""0"",""0"",""1"",""0"",""1"",""0"",""1"",""1"",""1"",""1"",""1"",""1"",""0"",""0"",""0"",""1"",""1"",""1"",""1"",""0"",""1"",""0"",""0"",""0"",""1"",""0"",""1""]","[0,769,0,0,2174,0,0,0,2082,0,0,0,1442,0,0,1639,1442,1553,0,1989,0,0,0,0,0,1888,0,1634,2207,0,0,0,0,0,0,2498,2012,2080,1893,0,769,0,2200,0,0,0,0,0,0,2399,1918,1958,0,0,0,0,769,0,1867,1983,2031,0,2144,0]","[8,3,8,4,1,8,8,8,1,4,4,8,3,8,4,1,3,1,8,3,8,4,8,8,8,1,4,1,1,4,4,8,4,4,4,1,1,3,1,4,3,8,3,4,8,8,4,4,4,1,1,1,8,4,4,8,4,4,1,1,3,4,3,8]"
4,validation_0000,validation,16,513,"[0,769,0,0,2174,0,0,0,2082,0,0,0,1442,0,0,1639,1442,1553,0,1989,0,0,0,0,0,1888,0,1634,2207,0,0,0,0,0,0,2498,2012,2080,1893,0,769,0,2200,0,0,0,0,0,0,2399,1918,1958,0,0,0,0,769,0,1867,1983,2031,0,2144,0]","[1539,769,1539,769,384,1539,1539,1539,384,769,769,1539,769,1539,769,384,769,384,1539,769,1539,769,1539,1539,1539,384,769,384,384,769,769,1539,769,769,769,384,384,769,384,769,769,1539,769,769,1539,1539,769,769,769,384,384,384,1539,769,769,1539,769,769,384,384,769,769,769,1539]","[192,0,128,192,192,256,128,64,64,64,256,64,0,192,64,128,-64,0,128,128,192,128,192,-64,0,64,192,64,192,64,320,-64,192,192,192,256,128,192,0,192,0,0,192,192,-64,128,320,192,320,192,64,128,192,192,128,128,256,128,64,128,192,192,0,256]","[192,0,128,192,192,256,128,64,64,64,256,64,0,192,64,128,-64,0,128,128,192,128,192,-64,0,64,192,64,192,64,320,-64,192,192,192,256,128,192,0,192,0,0,192,192,-64,128,320,192,320,192,64,128,192,192,128,128,256,128,64,128,192,192,0,256]","[1731,1442,1667,961,2479,1795,1667,1603,2270,833,1025,1603,2031,1731,833,1947,1967,1743,1667,2638,1731,897,1731,1475,1539,2100,961,1878,2508,833,1089,1475,961,961,961,2826,2273,2781,2041,961,1442,1539,2886,961,1475,1667,1089,961,1089,2676,2127,2226,1731,961,897,1667,1698,897,2082,2248,2739,961,2645,1795]","[1731,1442,1667,961,2479,1795,1667,1603,2270,833,1025,1603,2031,1731,833,1947,1967,1743,1667,2638,1731,897,1731,1475,1539,2100,961,1878,2508,833,1089,1475,961,961,961,2826,2273,2781,2041,961,1442,1539,2886,961,1475,1667,1089,961,1089,2676,2127,2226,1731,961,897,1667,1698,897,2082,2248,2739,961,2645,1795]","[""0"",""0"",""0"",""0"",""0"",""0"",""0"",""0"",""0"",""0"",""0"",""0"",""0"",""0"",""0"",""0"",""0"",""0"",""0"",""1"",""0"",""0"",""0"",""0"",""0"",""0"",""0"",""0"",""0"",""0"",""0"",""0"",""0"",""0"",""0"",""1"",""0"",""1"",""0"",""0"",""0"",""0"",""1"",""0"",""0"",""0"",""0"",""0"",""0"",""1"",""0"",""0"",""0"",""0"",""0"",""0"",""0"",""0"",""0"",""0"",""1"",""0"",""1"",""0""]","[1731,1442,1667,961,2479,1795,1667,1603,2270,833,1025,1603,2031,1731,833,1947,1967,1743,1667,0,1731,897,1731,1475,1539,2100,961,1878,2508,833,1089,1475,961,961,961,0,2273,0,2041,961,1442,1539,0,961,1475,1667,1089,961,1089,0,2127,2226,1731,961,897,1667,1698,897,2082,2248,0,961,0,1795]","[8,3,8,4,1,8,8,8,1,4,4,8,3,8,4,1,3,1,8,4,8,4,8,8,8,1,4,1,1,4,4,8,4,4,4,2,1,4,1,4,3,8,4,4,8,8,4,4,4,2,1,1,8,4,4,8,4,4,1,1,4,4,4,8]"
4,validation_0000,validation,17,513,"[1731,1442,1667,961,2479,1795,1667,1603,2270,833,1025,1603,2031,1731,833,1947,1967,1743,1667,0,1731,897,1731,1475,1539,2100,961,1878,2508,833,1089,1475,961,961,961,0,2273,0,2041,961,1442,1539,0,961,1475,1667,1089,961,1089,0,2127,2226,1731,961,897,1667,1698,897,2082,2248,0,961,0,1795]","[1539,769,1539,769,384,1539,1539,1539,384,769,769,1539,769,1539,769,384,769,384,1539,769,1539,769,1539,1539,1539,384,769,384,384,769,769,1539,769,769,769,384,384,769,384,769,769,1539,769,769,1539,1539,769,769,769,384,384,384,1539,769,769,1539,769,769,384,384,769,769,769,1539]","[-64,64,0,0,0,64,64,0,0,64,0,64,0,0,64,0,0,0,64,-128,64,0,64,0,-64,64,0,0,128,128,0,0,-64,0,-64,128,64,64,192,0,0,-64,64,0,0,128,64,-64,0,128,192,0,-128,64,0,64,192,0,64,64,64,0,64,0]","[-64,64,0,0,0,64,64,0,0,64,0,64,0,0,64,0,0,0,64,-128,64,0,64,0,-64,64,0,0,128,128,0,0,-64,0,-64,128,64,64,192,0,0,-64,64,0,0,128,64,-64,0,128,192,0,-128,64,0,64,192,0,64,64,64,0,64,0]","[2990,2095,2998,1610,2554,3174,3062,2942,2371,1562,1666,3006,2547,3054,1562,2088,2491,1910,3062,641,3118,1554,3118,2830,2822,2286,1610,2028,2707,1626,1722,2830,1546,1610,1546,512,2437,833,2362,1610,2031,2822,833,1610,2830,3126,1786,1546,1722,512,2438,2332,2926,1674,1554,3062,2447,1554,2270,2415,833,1610,833,3110]","[2990,2095,2998,1610,2554,3174,3062,2942,2371,1562,1666,3006,2547,3054,1562,2088,2491,1910,3062,641,3118,1554,3118,2830,2822,2286,1610,2028,2707,1626,1722,2830,1546,1610,1546,512,2437,833,2362,1610,2031,2822,833,1610,2830,3126,1786,1546,1722,512,2438,2332,2926,1674,1554,3062,2447,1554,2270,2415,833,1610,833,3110]","[""1"",""0"",""1"",""0"",""0"",""1"",""1"",""1"",""0"",""0"",""0"",""1"",""0"",""1"",""0"",""0"",""0"",""0"",""1"",""0"",""1"",""0"",""1"",""1"",""1"",""0"",""0"",""0"",""1"",""0"",""0"",""1"",""0"",""0"",""0"",""0"",""0"",""0"",""0"",""0"",""0"",""1"",""0"",""0"",""1"",""1"",""0"",""0"",""0"",""0"",""0"",""0"",""1"",""0"",""0"",""1"",""0"",""0"",""0"",""0"",""0"",""0"",""0"",""1""]","[0,2095,0,1610,2554,0,0,0,2371,1562,1666,0,2547,0,1562,2088,2491,1910,0,641,0,1554,0,0,0,2286,1610,2028,0,1626,1722,0,1546,1610,1546,512,2437,833,2362,1610,2031,0,833,1610,0,0,1786,1546,1722,512,2438,2332,0,1674,1554,0,2447,1554,2270,2415,833,1610,833,0]","[9,3,9,4,1,9,9,9,1,4,4,9,3,9,4,1,3,1,9,4,9,4,9,9,9,1,4,1,2,4,4,9,4,4,4,2,1,4,1,4,3,9,4,4,9,9,4,4,4,2,1,1,9,4,4,9,4,4,1,1,4,4,4,9]"
4,validation_0000,validation,18,514,"[0,2095,0,1610,2554,0,0,0,2371,1562,1666,0,2547,0,1562,2088,2491,1910,0,641,0,1554,0,0,0,2286,1610,2028,0,1626,1722,0,1546,1610,1546,512,2437,833,2362,1610,2031,0,833,1610,0,0,1786,1546,1722,512,2438,2332,0,1674,1554,0,2447,1554,2270,2415,833,1610,833,0]","[1542,771,1542,771,385,1542,1542,1542,385,771,771,1542,771,1542,771,385,771,385,1542,771,1542,771,1542,1542,1542,385,771,385,385,771,771,1542,771,771,771,385,385,771,385,771,771,1542,771,771,1542,1542,771,771,771,385,385,385,1542,771,771,1542,771,771,385,385,771,771,771,1542]","[128,-128,0,64,64,128,128,0,128,64,192,192,0,192,64,128,-64,64,0,64,64,128,128,-128,0,0,64,64,64,128,64,-64,64,128,256,128,64,0,64,128,-64,-64,0,128,0,128,128,128,64,128,-64,128,0,128,64,0,256,64,128,64,0,256,0,0]","[128,-128,0,64,64,128,128,0,128,64,192,192,0,192,64,128,-64,64,0,64,64,128,128,-128,0,0,64,64,64,128,64,-64,64,128,256,128,64,0,64,128,-64,-64,0,128,0,128,128,128,64,128,-64,128,0,128,64,0,256,64,128,64,0,256,0,0]","[1670,2477,1542,2244,2684,1670,1670,1542,2588,2202,2421,1734,3000,1734,2202,2340,2887,2121,1542,1396,1606,2259,1670,1414,1542,2386,2244,2224,449,2322,2342,1478,2188,2308,2380,961,2582,1500,2516,2308,2485,1478,1500,2308,1542,1670,2462,2252,2342,961,2455,2554,1542,2364,2195,1542,3169,2195,2500,2563,1500,2436,1500,1542]","[1670,2477,1542,2244,2684,1670,1670,1542,2588,2202,2421,1734,3000,1734,2202,2340,2887,2121,1542,1396,1606,2259,1670,1414,1542,2386,2244,2224,449,2322,2342,1478,2188,2308,2380,961,2582,1500,2516,2308,2485,1478,1500,2308,1542,1670,2462,2252,2342,961,2455,2554,1542,2364,2195,1542,3169,2195,2500,2563,1500,2436,1500,1542]","[""0"",""0"",""0"",""0"",""1"",""0"",""0"",""0"",""1"",""0"",""0"",""0"",""1"",""0"",""0"",""0"",""1"",""0"",""0"",""0"",""0"",""0"",""0"",""0"",""0"",""0"",""0"",""0"",""0"",""0"",""0"",""0"",""0"",""0"",""0"",""0"",""1"",""0"",""0"",""0"",""0"",""0"",""0"",""0"",""0"",""0"",""0"",""0"",""0"",""0"",""0"",""0"",""0"",""0"",""0"",""0"",""1"",""0"",""0"",""1"",""0"",""0"",""0"",""0""]","[1670,2477,1542,2244,0,1670,1670,1542,0,2202,2421,1734,0,1734,2202,2340,0,2121,1542,1396,1606,2259,1670,1414,1542,2386,2244,2224,449,2322,2342,1478,2188,2308,2380,961,0,1500,2516,2308,2485,1478,1500,2308,1542,1670,2462,2252,2342,961,2455,2554,1542,2364,2195,1542,0,2195,2500,0,1500,2436,1500,1542]","[9,3,9,4,2,9,9,9,2,4,4,9,4,9,4,1,4,1,9,4,9,4,9,9,9,1,4,1,2,4,4,9,4,4,4,2,2,4,1,4,3,9,4,4,9,9,4,4,4,2,1,1,9,4,4,9,5,4,1,2,4,4,4,9]"
4,validation_0000,validation,19,516,"[1670,2477,1542,2244,0,1670,1670,1542,0,2202,2421,1734,0,1734,2202,2340,0,2121,1542,1396,1606,2259,1670,1414,1542,2386,2244,2224,449,2322,2342,1478,2188,2308,2380,961,0,1500,2516,2308,2485,1478,1500,2308,1542,1670,2462,2252,2342,961,2455,2554,1542,2364,2195,1542,0,2195,2500,0,1500,2436,1500,1542]","[1548,774,1548,774,387,1548,1548,1548,387,774,774,1548,774,1548,774,387,774,387,1548,774,1548,774,1548,1548,1548,387,774,387,387,774,774,1548,774,774,774,387,387,774,387,774,774,1548,774,774,1548,1548,774,774,774,387,387,387,1548,774,774,1548,774,774,387,387,774,774,774,1548]","[64,-64,64,-64,64,0,64,0,64,0,-64,0,128,0,0,-64,64,128,-64,64,0,0,0,0,128,128,0,0,0,64,0,0,64,64,0,64,64,0,64,64,0,0,64,64,64,0,0,0,0,64,64,64,128,0,64,0,0,0,128,64,64,0,64,-64]","[64,-64,64,-64,64,0,64,0,64,0,-64,0,128,0,0,-64,64,128,-64,64,0,0,0,0,128,128,0,0,0,64,0,0,64,64,0,64,64,0,64,64,0,0,64,64,64,0,0,0,0,64,64,64,128,0,64,0,0,0,128,64,64,0,64,-64]","[3074,2878,2962,2674,451,3010,3074,2898,451,2701,2829,3066,902,3066,2701,2371,838,2371,2834,2060,2954,2751,3010,2786,3026,2603,2738,2333,780,2870,2824,2842,2753,2858,2857,1292,451,2087,2653,2858,2949,2842,2151,2858,2962,3010,2929,2745,2824,1292,2600,2686,3026,2843,2759,2898,774,2695,2703,451,2151,2906,2151,2834]","[3074,2878,2962,2674,451,3010,3074,2898,451,2701,2829,3066,902,3066,2701,2371,838,2371,2834,2060,2954,2751,3010,2786,3026,2603,2738,2333,780,2870,2824,2842,2753,2858,2857,1292,451,2087,2653,2858,2949,2842,2151,2858,2962,3010,2929,2745,2824,1292,2600,2686,3026,2843,2759,2898,774,2695,2703,451,2151,2906,2151,2834]","[""1"",""1"",""1"",""1"",""0"",""1"",""1"",""1"",""0"",""1"",""1"",""1"",""0"",""1"",""1"",""0"",""0"",""0"",""1"",""0"",""1"",""1"",""1"",""1"",""1"",""1"",""1"",""0"",""0"",""1"",""1"",""1"",""1"",""1"",""1"",""0"",""0"",""0"",""1"",""1"",""1"",""1"",""0"",""1"",""1"",""1"",""1"",""1"",""1"",""0"",""1"",""1"",""1"",""1"",""1"",""1"",""0"",""1"",""1"",""0"",""0"",""1"",""0"",""1""]","[0,0,0,0,451,0,0,0,451,0,0,0,902,0,0,2371,838,2371,0,2060,0,0,0,0,0,0,0,2333,780,0,0,0,0,0,0,1292,451,2087,0,0,0,0,2151,0,0,0,0,0,0,1292,0,0,0,0,0,0,774,0,0,451,2151,0,2151,0]","[10,4,10,5,2,10,10,10,2,5,5,10,4,10,5,1,4,1,10,4,10,5,10,10,10,2,5,1,2,5,5,10,5,5,5,2,2,4,2,5,4,10,4,5,10,10,5,5,5,2,2,2,10,5,5,10,5,5,2,2,4,5,4,10]"
5,validation_0001,validation,0,518,"[0,0,0,0,0,0,0,0,0,0,0,0,0,0,0,0,0,0,0,0,0,0,0,0,0,0,0,0,0,0,0,0,0,0,0,0,0,0,0,0,0,0,0,0,0,0,0,0,0,0,0,0,0,0,0,0,0,0,0,0,0,0,0,0]","[1554,777,1554,777,388,1554,1554,1554,388,777,777,1554,777,1554,777,388,777,388,1554,777,1554,777,1554,1554,1554,388,777,388,388,777,777,1554,777,777,777,388,388,777,388,777,777,1554,777,777,1554,1554,777,777,777,388,388,388,1554,777,777,1554,777,777,388,388,777,777,777,1554]","[0,0,0,0,0,0,0,0,0,0,0,0,0,0,0,0,0,0,0,0,0,0,0,0,0,0,0,0,0,0,0,0,0,0,0,0,0,0,0,0,0,0,0,0,0,0,0,0,0,0,0,0,0,0,0,0,0,0,0,0,0,0,0,0]","[0,0,0,0,0,0,0,0,0,0,0,0,0,0,0,0,0,0,0,0,0,0,0,0,0,0,0,0,0,0,0,0,0,0,0,0,0,0,0,0,0,0,0,0,0,0,0,0,0,0,0,0,0,0,0,0,0,0,0,0,0,0,0,0]","[1554,777,1554,777,388,1554,1554,1554,388,777,777,1554,777,1554,777,388,777,388,1554,777,1554,777,1554,1554,1554,388,777,388,388,777,777,1554,777,777,777,388,388,777,388,777,777,1554,777,777,1554,1554,777,777,777,388,388,388,1554,777,777,1554,777,777,388,388,777,777,777,1554]","[1554,777,1554,777,388,1554,1554,1554,388,777,777,1554,777,1554,777,388,777,388,1554,777,1554,777,1554,1554,1554,388,777,388,388,777,777,1554,777,777,777,388,388,777,388,777,777,1554,777,777,1554,1554,777,777,777,388,388,388,1554,777,777,1554,777,777,388,388,777,777,777,1554]","[""0"",""0"",""0"",""0"",""0"",""0"",""0"",""0"",""0"",""0"",""0"",""0"",""0"",""0"",""0"",""0"",""0"",""0"",""0"",""0"",""0"",""0"",""0"",""0"",""0"",""0"",""0"",""0"",""0"",""0"",""0"",""0"",""0"",""0"",""0"",""0"",""0"",""0"",""0"",""0"",""0"",""0"",""0"",""0"",""0"",""0"",""0"",""0"",""0"",""0"",""0"",""0"",""0"",""0"",""0"",""0"",""0"",""0"",""0"",""0"",""0"",""0"",""0"",""0""]","[1554,777,1554,777,388,1554,1554,1554,388,777,777,1554,777,1554,777,388,777,388,1554,777,1554,777,1554,1554,1554,388,777,388,388,777,777,1554,777,777,777,388,388,777,388,777,777,1554,777,777,1554,1554,777,777,777,388,388,388,1554,777,777,1554,777,777,388,388,777,777,777,1554]","[0,0,0,0,0,0,0,0,0,0,0,0,0,0,0,0,0,0,0,0,0,0,0,0,0,0,0,0,0,0,0,0,0,0,0,0,0,0,0,0,0,0,0,0,0,0,0,0,0,0,0,0,0,0,0,0,0,0,0,0,0,0,0,0]"
5,validation_0001,validation,1,518,"[1554,777,1554,777,388,1554,1554,1554,388,777,777,1554,777,1554,777,388,777,388,1554,777,1554,777,1554,1554,1554,388,777,388,388,777,777,1554,777,777,777,388,388,777,388,777,777,1554,777,777,1554,1554,777,777,777,388,388,388,1554,777,777,1554,777,777,388,388,777,777,777,1554]","[1554,777,1554,777,388,1554,1554,1554,388,777,777,1554,777,1554,777,388,777,388,1554,777,1554,777,1554,1554,1554,388,777,388,388,777,777,1554,777,777,777,388,388,777,388,777,777,1554,777,777,1554,1554,777,777,777,388,388,388,1554,777,777,1554,777,777,388,388,777,777,777,1554]","[0,0,0,0,0,0,0,0,0,0,0,0,0,0,0,0,0,0,0,0,0,0,0,0,0,0,0,0,0,0,0,0,0,0,0,0,0,0,0,0,0,0,0,0,0,0,0,0,0,0,0,0,0,0,0,0,0,0,0,0,0,0,0,0]","[0,0,0,0,0,0,0,0,0,0,0,0,0,0,0,0,0,0,0,0,0,0,0,0,0,0,0,0,0,0,0,0,0,0,0,0,0,0,0,0,0,0,0,0,0,0,0,0,0,0,0,0,0,0,0,0,0,0,0,0,0,0,0,0]","[2914,1457,2914,1457,728,2914,2914,2914,728,1457,1457,2914,1457,2914,1457,728,1457,728,2914,1457,2914,1457,2914,2914,2914,728,1457,728,728,1457,1457,2914,1457,1457,1457,728,728,1457,728,1457,1457,2914,1457,1457,2914,2914,1457,1457,1457,728,728,728,2914,1457,1457,2914,1457,1457,728,728,1457,1457,1457,2914]","[2914,1457,2914,1457,728,2914,2914,2914,728,1457,1457,2914,1457,2914,1457,728,1457,728,2914,1457,2914,1457,2914,2914,2914,728,1457,728,728,1457,1457,2914,1457,1457,1457,728,728,1457,728,1457,1457,2914,1457,1457,2914,2914,1457,1457,1457,728,728,728,2914,1457,1457,2914,1457,1457,728,728,1457,1457,1457,2914]","[""1"",""0"",""1"",""0"",""0"",""1"",""1"",""1"",""0"",""0"",""0"",""1"",""0"",""1"",""0"",""0"",""0"",""0"",""1"",""0"",""1"",""0"",""1"",""1"",""1"",""0"",""0"",""0"",""0"",""0"",""0"",""1"",""0"",""0"",""0"",""0"",""0"",""0"",""0"",""0"",""0"",""1"",""0"",""0"",""1"",""1"",""0"",""0"",""0"",""0"",""0"",""0"",""1"",""0"",""0"",""1"",""0"",""0"",""0"",""0"",""0"",""0"",""0"",""1""]","[0,1457,0,1457,728,0,0,0,728,1457,1457,0,1457,0,1457,728,1457,728,0,1457,0,1457,0,0,0,728,1457,728,728,1457,1457,0,1457,1457,1457,728,728,1457,728,1457,1457,0,1457,1457,0,0,1457,1457,1457,728,728,728,0,1457,1457,0,1457,1457,728,728,1457,1457,1457,0]","[1,0,1,0,0,1,1,1,0,0,0,1,0,1,0,0,0,0,1,0,1,0,1,1,1,0,0,0,0,0,0,1,0,0,0,0,0,0,0,0,0,1,0,0,1,1,0,0,0,0,0,0,1,0,0,1,0,0,0,0,0,0,0,1]"
5,validation_0001,validation,2,518,"[0,1457,0,1457,728,0,0,0,728,1457,1457,0,1457,0,1457,728,1457,728,0,1457,0,1457,0,0,0,728,1457,728,728,1457,1457,0,1457,1457,1457,728,728,1457,728,1457,1457,0,1457,1457,0,0,1457,1457,1457,728,728,728,0,1457,1457,0,1457,1457,728,728,1457,1457,1457,0]","[1554,777,1554,777,388,1554,1554,1554,388,777,777,1554,777,1554,777,388,777,388,1554,777,1554,777,1554,1554,1554,388,777,388,388,777,777,1554,777,777,777,388,388,777,388,777,777,1554,777,777,1554,1554,777,777,777,388,388,388,1554,777,777,1554,777,777,388,388,777,777,777,1554]","[128,-128,0,64,64,64,128,0,128,64,192,128,0,192,64,128,-64,64,0,0,64,128,128,-128,0,0,64,64,64,64,64,-64,64,128,256,128,64,0,64,128,-64,-64,0,128,0,128,128,128,64,128,-64,128,0,128,64,0,256,64,64,64,0,192,0,0]","[128,-128,0,64,64,64,128,0,128,64,192,128,0,192,64,128,-64,64,0,0,64,128,128,-128,0,0,64,64,64,64,64,-64,64,128,256,128,64,0,64,128,-64,-64,0,128,0,128,128,128,64,128,-64,128,0,128,64,0,256,64,64,64,0,192,0,0]","[1682,1924,1554,2116,1089,1618,1682,1554,1153,2116,2244,1682,2052,1746,2116,1153,1988,1089,1554,2052,1618,2180,1682,1426,1554,1025,2116,1089,1089,2116,2116,1490,2116,2180,2308,1153,1089,2052,1089,2180,1988,1490,2052,2180,1554,1682,2180,2180,2116,1153,961,1153,1554,2180,2116,1554,2308,2116,1089,1089,2052,2244,2052,1554]","[1682,1924,1554,2116,1089,1618,1682,1554,1153,2116,2244,1682,2052,1746,2116,1153,1988,1089,1554,2052,1618,2180,1682,1426,1554,1025,2116,1089,1089,2116,2116,1490,2116,2180,2308,1153,1089,2052,1089,2180,1988,1490,2052,2180,1554,1682,2180,2180,2116,1153,961,1153,1554,2180,2116,1554,2308,2116,1089,1089,2052,2244,2052,1554]","[""0"",""0"",""0"",""0"",""0"",""0"",""0"",""0"",""0"",""0"",""0"",""0"",""0"",""0"",""0"",""0"",""0"",""0"",""0"",""0"",""0"",""0"",""0"",""0"",""0"",""0"",""0"",""0"",""0"",""0"",""0"",""0"",""0"",""0"",""0"",""0"",""0"",""0"",""0"",""0"",""0"",""0"",""0"",""0"",""0"",""0"",""0"",""0"",""0"",""0"",""0"",""0"",""0"",""0"",""0"",""0"",""0"",""0"",""0"",""0"",""0"",""0"",""0"",""0""]","[1682,1924,1554,2116,1089,1618,1682,1554,1153,2116,2244,1682,2052,1746,2116,1153,1988,1089,1554,2052,1618,2180,1682,1426,1554,1025,2116,1089,1089,2116,2116,1490,2116,2180,2308,1153,1089,2052,1089,2180,1988,1490,2052,2180,1554,1682,2180,2180,2116,1153,961,1153,1554,2180,2116,1554,2308,2116,1089,1089,2052,2244,2052,1554]","[1,0,1,0,0,1,1,1,0,0,0,1,0,1,0,0,0,0,1,0,1,0,1,1,1,0,0,0,0,0,0,1,0,0,0,0,0,0,0,0,0,1,0,0,1,1,0,0,0,0,0,0,1,0,0,1,0,0,0,0,0,0,0,1]"
5,validation_0001,validation,3,517,"[1682,1924,1554,2116,1089,1618,1682,1554,1153,2116,2244,1682,2052,1746,2116,1153,1988,1089,1554,2052,1618,2180,1682,1426,1554,1025,2116,1089,1089,2116,2116,1490,2116,2180,2308,1153,1089,2052,1089,2180,1988,1490,2052,2180,1554,1682,2180,2180,2116,1153,961,1153,1554,2180,2116,1554,2308,2116,1089,1089,2052,2244,2052,1554]","[1551,775,1551,775,387,1551,1551,1551,387,775,775,1551,775,1551,775,387,775,387,1551,775,1551,775,1551,1551,1551,387,775,387,387,775,775,1551,775,775,775,387,387,775,387,775,775,1551,775,775,1551,1551,775,775,775,387,387,387,1551,775,775,1551,775,775,387,387,775,775,775,1551]","[0,0,0,0,0,0,0,0,0,0,0,0,0,0,0,0,0,0,0,0,0,0,0,0,0,0,0,0,0,0,0,0,0,0,0,0,0,0,0,0,0,0,0,0,0,0,0,0,0,0,0,0,0,0,0,0,0,0,0,0,0,0,0,0]","[0,0,0,0,0,0,0,0,0,0,0,0,0,0,0,0,0,0,0,0,0,0,0,0,0,0,0,0,0,0,0,0,0,0,0,0,0,0,0,0,0,0,0,0,0,0,0,0,0,0,0,0,0,0,0,0,0,0,0,0,0,0,0,0]","[3023,2459,2911,2627,1340,2967,3023,2911,1396,2627,2739,3023,2571,3079,2627,1396,2515,1340,2911,2571,2967,2683,3023,2799,2911,1284,2627,1340,1340,2627,2627,2855,2627,2683,2795,1396,1340,2571,1340,2683,2515,2855,2571,2683,2911,3023,2683,2683,2627,1396,1228,1396,2911,2683,2627,2911,2795,2627,1340,1340,2571,2739,2571,2911]","[3023,2459,2911,2627,1340,2967,3023,2911,1396,2627,2739,3023,2571,3079,2627,1396,2515,1340,2911,2571,2967,2683,3023,2799,2911,1284,2627,1340,1340,2627,2627,2855,2627,2683,2795,1396,1340,2571,1340,2683,2515,2855,2571,2683,2911,3023,2683,2683,2627,1396,1228,1396,2911,2683,2627,2911,2795,2627,1340,1340,2571,2739,2571,2911]","[""1"",""0"",""1"",""1"",""0"",""1"",""1"",""1"",""0"",""1"",""1"",""1"",""1"",""1"",""1"",""0"",""0"",""0"",""1"",""1"",""1"",""1"",""1"",""1"",""1"",""0"",""1"",""0"",""0"",""1"",""1"",""1"",""1"",""1"",""1"",""0"",""0"",""1"",""0"",""1"",""0"",""1"",""1"",""1"",""1"",""1"",""1"",""1"",""1"",""0"",""0"",""0"",""1"",""1"",""1"",""1"",""1"",""1"",""0"",""0"",""1"",""1"",""1"",""1""]","[0,2459,0,0,1340,0,0,0,1396,0,0,0,0,0,0,1396,2515,1340,0,0,0,0,0,0,0,1284,0,1340,1340,0,0,0,0,0,0,1396,1340,0,1340,0,2515,0,0,0,0,0,0,0,0,1396,1228,1396,0,0,0,0,0,0,1340,1340,0,0,0,0]","[2,0,2,1,0,2,2,2,0,1,1,2,1,2,1,0,0,0,2,1,2,1,2,2,2,0,1,0,0,1,1,2,1,1,1,0,0,1,0,1,0,2,1,1,2,2,1,1,1,0,0,0,2,1,1,2,1,1,0,0,1,1,1,2]"
5,validation_0001,validation,4,517,"[0,2459,0,0,1340,0,0,0,1396,0,0,0,0,0,0,1396,2515,1340,0,0,0,0,0,0,0,1284,0,1340,1340,0,0,0,0,0,0,1396,1340,0,1340,0,2515,0,0,0,0,0,0,0,0,1396,1228,1396,0,0,0,0,0,0,1340,1340,0,0,0,0]","[1551,775,1551,775,387,1551,1551,1551,387,775,775,1551,775,1551,775,387,775,387,1551,775,1551,775,1551,1551,1551,387,775,387,387,775,775,1551,775,775,775,387,387,775,387,775,775,1551,775,775,1551,1551,775,775,775,387,387,387,1551,775,775,1551,775,775,387,387,775,775,775,1551]","[128,0,192,256,192,320,192,128,128,128,256,128,0,192,128,128,0,0,192,0,192,192,256,-64,-64,192,128,64,320,192,320,-64,128,256,192,384,192,256,192,192,0,-64,320,256,-64,256,384,128,384,320,256,128,64,192,128,192,384,128,128,192,192,128,128,256]","[128,0,192,256,192,320,192,128,128,128,256,128,0,192,128,128,0,0,192,0,192,192,256,-64,-64,192,128,64,320,192,320,-64,128,256,192,384,192,256,192,192,0,-64,320,256,-64,256,384,128,384,320,256,128,64,192,128,192,384,128,128,192,192,128,128,256]","[1679,2927,1743,1031,1752,1871,1743,1679,1737,903,1031,1679,775,1743,903,1737,2976,1560,1743,775,1743,967,1807,1487,1487,1703,903,1624,1880,967,1095,1487,903,1031,967,1993,1752,1031,1752,967,2976,1487,1095,1031,1487,1807,1159,903,1159,1929,1718,1737,1615,967,903,1743,1159,903,1688,1752,967,903,903,1807]","[1679,2927,1743,1031,1752,1871,1743,1679,1737,903,1031,1679,775,1743,903,1737,2976,1560,1743,775,1743,967,1807,1487,1487,1703,903,1624,1880,967,1095,1487,903,1031,967,1993,1752,1031,1752,967,2976,1487,1095,1031,1487,1807,1159,903,1159,1929,1718,1737,1615,967,903,1743,1159,903,1688,1752,967,903,903,1807]","[""0"",""1"",""0"",""0"",""0"",""0"",""0"",""0"",""0"",""0"",""0"",""0"",""0"",""0"",""0"",""0"",""1"",""0"",""0"",""0"",""0"",""0"",""0"",""0"",""0"",""0"",""0"",""0"",""0"",""0"",""0"",""0"",""0"",""0"",""0"",""0"",""0"",""0"",""0"",""0"",""1"",""0"",""0"",""0"",""0"",""0"",""0"",""0"",""0"",""0"",""0"",""0"",""0"",""0"",""0"",""0"",""0"",""0"",""0"",""0"",""0"",""0"",""0"",""0""]","[1679,0,1743,1031,1752,1871,1743,1679,1737,903,1031,1679,775,1743,903,1737,0,1560,1743,775,1743,967,1807,1487,1487,1703,903,1624,1880,967,1095,1487,903,1031,967,1993,1752,1031,1752,967,0,1487,1095,1031,1487,1807,1159,903,1159,1929,1718,1737,1615,967,903,1743,1159,903,1688,1752,967,903,903,1807]","[2,1,2,1,0,2,2,2,0,1,1,2,1,2,1,0,1,0,2,1,2,1,2,2,2,0,1,0,0,1,1,2,1,1,1,0,0,1,0,1,1,2,1,1,2,2,1,1,1,0,0,0,2,1,1,2,1,1,0,0,1,1,1,2]"
5,validation_0001,validation,5,517,"[1679,0,1743,1031,1752,1871,1743,1679,1737,903,1031,1679,775,1743,903,1737,0,1560,1743,775,1743,967,1807,1487,1487,1703,903,1624,1880,967,1095,1487,903,1031,967,1993,1752,1031,1752,967,0,1487,1095,1031,1487,1807,1159,903,1159,1929,1718,1737,1615,967,903,1743,1159,903,1688,1752,967,903,903,1807]","[1551,775,1551,775,387,1551,1551,1551,387,775,775,1551,775,1551,775,387,775,387,1551,775,1551,775,1551,1551,1551,387,775,387,387,775,775,1551,775,775,775,387,387,775,387,775,775,1551,775,775,1551,1551,775,775,775,387,387,387,1551,775,775,1551,775,775,387,387,775,775,775,1551]","[0,0,0,-64,64,0,0,0,0,64,0,0,0,0,64,-64,0,0,0,64,0,0,0,0,64,0,0,0,0,0,0,0,64,0,64,64,64,0,0,0,0,0,64,0,-64,64,0,0,64,0,0,0,-64,0,0,0,0,0,0,0,0,0,0,0]","[0,0,0,-64,64,0,0,0,0,64,0,0,0,0,64,-64,0,0,0,64,0,0,0,0,64,0,0,0,0,0,0,0,64,0,64,64,64,0,0,0,0,0,64,0,-64,64,0,0,64,0,0,0,-64,0,0,0,0,0,0,0,0,0,0,0]","[3021,775,3077,1614,1984,3189,3077,3021,1907,1630,1678,3021,1454,3077,1630,1843,775,1752,3077,1518,3077,1622,3133,2853,2917,1878,1566,1808,2032,1622,1734,2853,1630,1678,1686,2195,1984,1678,1920,1622,775,2853,1798,1678,2789,3197,1790,1566,1854,2075,1891,1907,2901,1622,1566,3077,1790,1566,1864,1920,1622,1566,1566,3133]","[3021,775,3077,1614,1984,3189,3077,3021,1907,1630,1678,3021,1454,3077,1630,1843,775,1752,3077,1518,3077,1622,3133,2853,2917,1878,1566,1808,2032,1622,1734,2853,1630,1678,1686,2195,1984,1678,1920,1622,775,2853,1798,1678,2789,3197,1790,1566,1854,2075,1891,1907,2901,1622,1566,3077,1790,1566,1864,1920,1622,1566,1566,3133]","[""1"",""0"",""1"",""0"",""0"",""1"",""1"",""1"",""0"",""0"",""0"",""1"",""0"",""1"",""0"",""0"",""0"",""0"",""1"",""0"",""1"",""0"",""1"",""1"",""1"",""0"",""0"",""0"",""0"",""0"",""0"",""1"",""0"",""0"",""0"",""0"",""0"",""0"",""0"",""0"",""0"",""1"",""0"",""0"",""1"",""1"",""0"",""0"",""0"",""0"",""0"",""0"",""1"",""0"",""0"",""1"",""0"",""0"",""0"",""0"",""0"",""0"",""0"",""1""]","[0,775,0,1614,1984,0,0,0,1907,1630,1678,0,1454,0,1630,1843,775,1752,0,1518,0,1622,0,0,0,1878,1566,1808,2032,1622,1734,0,1630,1678,1686,2195,1984,1678,1920,1622,775,0,1798,1678,0,0,1790,1566,1854,2075,1891,1907,0,1622,1566,0,1790,1566,1864,1920,1622,1566,1566,0]","[3,1,3,1,0,3,3,3,0,1,1,3,1,3,1,0,1,0,3,1,3,1,3,3,3,0,1,0,0,1,1,3,1,1,1,0,0,1,0,1,1,3,1,1,3,3,1,1,1,0,0,0,3,1,1,3,1,1,0,0,1,1,1,3]"
5,validation_0001,validation,6,515,"[0,775,0,1614,1984,0,0,0,1907,1630,1678,0,1454,0,1630,1843,775,1752,0,1518,0,1622,0,0,0,1878,1566,1808,2032,1622,1734,0,1630,1678,1686,2195,1984,1678,1920,1622,775,0,1798,1678,0,0,1790,1566,1854,2075,1891,1907,0,1622,1566,0,1790,1566,1864,1920,1622,1566,1566,0]","[1545,772,1545,772,386,1545,1545,1545,386,772,772,1545,772,1545,772,386,772,386,1545,772,1545,772,1545,1545,1545,386,772,386,386,772,772,1545,772,772,772,386,386,772,386,772,772,1545,772,772,1545,1545,772,772,772,386,386,386,1545,772,772,1545,772,772,386,386,772,772,772,1545]","[128,-128,0,64,64,64,128,0,128,64,192,128,0,192,64,128,-64,64,0,0,64,128,128,-128,0,0,64,64,64,64,64,-64,64,128,256,128,64,0,64,128,-64,-64,0,128,0,128,128,128,64,128,-64,128,0,128,64,0,256,64,64,64,0,192,0,0]","[128,-128,0,64,64,64,128,0,128,64,192,128,0,192,64,128,-64,64,0,0,64,128,128,-128,0,0,64,64,64,64,64,-64,64,128,256,128,64,0,64,128,-64,-64,0,128,0,128,128,128,64,128,-64,128,0,128,64,0,256,64,64,64,0,192,0,0]","[1673,1323,1545,2249,2186,1609,1673,1545,2183,2263,2433,1673,2045,1737,2263,2127,1387,1983,1545,2101,1609,2320,1673,1417,1545,2030,2207,2032,2228,2256,2354,1481,2263,2369,2504,2435,2186,2241,2130,2320,1387,1481,2346,2369,1545,1673,2467,2271,2459,2330,1977,2183,1545,2320,2207,1545,2595,2207,2081,2130,2192,2335,2143,1545]","[1673,1323,1545,2249,2186,1609,1673,1545,2183,2263,2433,1673,2045,1737,2263,2127,1387,1983,1545,2101,1609,2320,1673,1417,1545,2030,2207,2032,2228,2256,2354,1481,2263,2369,2504,2435,2186,2241,2130,2320,1387,1481,2346,2369,1545,1673,2467,2271,2459,2330,1977,2183,1545,2320,2207,1545,2595,2207,2081,2130,2192,2335,2143,1545]","[""0"",""0"",""0"",""0"",""0"",""0"",""0"",""0"",""0"",""0"",""0"",""0"",""0"",""0"",""0"",""0"",""0"",""0"",""0"",""0"",""0"",""0"",""0"",""0"",""0"",""0"",""0"",""0"",""0"",""0"",""0"",""0"",""0"",""0"",""0"",""0"",""0"",""0"",""0"",""0"",""0"",""0"",""0"",""0"",""0"",""0"",""0"",""0"",""0"",""0"",""0"",""0"",""0"",""0"",""0"",""0"",""1"",""0"",""0"",""0"",""0"",""0"",""0"",""0""]","[1673,1323,1545,2249,2186,1609,1673,1545,2183,2263,2433,1673,2045,1737,2263,2127,1387,1983,1545,2101,1609,2320,1673,1417,1545,2030,2207,2032,2228,2256,2354,1481,2263,2369,2504,2435,2186,2241,2130,2320,1387,1481,2346,2369,1545,1673,2467,2271,2459,2330,1977,2183,1545,2320,2207,1545,0,2207,2081,2130,2192,2335,2143,1545]","[3,1,3,1,0,3,3,3,0,1,1,3,1,3,1,0,1,0,3,1,3,1,3,3,3,0,1,0,0,1,1,3,1,1,1,0,0,1,0,1,1,3,1,1,3,3,1,1,1,0,0,0,3,1,1,3,2,1,0,0,1,1,1,3]"
5,validation_0001,validation,7,515,"[1673,1323,1545,2249,2186,1609,1673,1545,2183,2263,2433,1673,2045,1737,2263,2127,1387,1983,1545,2101,1609,2320,1673,1417,1545,2030,2207,2032,2228,2256,2354,1481,2263,2369,2504,2435,2186,2241,2130,2320,1387,1481,2346,2369,1545,1673,2467,2271,2459,2330,1977,2183,1545,2320,2207,1545,0,2207,2081,2130,2192,2335,2143,1545]","[1545,772,1545,772,386,1545,1545,1545,386,772,772,1545,772,1545,772,386,772,386,1545,772,1545,772,1545,1545,1545,386,772,386,386,772,772,1545,772,772,772,386,386,772,386,772,772,1545,772,772,1545,1545,772,772,772,386,386,386,1545,772,772,1545,772,772,386,386,772,772,772,1545]","[0,0,0,0,0,0,0,0,64,0,0,0,0,0,0,0,0,0,0,0,0,0,0,0,0,64,0,0,0,0,0,0,0,64,0,0,0,0,0,0,0,0,0,64,0,0,0,0,0,0,64,0,0,0,0,0,0,0,0,0,0,0,64,0]","[0,0,0,0,0,0,0,0,64,0,0,0,0,0,0,0,0,0,0,0,0,0,0,0,0,64,0,0,0,0,0,0,0,64,0,0,0,0,0,0,0,0,0,64,0,0,0,0,0,0,64,0,0,0,0,0,0,0,0,0,0,0,64,0]","[3009,1930,2897,2740,2299,2953,3009,2897,2361,2753,2901,3009,2562,3065,2753,2248,1986,2122,2897,2611,2953,2802,3009,2785,2897,2227,2704,2164,2336,2746,2832,2841,2753,2909,2963,2517,2299,2733,2250,2802,1986,2841,2825,2909,2897,3009,2931,2760,2924,2425,2180,2297,2897,2802,2704,2897,772,2704,2207,2250,2690,2816,2712,2897]","[3009,1930,2897,2740,2299,2953,3009,2897,2361,2753,2901,3009,2562,3065,2753,2248,1986,2122,2897,2611,2953,2802,3009,2785,2897,2227,2704,2164,2336,2746,2832,2841,2753,2909,2963,2517,2299,2733,2250,2802,1986,2841,2825,2909,2897,3009,2931,2760,2924,2425,2180,2297,2897,2802,2704,2897,772,2704,2207,2250,2690,2816,2712,2897]","[""1"",""0"",""1"",""1"",""0"",""1"",""1"",""1"",""0"",""1"",""1"",""1"",""1"",""1"",""1"",""0"",""0"",""0"",""1"",""1"",""1"",""1"",""1"",""1"",""1"",""0"",""1"",""0"",""0"",""1"",""1"",""1"",""1"",""1"",""1"",""0"",""0"",""1"",""0"",""1"",""0"",""1"",""1"",""1"",""1"",""1"",""1"",""1"",""1"",""0"",""0"",""0"",""1"",""1"",""1"",""1"",""0"",""1"",""0"",""0"",""1"",""1"",""1"",""1""]","[0,1930,0,0,2299,0,0,0,2361,0,0,0,0,0,0,2248,1986,2122,0,0,0,0,0,0,0,2227,0,2164,2336,0,0,0,0,0,0,2517,2299,0,2250,0,1986,0,0,0,0,0,0,0,0,2425,2180,2297,0,0,0,0,772,0,2207,2250,0,0,0,0]","[4,1,4,2,0,4,4,4,0,2,2,4,2,4,2,0,1,0,4,2,4,2,4,4,4,0,2,0,0,2,2,4,2,2,2,0,0,2,0,2,1,4,2,2,4,4,2,2,2,0,0,0,4,2,2,4,2,2,0,0,2,2,2,4]"
5,validation_0001,validation,8,516,"[0,1930,0,0,2299,0,0,0,2361,0,0,0,0,0,0,2248,1986,2122,0,0,0,0,0,0,0,2227,0,2164,2336,0,0,0,0,0,0,2517,2299,0,2250,0,1986,0,0,0,0,0,0,0,0,2425,2180,2297,0,0,0,0,772,0,2207,2250,0,0,0,0]","[1548,774,1548,774,387,1548,1548,1548,387,774,774,1548,774,1548,774,387,774,387,1548,774,1548,774,1548,1548,1548,387,774,387,387,774,774,1548,774,774,774,387,387,774,387,774,774,1548,774,774,1548,1548,774,774,774,387,387,387,1548,774,774,1548,774,774,387,387,774,774,774,1548]","[128,0,192,256,192,320,192,128,64,128,256,128,0,192,128,128,0,0,192,0,192,192,256,-64,-64,128,128,64,320,192,320,-64,128,192,192,384,192,256,192,192,0,-64,320,192,-64,256,384,128,384,320,192,128,64,192,128,192,384,128,128,192,192,128,64,256]","[128,0,192,256,192,320,192,128,64,128,256,128,0,192,128,128,0,0,192,0,192,192,256,-64,-64,128,128,64,320,192,320,-64,128,192,192,384,192,256,192,192,0,-64,320,192,-64,256,384,128,384,320,192,128,64,192,128,192,384,128,128,192,192,128,64,256]","[1676,2463,1740,1030,2591,1868,1740,1676,2517,902,1030,1676,774,1740,902,2482,2512,2244,1740,774,1740,966,1804,1484,1484,2464,902,2345,2751,966,1094,1484,902,966,966,2974,2591,1030,2548,966,2512,1484,1094,966,1484,1804,1158,902,1158,2829,2487,2525,1612,966,902,1740,1834,902,2447,2548,966,902,838,1804]","[1676,2463,1740,1030,2591,1868,1740,1676,2517,902,1030,1676,774,1740,902,2482,2512,2244,1740,774,1740,966,1804,1484,1484,2464,902,2345,2751,966,1094,1484,902,966,966,2974,2591,1030,2548,966,2512,1484,1094,966,1484,1804,1158,902,1158,2829,2487,2525,1612,966,902,1740,1834,902,2447,2548,966,902,838,1804]","[""0"",""0"",""0"",""0"",""1"",""0"",""0"",""0"",""0"",""0"",""0"",""0"",""0"",""0"",""0"",""0"",""0"",""0"",""0"",""0"",""0"",""0"",""0"",""0"",""0"",""0"",""0"",""0"",""1"",""0"",""0"",""0"",""0"",""0"",""0"",""1"",""1"",""0"",""0"",""0"",""0"",""0"",""0"",""0"",""0"",""0"",""0"",""0"",""0"",""1"",""0"",""0"",""0"",""0"",""0"",""0"",""0"",""0"",""0"",""0"",""0"",""0"",""0"",""0""]","[1676,2463,1740,1030,0,1868,1740,1676,2517,902,1030,1676,774,1740,902,2482,2512,2244,1740,774,1740,966,1804,1484,1484,2464,902,2345,0,966,1094,1484,902,966,966,0,0,1030,2548,966,2512,1484,1094,966,1484,1804,1158,902,1158,0,2487,2525,1612,966,902,1740,1834,902,2447,2548,966,902,838,1804]","[4,1,4,2,1,4,4,4,0,2,2,4,2,4,2,0,1,0,4,2,4,2,4,4,4,0,2,0,1,2,2,4,2,2,2,1,1,2,0,2,1,4,2,2,4,4,2,2,2,1,0,0,4,2,2,4,2,2,0,0,2,2,2,4]"
5,validation_0001,validation,9,516,"[1676,2463,1740,1030,0,1868,1740,1676,2517,902,1030,1676,774,1740,902,2482,2512,2244,1740,774,1740,966,1804,1484,1484,2464,902,2345,0,966,1094,1484,902,966,966,0,0,1030,2548,966,2512,1484,1094,966,1484,1804,1158,902,1158,0,2487,2525,1612,966,902,1740,1834,902,2447,2548,966,902,838,1804]","[1548,774,1548,774,387,1548,1548,1548,387,774,774,1548,774,1548,774,387,774,387,1548,774,1548,774,1548,1548,1548,387,774,387,387,774,774,1548,774,774,774,387,387,774,387,774,774,1548,774,774,1548,1548,774,774,774,387,387,387,1548,774,774,1548,774,774,387,387,774,774,774,1548]","[64,64,0,-64,0,64,64,-64,0,0,-64,64,64,0,0,0,0,64,-64,64,64,-64,0,0,0,64,64,0,0,64,0,0,0,0,-64,0,0,0,64,64,0,0,0,0,0,0,0,0,-64,0,64,64,64,64,0,0,64,0,128,64,128,64,0,0]","[64,64,0,-64,0,64,64,-64,0,0,-64,64,64,0,0,0,0,64,-64,64,64,-64,0,0,0,64,64,0,0,64,0,0,0,0,-64,0,0,0,64,64,0,0,0,0,0,0,0,0,-64,0,64,64,64,64,0,0,64,0,128,64,128,64,0,0]","[3079,2994,3071,1612,387,3247,3135,2951,2590,1564,1612,3079,1516,3071,1564,2559,2972,2415,3007,1516,3135,1556,3127,2847,2847,2607,1628,2439,387,1684,1732,2847,1564,1620,1556,387,387,1676,2681,1684,2972,2847,1732,1620,2847,3127,1788,1564,1724,387,2628,2661,3023,1684,1564,3071,2443,1564,2657,2681,1748,1628,1508,3127]","[3079,2994,3071,1612,387,3247,3135,2951,2590,1564,1612,3079,1516,3071,1564,2559,2972,2415,3007,1516,3135,1556,3127,2847,2847,2607,1628,2439,387,1684,1732,2847,1564,1620,1556,387,387,1676,2681,1684,2972,2847,1732,1620,2847,3127,1788,1564,1724,387,2628,2661,3023,1684,1564,3071,2443,1564,2657,2681,1748,1628,1508,3127]","[""1"",""1"",""1"",""0"",""0"",""1"",""1"",""1"",""1"",""0"",""0"",""1"",""0"",""1"",""0"",""0"",""1"",""0"",""1"",""0"",""1"",""0"",""1"",""1"",""1"",""1"",""0"",""0"",""0"",""0"",""0"",""1"",""0"",""0"",""0"",""0"",""0"",""0"",""1"",""0"",""1"",""1"",""0"",""0"",""1"",""1"",""0"",""0"",""0"",""0"",""1"",""1"",""1"",""0"",""0"",""1"",""0"",""0"",""1"",""1"",""0"",""0"",""0"",""1""]","[0,0,0,1612,387,0,0,0,0,1564,1612,0,1516,0,1564,2559,0,2415,0,1516,0,1556,0,0,0,0,1628,2439,387,1684,1732,0,1564,1620,1556,387,387,1676,0,1684,0,0,1732,1620,0,0,1788,1564,1724,387,0,0,0,1684,1564,0,2443,1564,0,0,1748,1628,1508,0]","[5,2,5,2,1,5,5,5,1,2,2,5,2,5,2,0,2,0,5,2,5,2,5,5,5,1,2,0,1,2,2,5,2,2,2,1,1,2,1,2,2,5,2,2,5,5,2,2,2,1,1,1,5,2,2,5,2,2,1,1,2,2,2,5]"
5,validation_0001,validation,10,517,"[0,0,0,1612,387,0,0,0,0,1564,1612,0,1516,0,1564,2559,0,2415,0,1516,0,1556,0,0,0,0,1628,2439,387,1684,1732,0,1564,1620,1556,387,387,1676,0,1684,0,0,1732,1620,0,0,1788,1564,1724,387,0,0,0,1684,1564,0,2443,1564,0,0,1748,1628,1508,0]","[1551,775,1551,775,387,1551,1551,1551,387,775,775,1551,775,1551,775,387,775,387,1551,775,1551,775,1551,1551,1551,387,775,387,387,775,775,1551,775,775,775,387,387,775,387,775,775,1551,775,775,1551,1551,775,775,775,387,387,387,1551,775,775,1551,775,775,387,387,775,775,775,1551]","[192,-192,0,0,128,192,128,0,256,128,128,192,64,192,64,64,0,128,0,64,64,128,128,-128,128,0,64,64,0,128,128,-64,128,64,384,192,64,0,64,128,-64,-64,192,128,64,128,128,128,128,192,0,128,-64,128,128,64,320,192,64,128,64,192,0,0]","[192,-192,0,0,128,192,128,0,256,128,128,192,64,192,64,64,0,128,0,64,64,128,128,-128,128,0,64,64,0,128,128,-64,128,64,384,192,64,0,64,128,-64,-64,192,128,64,128,128,128,128,192,0,128,-64,128,128,64,320,192,64,128,64,192,0,0]","[1743,583,1551,2186,854,1743,1679,1551,643,2272,2314,1743,2166,1743,2208,2691,775,2629,1551,2166,1615,2265,1679,1423,1679,387,2264,2586,726,2377,2419,1487,2272,2257,2521,918,790,2242,451,2377,711,1487,2483,2321,1615,1679,2468,2272,2412,918,387,515,1487,2377,2272,1615,3233,2336,451,515,2369,2392,2095,1551]","[1743,583,1551,2186,854,1743,1679,1551,643,2272,2314,1743,2166,1743,2208,2691,775,2629,1551,2166,1615,2265,1679,1423,1679,387,2264,2586,726,2377,2419,1487,2272,2257,2521,918,790,2242,451,2377,711,1487,2483,2321,1615,1679,2468,2272,2412,918,387,515,1487,2377,2272,1615,3233,2336,451,515,2369,2392,2095,1551]","[""0"",""0"",""0"",""0"",""0"",""0"",""0"",""0"",""0"",""0"",""0"",""0"",""0"",""0"",""0"",""1"",""0"",""1"",""0"",""0"",""0"",""0"",""0"",""0"",""0"",""0"",""0"",""1"",""0"",""0"",""0"",""0"",""0"",""0"",""0"",""0"",""0"",""0"",""0"",""0"",""0"",""0"",""0"",""0"",""0"",""0"",""0"",""0"",""0"",""0"",""0"",""0"",""0"",""0"",""0"",""0"",""1"",""0"",""0"",""0"",""0"",""0"",""0"",""0""]","[1743,583,1551,2186,854,1743,1679,1551,643,2272,2314,1743,2166,1743,2208,0,775,0,1551,2166,1615,2265,1679,1423,1679,387,2264,0,726,2377,2419,1487,2272,2257,2521,918,790,2242,451,2377,711,1487,2483,2321,1615,1679,2468,2272,2412,918,387,515,1487,2377,2272,1615,0,2336,451,515,2369,2392,2095,1551]","[5,2,5,2,1,5,5,5,1,2,2,5,2,5,2,1,2,1,5,2,5,2,5,5,5,1,2,1,1,2,2,5,2,2,2,1,1,2,1,2,2,5,2,2,5,5,2,2,2,1,1,1,5,2,2,5,3,2,1,1,2,2,2,5]"
5,validation_0001,validation,11,516,"[1743,583,1551,2186,854,1743,1679,1551,643,2272,2314,1743,2166,1743,2208,0,775,0,1551,2166,1615,2265,1679,1423,1679,387,2264,0,726,2377,2419,1487,2272,2257,2521,918,790,2242,451,2377,711,1487,2483,2321,1615,1679,2468,2272,2412,918,387,515,1487,2377,2272,1615,0,2336,451,515,2369,2392,2095,1551]","[1548,774,1548,774,387,1548,1548,1548,387,774,774,1548,774,1548,774,387,774,387,1548,774,1548,774,1548,1548,1548,387,774,387,387,774,774,1548,774,774,774,387,387,774,387,774,774,1548,774,774,1548,1548,774,774,774,387,387,387,1548,774,774,1548,774,774,387,387,774,774,774,1548]","[0,0,0,0,0,0,0,0,64,0,64,0,0,0,-64,0,64,0,64,0,0,0,0,0,0,64,0,64,0,0,0,64,-64,128,0,64,64,0,-64,0,0,0,0,64,128,0,0,0,0,64,128,0,0,0,0,0,0,0,0,0,0,0,64,0]","[0,0,0,0,0,0,0,0,64,0,64,0,0,0,-64,0,64,0,64,0,0,0,0,0,0,64,0,64,0,0,0,64,-64,128,0,64,64,0,-64,0,0,0,0,64,128,0,0,0,0,64,128,0,0,0,0,0,0,0,0,0,0,0,64,0]","[3074,1285,2906,2687,1135,3074,3018,2906,1014,2762,2863,3074,2670,3074,2642,387,1517,387,2970,2670,2962,2756,3018,2794,3018,790,2755,451,1023,2854,2891,2914,2698,2877,2980,1255,1143,2736,718,2854,1397,2850,2947,2869,3090,3018,2934,2762,2885,1255,854,838,2850,2854,2762,2962,774,2818,782,838,2847,2867,2672,2906]","[3074,1285,2906,2687,1135,3074,3018,2906,1014,2762,2863,3074,2670,3074,2642,387,1517,387,2970,2670,2962,2756,3018,2794,3018,790,2755,451,1023,2854,2891,2914,2698,2877,2980,1255,1143,2736,718,2854,1397,2850,2947,2869,3090,3018,2934,2762,2885,1255,854,838,2850,2854,2762,2962,774,2818,782,838,2847,2867,2672,2906]","[""1"",""0"",""1"",""1"",""0"",""1"",""1"",""1"",""0"",""1"",""1"",""1"",""1"",""1"",""1"",""0"",""0"",""0"",""1"",""1"",""1"",""1"",""1"",""1"",""1"",""0"",""1"",""0"",""0"",""1"",""1"",""1"",""1"",""1"",""1"",""0"",""0"",""1"",""0"",""1"",""0"",""1"",""1"",""1"",""1"",""1"",""1"",""1"",""1"",""0"",""0"",""0"",""1"",""1"",""1"",""1"",""0"",""1"",""0"",""0"",""1"",""1"",""1"",""1""]","[0,1285,0,0,1135,0,0,0,1014,0,0,0,0,0,0,387,1517,387,0,0,0,0,0,0,0,790,0,451,1023,0,0,0,0,0,0,1255,1143,0,718,0,1397,0,0,0,0,0,0,0,0,1255,854,838,0,0,0,0,774,0,782,838,0,0,0,0]","[6,2,6,3,1,6,6,6,1,3,3,6,3,6,3,1,2,1,6,3,6,3,6,6,6,1,3,1,1,3,3,6,3,3,3,1,1,3,1,3,2,6,3,3,6,6,3,3,3,1,1,1,6,3,3,6,3,3,1,1,3,3,3,6]"
5,validation_0001,validation,12,516,"[0,1285,0,0,1135,0,0,0,1014,0,0,0,0,0,0,387,1517,387,0,0,0,0,0,0,0,790,0,451,1023,0,0,0,0,0,0,1255,1143,0,718,0,1397,0,0,0,0,0,0,0,0,1255,854,838,0,0,0,0,774,0,782,838,0,0,0,0]","[1548,774,1548,774,387,1548,1548,1548,387,774,774,1548,774,1548,774,387,774,387,1548,774,1548,774,1548,1548,1548,387,774,387,387,774,774,1548,774,774,774,387,387,774,387,774,774,1548,774,774,1548,1548,774,774,774,387,387,387,1548,774,774,1548,774,774,387,387,774,774,774,1548]","[128,0,192,256,192,320,192,128,64,128,256,128,0,192,128,128,0,0,192,0,192,192,256,-64,-64,128,128,64,320,192,320,-64,128,192,192,384,192,256,192,192,0,-64,320,192,-64,256,384,128,384,320,192,128,64,192,128,192,384,128,128,192,192,128,64,256]","[128,0,192,256,192,320,192,128,64,128,256,128,0,192,128,128,0,0,192,0,192,192,256,-64,-64,128,128,64,320,192,320,-64,128,192,192,384,192,256,192,192,0,-64,320,192,-64,256,384,128,384,320,192,128,64,192,128,192,384,128,128,192,192,128,64,256]","[1676,1899,1740,1030,1573,1868,1740,1676,1339,902,1030,1676,774,1740,902,854,2102,726,1740,774,1740,966,1804,1484,1484,1207,902,846,1603,966,1094,1484,902,966,966,1870,1580,1030,1208,966,1997,1484,1094,966,1484,1804,1158,902,1158,1806,1327,1249,1612,966,902,1740,1836,902,1200,1313,966,902,838,1804]","[1676,1899,1740,1030,1573,1868,1740,1676,1339,902,1030,1676,774,1740,902,854,2102,726,1740,774,1740,966,1804,1484,1484,1207,902,846,1603,966,1094,1484,902,966,966,1870,1580,1030,1208,966,1997,1484,1094,966,1484,1804,1158,902,1158,1806,1327,1249,1612,966,902,1740,1836,902,1200,1313,966,902,838,1804]","[""0"",""0"",""0"",""0"",""0"",""0"",""0"",""0"",""0"",""0"",""0"",""0"",""0"",""0"",""0"",""0"",""0"",""0"",""0"",""0"",""0"",""0"",""0"",""0"",""0"",""0"",""0"",""0"",""0"",""0"",""0"",""0"",""0"",""0"",""0"",""0"",""0"",""0"",""0"",""0"",""0"",""0"",""0"",""0"",""0"",""0"",""0"",""0"",""0"",""0"",""0"",""0"",""0"",""0"",""0"",""0"",""0"",""0"",""0"",""0"",""0"",""0"",""0"",""0""]","[1676,1899,1740,1030,1573,1868,1740,1676,1339,902,1030,1676,774,1740,902,854,2102,726,1740,774,1740,966,1804,1484,1484,1207,902,846,1603,966,1094,1484,902,966,966,1870,1580,1030,1208,966,1997,1484,1094,966,1484,1804,1158,902,1158,1806,1327,1249,1612,966,902,1740,1836,902,1200,1313,966,902,838,1804]","[6,2,6,3,1,6,6,6,1,3,3,6,3,6,3,1,2,1,6,3,6,3,6,6,6,1,3,1,1,3,3,6,3,3,3,1,1,3,1,3,2,6,3,3,6,6,3,3,3,1,1,1,6,3,3,6,3,3,1,1,3,3,3,6]"
5,validation_0001,validation,13,504,"[1676,1899,1740,1030,1573,1868,1740,1676,1339,902,1030,1676,774,1740,902,854,2102,726,1740,774,1740,966,1804,1484,1484,1207,902,846,1603,966,1094,1484,902,966,966,1870,1580,1030,1208,966,1997,1484,1094,966,1484,1804,1158,902,1158,1806,1327,1249,1612,966,902,1740,1836,902,1200,1313,966,902,838,1804]","[1512,756,1512,756,378,1512,1512,1512,378,756,756,1512,756,1512,756,378,756,378,1512,756,1512,756,1512,1512,1512,378,756,378,378,756,756,1512,756,756,756,378,378,756,378,756,756,1512,756,756,1512,1512,756,756,756,378,378,378,1512,756,756,1512,756,756,378,378,756,756,756,1512]","[0,0,0,0,0,0,0,0,0,0,0,0,0,0,0,0,0,0,0,0,0,0,0,0,0,0,0,0,0,0,0,0,0,0,0,0,0,0,0,0,0,0,0,0,0,0,0,0,0,0,0,0,0,0,0,0,0,0,0,0,0,0,0,0]","[0,0,0,0,0,0,0,0,0,0,0,0,0,0,0,0,0,0,0,0,0,0,0,0,0,0,0,0,0,0,0,0,0,0,0,0,0,0,0,0,0,0,0,0,0,0,0,0,0,0,0,0,0,0,0,0,0,0,0,0,0,0,0,0]","[2979,2418,3035,1658,1755,3147,3035,2979,1550,1546,1658,2979,1434,3035,1546,1126,2596,1014,3035,1434,3035,1602,3091,2811,2811,1435,1546,1119,1781,1602,1714,2811,1546,1602,1602,2015,1761,1658,1435,1602,2504,2811,1714,1602,2811,3091,1770,1546,1770,1959,1540,1471,2923,1602,1546,3035,2363,1546,1428,1527,1602,1546,1490,3091]","[2979,2418,3035,1658,1755,3147,3035,2979,1550,1546,1658,2979,1434,3035,1546,1126,2596,1014,3035,1434,3035,1602,3091,2811,2811,1435,1546,1119,1781,1602,1714,2811,1546,1602,1602,2015,1761,1658,1435,1602,2504,2811,1714,1602,2811,3091,1770,1546,1770,1959,1540,1471,2923,1602,1546,3035,2363,1546,1428,1527,1602,1546,1490,3091]","[""1"",""0"",""1"",""0"",""0"",""1"",""1"",""1"",""0"",""0"",""0"",""1"",""0"",""1"",""0"",""0"",""1"",""0"",""1"",""0"",""1"",""0"",""1"",""1"",""1"",""0"",""0"",""0"",""0"",""0"",""0"",""1"",""0"",""0"",""0"",""0"",""0"",""0"",""0"",""0"",""0"",""1"",""0"",""0"",""1"",""1"",""0"",""0"",""0"",""0"",""0"",""0"",""1"",""0"",""0"",""1"",""0"",""0"",""0"",""0"",""0"",""0"",""0"",""1""]","[0,2418,0,1658,1755,0,0,0,1550,1546,1658,0,1434,0,1546,1126,0,1014,0,1434,0,1602,0,0,0,1435,1546,1119,1781,1602,1714,0,1546,1602,1602,2015,1761,1658,1435,1602,2504,0,1714,1602,0,0,1770,1546,1770,1959,1540,1471,0,1602,1546,0,2363,1546,1428,1527,1602,1546,1490,0]","[7,2,7,3,1,7,7,7,1,3,3,7,3,7,3,1,3,1,7,3,7,3,7,7,7,1,3,1,1,3,3,7,3,3,3,1,1,3,1,3,2,7,3,3,7,7,3,3,3,1,1,1,7,3,3,7,3,3,1,1,3,3,3,7]"
5,validation_0001,validation,14,531,"[0,2418,0,1658,1755,0,0,0,1550,1546,1658,0,1434,0,1546,1126,0,1014,0,1434,0,1602,0,0,0,1435,1546,1119,1781,1602,1714,0,1546,1602,1602,2015,1761,1658,1435,1602,2504,0,1714,1602,0,0,1770,1546,1770,1959,1540,1471,0,1602,1546,0,2363,1546,1428,1527,1602,1546,1490,0]","[1593,796,1593,796,398,1593,1593,1593,398,796,796,1593,796,1593,796,398,796,398,1593,796,1593,796,1593,1593,1593,398,796,398,398,796,796,1593,796,796,796,398,398,796,398,796,796,1593,796,796,1593,1593,796,796,796,398,398,398,1593,796,796,1593,796,796,398,398,796,796,796,1593]","[128,-128,0,0,128,64,128,0,128,64,192,128,0,192,64,64,-64,64,0,64,64,128,128,-128,64,0,64,64,64,64,64,-64,128,128,256,192,128,0,64,128,-64,-64,0,128,0,128,128,128,64,128,-64,128,0,128,64,0,256,64,128,64,0,192,0,0]","[128,-128,0,0,128,64,128,0,128,64,192,128,0,192,64,64,-64,64,0,64,64,128,128,-128,64,0,64,64,64,64,64,-64,128,128,256,192,128,0,64,128,-64,-64,0,128,0,128,128,128,64,128,-64,128,0,128,64,0,256,64,128,64,0,192,0,0]","[1721,2784,1593,2247,2062,1657,1721,1593,1883,2213,2439,1721,2051,1785,2213,1448,732,1350,1593,2115,1657,2326,1721,1465,1657,1654,2213,1442,2021,2262,2360,1529,2277,2326,2454,2354,2067,2247,1718,2326,2923,1529,2296,2326,1593,1721,2473,2277,2409,2241,1682,1814,1593,2326,2213,1593,3120,2213,1776,1799,2198,2341,2100,1593]","[1721,2784,1593,2247,2062,1657,1721,1593,1883,2213,2439,1721,2051,1785,2213,1448,732,1350,1593,2115,1657,2326,1721,1465,1657,1654,2213,1442,2021,2262,2360,1529,2277,2326,2454,2354,2067,2247,1718,2326,2923,1529,2296,2326,1593,1721,2473,2277,2409,2241,1682,1814,1593,2326,2213,1593,3120,2213,1776,1799,2198,2341,2100,1593]","[""0"",""1"",""0"",""0"",""0"",""0"",""0"",""0"",""0"",""0"",""0"",""0"",""0"",""0"",""0"",""0"",""0"",""0"",""0"",""0"",""0"",""0"",""0"",""0"",""0"",""0"",""0"",""0"",""0"",""0"",""0"",""0"",""0"",""0"",""0"",""0"",""0"",""0"",""0"",""0"",""1"",""0"",""0"",""0"",""0"",""0"",""0"",""0"",""0"",""0"",""0"",""0"",""0"",""0"",""0"",""0"",""1"",""0"",""0"",""0"",""0"",""0"",""0"",""0""]","[1721,0,1593,2247,2062,1657,1721,1593,1883,2213,2439,1721,2051,1785,2213,1448,732,1350,1593,2115,1657,2326,1721,1465,1657,1654,2213,1442,2021,2262,2360,1529,2277,2326,2454,2354,2067,2247,1718,2326,0,1529,2296,2326,1593,1721,2473,2277,2409,2241,1682,1814,1593,2326,2213,1593,0,2213,1776,1799,2198,2341,2100,1593]","[7,3,7,3,1,7,7,7,1,3,3,7,3,7,3,1,3,1,7,3,7,3,7,7,7,1,3,1,1,3,3,7,3,3,3,1,1,3,1,3,3,7,3,3,7,7,3,3,3,1,1,1,7,3,3,7,4,3,1,1,3,3,3,7]"
5,validation_0001,validation,15,516,"[1721,0,1593,2247,2062,1657,1721,1593,1883,2213,2439,1721,2051,1785,2213,1448,732,1350,1593,2115,1657,2326,1721,1465,1657,1654,2213,1442,2021,2262,2360,1529,2277,2326,2454,2354,2067,2247,1718,2326,0,1529,2296,2326,1593,1721,2473,2277,2409,2241,1682,1814,1593,2326,2213,1593,0,2213,1776,1799,2198,2341,2100,1593]","[1548,774,1548,774,387,1548,1548,1548,387,774,774,1548,774,1548,774,387,774,387,1548,774,1548,774,1548,1548,1548,387,774,387,387,774,774,1548,774,774,774,387,387,774,387,774,774,1548,774,774,1548,1548,774,774,774,387,387,387,1548,774,774,1548,774,774,387,387,774,774,774,1548]","[0,0,0,0,0,0,0,0,64,64,0,0,0,0,64,0,0,0,0,0,0,0,0,0,0,64,0,0,0,0,0,0,0,64,64,0,0,0,0,0,0,0,64,64,-64,64,0,0,64,0,64,0,-64,0,0,0,0,0,-64,0,0,0,64,0]","[0,0,0,0,0,0,0,0,64,64,0,0,0,0,64,0,0,0,0,0,0,0,0,0,0,64,0,0,0,0,0,0,0,64,64,0,0,0,0,0,0,0,64,64,-64,64,0,0,64,0,64,0,-64,0,0,0,0,0,-64,0,0,0,64,0]","[3054,774,2942,2741,2192,2998,3054,2942,2099,2775,2909,3054,2569,3110,2775,1654,1415,1569,2942,2625,2998,2810,3054,2830,2998,1899,2711,1649,2156,2754,2839,2886,2767,2874,2986,2447,2196,2741,1891,2810,774,2886,2847,2874,2878,3118,2938,2767,2946,2348,1923,1975,2878,2810,2711,2942,774,2711,1877,1962,2698,2823,2676,2942]","[3054,774,2942,2741,2192,2998,3054,2942,2099,2775,2909,3054,2569,3110,2775,1654,1415,1569,2942,2625,2998,2810,3054,2830,2998,1899,2711,1649,2156,2754,2839,2886,2767,2874,2986,2447,2196,2741,1891,2810,774,2886,2847,2874,2878,3118,2938,2767,2946,2348,1923,1975,2878,2810,2711,2942,774,2711,1877,1962,2698,2823,2676,2942]","[""1"",""0"",""1"",""1"",""0"",""1"",""1"",""1"",""0"",""1"",""1"",""1"",""1"",""1"",""1"",""0"",""0"",""0"",""1"",""1"",""1"",""1"",""1"",""1"",""1"",""0"",""1"",""0"",""0"",""1"",""1"",""1"",""1"",""1"",""1"",""0"",""0"",""1"",""0"",""1"",""0"",""1"",""1"",""1"",""1"",""1"",""1"",""1"",""1"",""0"",""0"",""0"",""1"",""1"",""1"",""1"",""0"",""1"",""0"",""0"",""1"",""1"",""1"",""1""]","[0,774,0,0,2192,0,0,0,2099,0,0,0,0,0,0,1654,1415,1569,0,0,0,0,0,0,0,1899,0,1649,2156,0,0,0,0,0,0,2447,2196,0,1891,0,774,0,0,0,0,0,0,0,0,2348,1923,1975,0,0,0,0,774,0,1877,1962,0,0,0,0]","[8,3,8,4,1,8,8,8,1,4,4,8,4,8,4,1,3,1,8,4,8,4,8,8,8,1,4,1,1,4,4,8,4,4,4,1,1,4,1,4,3,8,4,4,8,8,4,4,4,1,1,1,8,4,4,8,4,4,1,1,4,4,4,8]"
5,validation_0001,validation,16,514,"[0,774,0,0,2192,0,0,0,2099,0,0,0,0,0,0,1654,1415,1569,0,0,0,0,0,0,0,1899,0,1649,2156,0,0,0,0,0,0,2447,2196,0,1891,0,774,0,0,0,0,0,0,0,0,2348,1923,1975,0,0,0,0,774,0,1877,1962,0,0,0,0]","[1542,771,1542,771,385,1542,1542,1542,385,771,771,1542,771,1542,771,385,771,385,1542,771,1542,771,1542,1542,1542,385,771,385,385,771,771,1542,771,771,771,385,385,771,385,771,771,1542,771,771,1542,1542,771,771,771,385,385,385,1542,771,771,1542,771,771,385,385,771,771,771,1542]","[128,0,192,256,192,320,192,128,64,128,256,128,0,192,128,128,0,0,192,0,192,192,256,-64,-64,128,128,64,320,192,320,-64,128,192,192,384,192,256,192,192,0,-64,320,192,-64,256,384,128,384,320,192,128,64,192,128,192,384,128,128,192,192,128,64,256]","[128,0,192,256,192,320,192,128,64,128,256,128,0,192,128,128,0,0,192,0,192,192,256,-64,-64,128,128,64,320,192,320,-64,128,192,192,384,192,256,192,192,0,-64,320,192,-64,256,384,128,384,320,192,128,64,192,128,192,384,128,128,192,192,128,64,256]","[1670,1449,1734,1027,2495,1862,1734,1670,2286,899,1027,1670,771,1734,899,1961,2010,1758,1734,771,1734,963,1798,1478,1478,2175,899,1892,2592,963,1091,1478,899,963,963,2911,2499,1027,2232,963,1449,1478,1091,963,1478,1798,1155,899,1155,2760,2260,2242,1606,963,899,1734,1833,899,2156,2294,963,899,835,1798]","[1670,1449,1734,1027,2495,1862,1734,1670,2286,899,1027,1670,771,1734,899,1961,2010,1758,1734,771,1734,963,1798,1478,1478,2175,899,1892,2592,963,1091,1478,899,963,963,2911,2499,1027,2232,963,1449,1478,1091,963,1478,1798,1155,899,1155,2760,2260,2242,1606,963,899,1734,1833,899,2156,2294,963,899,835,1798]","[""0"",""0"",""0"",""0"",""0"",""0"",""0"",""0"",""0"",""0"",""0"",""0"",""0"",""0"",""0"",""0"",""0"",""0"",""0"",""0"",""0"",""0"",""0"",""0"",""0"",""0"",""0"",""0"",""1"",""0"",""0"",""0"",""0"",""0"",""0"",""1"",""0"",""0"",""0"",""0"",""0"",""0"",""0"",""0"",""0"",""0"",""0"",""0"",""0"",""1"",""0"",""0"",""0"",""0"",""0"",""0"",""0"",""0"",""0"",""0"",""0"",""0"",""0"",""0""]","[1670,1449,1734,1027,2495,1862,1734,1670,2286,899,1027,1670,771,1734,899,1961,2010,1758,1734,771,1734,963,1798,1478,1478,2175,899,1892,0,963,1091,1478,899,963,963,0,2499,1027,2232,963,1449,1478,1091,963,1478,1798,1155,899,1155,0,2260,2242,1606,963,899,1734,1833,899,2156,2294,963,899,835,1798]","[8,3,8,4,1,8,8,8,1,4,4,8,4,8,4,1,3,1,8,4,8,4,8,8,8,1,4,1,2,4,4,8,4,4,4,2,1,4,1,4,3,8,4,4,8,8,4,4,4,2,1,1,8,4,4,8,4,4,1,1,4,4,4,8]"
5,validation_0001,validation,17,512,"[1670,1449,1734,1027,2495,1862,1734,1670,2286,899,1027,1670,771,1734,899,1961,2010,1758,1734,771,1734,963,1798,1478,1478,2175,899,1892,0,963,1091,1478,899,963,963,0,2499,1027,2232,963,1449,1478,1091,963,1478,1798,1155,899,1155,0,2260,2242,1606,963,899,1734,1833,899,2156,2294,963,899,835,1798]","[1536,768,1536,768,384,1536,1536,1536,384,768,768,1536,768,1536,768,384,768,384,1536,768,1536,768,1536,1536,1536,384,768,384,384,768,768,1536,768,768,768,384,384,768,384,768,768,1536,768,768,1536,1536,768,768,768,384,384,384,1536,768,768,1536,768,768,384,384,768,768,768,1536]","[0,64,0,-64,0,64,0,-64,0,0,0,64,0,0,0,0,0,0,0,64,64,-64,0,0,0,0,64,0,0,64,0,0,0,0,-64,0,0,0,0,0,0,0,0,0,0,0,0,0,-64,0,64,0,0,64,0,0,64,0,64,0,64,64,0,0]","[0,64,0,-64,0,64,0,-64,0,0,0,64,0,0,0,0,0,0,0,64,64,-64,0,0,0,0,64,0,0,64,0,0,0,0,-64,0,0,0,0,0,0,0,0,0,0,0,0,0,-64,0,64,0,0,64,0,0,64,0,64,0,64,64,0,0]","[2998,2100,3054,1603,2568,3230,3054,2934,2385,1555,1667,3062,1443,3054,1555,2100,2527,1923,3054,1507,3118,1547,3110,2830,2830,2288,1619,2040,384,1675,1723,2830,1555,1611,1547,384,2571,1667,2337,1611,2036,2830,1723,1611,2830,3110,1779,1555,1715,384,2426,2346,2942,1675,1555,3054,2436,1555,2335,2392,1675,1619,1499,3110]","[2998,2100,3054,1603,2568,3230,3054,2934,2385,1555,1667,3062,1443,3054,1555,2100,2527,1923,3054,1507,3118,1547,3110,2830,2830,2288,1619,2040,384,1675,1723,2830,1555,1611,1547,384,2571,1667,2337,1611,2036,2830,1723,1611,2830,3110,1779,1555,1715,384,2426,2346,2942,1675,1555,3054,2436,1555,2335,2392,1675,1619,1499,3110]","[""1"",""0"",""1"",""0"",""1"",""1"",""1"",""1"",""0"",""0"",""0"",""1"",""0"",""1"",""0"",""0"",""0"",""0"",""1"",""0"",""1"",""0"",""1"",""1"",""1"",""0"",""0"",""0"",""0"",""0"",""0"",""1"",""0"",""0"",""0"",""0"",""1"",""0"",""0"",""0"",""0"",""1"",""0"",""0"",""1"",""1"",""0"",""0"",""0"",""0"",""0"",""0"",""1"",""0"",""0"",""1"",""0"",""0"",""0"",""0"",""0"",""0"",""0"",""1""]","[0,2100,0,1603,0,0,0,0,2385,1555,1667,0,1443,0,1555,2100,2527,1923,0,1507,0,1547,0,0,0,2288,1619,2040,384,1675,1723,0,1555,1611,1547,384,0,1667,2337,1611,2036,0,1723,1611,0,0,1779,1555,1715,384,2426,2346,0,1675,1555,0,2436,1555,2335,2392,1675,1619,1499,0]","[9,3,9,4,2,9,9,9,1,4,4,9,4,9,4,1,3,1,9,4,9,4,9,9,9,1,4,1,2,4,4,9,4,4,4,2,2,4,1,4,3,9,4,4,9,9,4,4,4,2,1,1,9,4,4,9,4,4,1,1,4,4,4,9]"
5,validation_0001,validation,18,514,"[0,2100,0,1603,0,0,0,0,2385,1555,1667,0,1443,0,1555,2100,2527,1923,0,1507,0,1547,0,0,0,2288,1619,2040,384,1675,1723,0,1555,1611,1547,384,0,1667,2337,1611,2036,0,1723,1611,0,0,1779,1555,1715,384,2426,2346,0,1675,1555,0,2436,1555,2335,2392,1675,1619,1499,0]","[1542,771,1542,771,385,1542,1542,1542,385,771,771,1542,771,1542,771,385,771,385,1542,771,1542,771,1542,1542,1542,385,771,385,385,771,771,1542,771,771,771,385,385,771,385,771,771,1542,771,771,1542,1542,771,771,771,385,385,385,1542,771,771,1542,771,771,385,385,771,771,771,1542]","[192,-128,0,64,64,64,192,0,128,64,128,128,64,192,64,128,-64,128,-64,0,64,128,128,-128,0,64,64,64,64,64,64,-64,64,128,256,128,64,0,128,192,-64,-64,0,128,0,128,128,128,64,128,-64,192,64,128,64,0,256,64,128,128,64,192,0,0]","[192,-128,0,64,64,64,192,0,128,64,128,128,64,192,64,128,-64,128,-64,0,64,128,128,-128,0,64,64,64,64,64,64,-64,64,128,256,128,64,0,128,192,-64,-64,0,128,0,128,128,128,64,128,-64,192,64,128,64,0,256,64,128,128,64,192,0,0]","[1734,2481,1542,2238,449,1606,1734,1542,2600,2196,2358,1670,2098,1734,2196,2351,2919,2196,1478,2090,1606,2253,1670,1414,1542,2451,2252,2234,785,2301,2343,1478,2196,2309,2381,849,449,2230,2558,2373,2489,1478,2279,2309,1542,1670,2456,2260,2336,849,2444,2630,1606,2365,2196,1542,3159,2196,2557,2606,2301,2380,2083,1542]","[1734,2481,1542,2238,449,1606,1734,1542,2600,2196,2358,1670,2098,1734,2196,2351,2919,2196,1478,2090,1606,2253,1670,1414,1542,2451,2252,2234,785,2301,2343,1478,2196,2309,2381,849,449,2230,2558,2373,2489,1478,2279,2309,1542,1670,2456,2260,2336,849,2444,2630,1606,2365,2196,1542,3159,2196,2557,2606,2301,2380,2083,1542]","[""0"",""0"",""0"",""0"",""0"",""0"",""0"",""0"",""1"",""0"",""0"",""0"",""0"",""0"",""0"",""0"",""1"",""0"",""0"",""0"",""0"",""0"",""0"",""0"",""0"",""0"",""0"",""0"",""0"",""0"",""0"",""0"",""0"",""0"",""0"",""0"",""0"",""0"",""0"",""0"",""0"",""0"",""0"",""0"",""0"",""0"",""0"",""0"",""0"",""0"",""0"",""1"",""0"",""0"",""0"",""0"",""1"",""0"",""0"",""1"",""0"",""0"",""0"",""0""]","[1734,2481,1542,2238,449,1606,1734,1542,0,2196,2358,1670,2098,1734,2196,2351,0,2196,1478,2090,1606,2253,1670,1414,1542,2451,2252,2234,785,2301,2343,1478,2196,2309,2381,849,449,2230,2558,2373,2489,1478,2279,2309,1542,1670,2456,2260,2336,849,2444,0,1606,2365,2196,1542,0,2196,2557,0,2301,2380,2083,1542]","[9,3,9,4,2,9,9,9,2,4,4,9,4,9,4,1,4,1,9,4,9,4,9,9,9,1,4,1,2,4,4,9,4,4,4,2,2,4,1,4,3,9,4,4,9,9,4,4,4,2,1,2,9,4,4,9,5,4,1,2,4,4,4,9]"
5,validation_0001,validation,19,512,"[1734,2481,1542,2238,449,1606,1734,1542,0,2196,2358,1670,2098,1734,2196,2351,0,2196,1478,2090,1606,2253,1670,1414,1542,2451,2252,2234,785,2301,2343,1478,2196,2309,2381,849,449,2230,2558,2373,2489,1478,2279,2309,1542,1670,2456,2260,2336,849,2444,0,1606,2365,2196,1542,0,2196,2557,0,2301,2380,2083,1542]","[1536,768,1536,768,384,1536,1536,1536,384,768,768,1536,768,1536,768,384,768,384,1536,768,1536,768,1536,1536,1536,384,768,384,384,768,768,1536,768,768,768,384,384,768,384,768,768,1536,768,768,1536,1536,768,768,768,384,384,384,1536,768,768,1536,768,768,384,384,768,768,768,1536]","[0,-64,0,-64,64,0,0,0,128,0,0,0,64,0,0,-64,0,64,0,64,0,0,0,0,128,64,0,0,-64,64,0,0,64,0,0,64,64,0,0,0,0,0,0,64,64,0,0,0,0,64,128,0,64,0,64,64,0,0,64,0,0,64,64,-64]","[0,-64,0,-64,64,0,0,0,128,0,0,0,64,0,0,-64,0,64,0,64,0,0,0,0,128,64,0,0,-64,64,0,0,64,0,0,64,64,0,0,0,0,0,0,64,64,0,0,0,0,64,128,0,64,0,64,64,0,0,64,0,0,64,64,-64]","[3054,2875,2886,2663,841,2942,3054,2886,512,2690,2832,2998,2668,3054,2690,2378,768,2370,2830,2661,2942,2740,2998,2774,3014,2593,2739,2339,1007,2846,2819,2830,2754,2789,2852,1191,841,2720,2623,2845,2946,2830,2763,2853,2950,2998,2917,2746,2812,1191,2651,384,3006,2838,2754,2950,768,2690,2686,384,2782,2915,2655,2822]","[3054,2875,2886,2663,841,2942,3054,2886,512,2690,2832,2998,2668,3054,2690,2378,768,2370,2830,2661,2942,2740,2998,2774,3014,2593,2739,2339,1007,2846,2819,2830,2754,2789,2852,1191,841,2720,2623,2845,2946,2830,2763,2853,2950,2998,2917,2746,2812,1191,2651,384,3006,2838,2754,2950,768,2690,2686,384,2782,2915,2655,2822]","[""1"",""1"",""1"",""1"",""0"",""1"",""1"",""1"",""0"",""1"",""1"",""1"",""1"",""1"",""1"",""0"",""0"",""0"",""1"",""1"",""1"",""1"",""1"",""1"",""1"",""1"",""1"",""0"",""0"",""1"",""1"",""1"",""1"",""1"",""1"",""0"",""0"",""1"",""1"",""1"",""1"",""1"",""1"",""1"",""1"",""1"",""1"",""1"",""1"",""0"",""1"",""0"",""1"",""1"",""1"",""1"",""0"",""1"",""1"",""0"",""1"",""1"",""1"",""1""]","[0,0,0,0,841,0,0,0,512,0,0,0,0,0,0,2378,768,2370,0,0,0,0,0,0,0,0,0,2339,1007,0,0,0,0,0,0,1191,841,0,0,0,0,0,0,0,0,0,0,0,0,1191,0,384,0,0,0,0,768,0,0,384,0,0,0,0]","[10,4,10,5,2,10,10,10,2,5,5,10,5,10,5,1,4,1,10,5,10,5,10,10,10,2,5,1,2,5,5,10,5,5,5,2,2,5,2,5,4,10,5,5,10,10,5,5,5,2,2,2,10,5,5,10,5,5,2,2,5,5,5,10]"
6,validation_0002,validation,0,524,"[0,0,0,0,0,0,0,0,0,0,0,0,0,0,0,0,0,0,0,0,0,0,0,0,0,0,0,0,0,0,0,0,0,0,0,0,0,0,0,0,0,0,0,0,0,0,0,0,0,0,0,0,0,0,0,0,0,0,0,0,0,0,0,0]","[1572,786,1572,786,393,1572,1572,1572,393,786,786,1572,786,1572,786,393,786,393,1572,786,1572,786,1572,1572,1572,393,786,393,393,786,786,1572,786,786,786,393,393,786,393,786,786,1572,786,786,1572,1572,786,786,786,393,393,393,1572,786,786,1572,786,786,393,393,786,786,786,1572]","[0,0,0,0,0,0,0,0,0,0,0,0,0,0,0,0,0,0,0,0,0,0,0,0,0,0,0,0,0,0,0,0,0,0,0,0,0,0,0,0,0,0,0,0,0,0,0,0,0,0,0,0,0,0,0,0,0,0,0,0,0,0,0,0]","[0,0,0,0,0,0,0,0,0,0,0,0,0,0,0,0,0,0,0,0,0,0,0,0,0,0,0,0,0,0,0,0,0,0,0,0,0,0,0,0,0,0,0,0,0,0,0,0,0,0,0,0,0,0,0,0,0,0,0,0,0,0,0,0]","[1572,786,1572,786,393,1572,1572,1572,393,786,786,1572,786,1572,786,393,786,393,1572,786,1572,786,1572,1572,1572,393,786,393,393,786,786,1572,786,786,786,393,393,786,393,786,786,1572,786,786,1572,1572,786,786,786,393,393,393,1572,786,786,1572,786,786,393,393,786,786,786,1572]","[1572,786,1572,786,393,1572,1572,1572,393,786,786,1572,786,1572,786,393,786,393,1572,786,1572,786,1572,1572,1572,393,786,393,393,786,786,1572,786,786,786,393,393,786,393,786,786,1572,786,786,1572,1572,786,786,786,393,393,393,1572,786,786,1572,786,786,393,393,786,786,786,1572]","[""0"",""0"",""0"",""0"",""0"",""0"",""0"",""0"",""0"",""0"",""0"",""0"",""0"",""0"",""0"",""0"",""0"",""0"",""0"",""0"",""0"",""0"",""0"",""0"",""0"",""0"",""0"",""0"",""0"",""0"",""0"",""0"",""0"",""0"",""0"",""0"",""0"",""0"",""0"",""0"",""0"",""0"",""0"",""0"",""0"",""0"",""0"",""0"",""0"",""0"",""0"",""0"",""0"",""0"",""0"",""0"",""0"",""0"",""0"",""0"",""0"",""0"",""0"",""0""]","[1572,786,1572,786,393,1572,1572,1572,393,786,786,1572,786,1572,786,393,786,393,1572,786,1572,786,1572,1572,1572,393,786,393,393,786,786,1572,786,786,786,393,393,786,393,786,786,1572,786,786,1572,1572,786,786,786,393,393,393,1572,786,786,1572,786,786,393,393,786,786,786,1572]","[0,0,0,0,0,0,0,0,0,0,0,0,0,0,0,0,0,0,0,0,0,0,0,0,0,0,0,0,0,0,0,0,0,0,0,0,0,0,0,0,0,0,0,0,0,0,0,0,0,0,0,0,0,0,0,0,0,0,0,0,0,0,0,0]"
6,validation_0002,validation,1,497,"[1572,786,1572,786,393,1572,1572,1572,393,786,786,1572,786,1572,786,393,786,393,1572,786,1572,786,1572,1572,1572,393,786,393,393,786,786,1572,786,786,786,393,393,786,393,786,786,1572,786,786,1572,1572,786,786,786,393,393,393,1572,786,786,1572,786,786,393,393,786,786,786,1572]","[1491,745,1491,745,372,1491,1491,1491,372,745,745,1491,745,1491,745,372,745,372,1491,745,1491,745,1491,1491,1491,372,745,372,372,745,745,1491,745,745,745,372,372,745,372,745,745,1491,745,745,1491,1491,745,745,745,372,372,372,1491,745,745,1491,745,745,372,372,745,745,745,1491]","[0,0,0,0,0,0,0,0,0,0,0,0,0,0,0,0,0,0,0,0,0,0,0,0,0,0,0,0,0,0,0,0,0,0,0,0,0,0,0,0,0,0,0,0,0,0,0,0,0,0,0,0,0,0,0,0,0,0,0,0,0,0,0,0]","[0,0,0,0,0,0,0,0,0,0,0,0,0,0,0,0,0,0,0,0,0,0,0,0,0,0,0,0,0,0,0,0,0,0,0,0,0,0,0,0,0,0,0,0,0,0,0,0,0,0,0,0,0,0,0,0,0,0,0,0,0,0,0,0]","[2867,1433,2867,1433,716,2867,2867,2867,716,1433,1433,2867,1433,2867,1433,716,1433,716,2867,1433,2867,1433,2867,2867,2867,716,1433,716,716,1433,1433,2867,1433,1433,1433,716,716,1433,716,1433,1433,2867,1433,1433,2867,2867,1433,1433,1433,716,716,716,2867,1433,1433,2867,1433,1433,716,716,1433,1433,1433,2867]","[2867,1433,2867,1433,716,2867,2867,2867,716,1433,1433,2867,1433,2867,1433,716,1433,716,2867,1433,2867,1433,2867,2867,2867,716,1433,716,716,1433,1433,2867,1433,1433,1433,716,716,1433,716,1433,1433,2867,1433,1433,2867,2867,1433,1433,1433,716,716,716,2867,1433,1433,2867,1433,1433,716,716,1433,1433,1433,2867]","[""1"",""0"",""1"",""0"",""0"",""1"",""1"",""1"",""0"",""0"",""0"",""1"",""0"",""1"",""0"",""0"",""0"",""0"",""1"",""0"",""1"",""0"",""1"",""1"",""1"",""0"",""0"",""0"",""0"",""0"",""0"",""1"",""0"",""0"",""0"",""0"",""0"",""0"",""0"",""0"",""0"",""1"",""0"",""0"",""1"",""1"",""0"",""0"",""0"",""0"",""0"",""0"",""1"",""0"",""0"",""1"",""0"",""0"",""0"",""0"",""0"",""0"",""0"",""1""]","[0,1433,0,1433,716,0,0,0,716,1433,1433,0,1433,0,1433,716,1433,716,0,1433,0,1433,0,0,0,716,1433,716,716,1433,1433,0,1433,1433,1433,716,716,1433,716,1433,1433,0,1433,1433,0,0,1433,1433,1433,716,716,716,0,1433,1433,0,1433,1433,716,716,1433,1433,1433,0]","[1,0,1,0,0,1,1,1,0,0,0,1,0,1,0,0,0,0,1,0,1,0,1,1,1,0,0,0,0,0,0,1,0,0,0,0,0,0,0,0,0,1,0,0,1,1,0,0,0,0,0,0,1,0,0,1,0,0,0,0,0,0,0,1]"
6,validation_0002,validation,2,522,"[0,1433,0,1433,716,0,0,0,716,1433,1433,0,1433,0,1433,716,1433,716,0,1433,0,1433,0,0,0,716,1433,716,716,1433,1433,0,1433,1433,1433,716,716,1433,716,1433,1433,0,1433,1433,0,0,1433,1433,1433,716,716,716,0,1433,1433,0,1433,1433,716,716,1433,1433,1433,0]","[1566,783,1566,783,391,1566,1566,1566,391,783,783,1566,783,1566,783,391,783,391,1566,783,1566,783,1566,1566,1566,391,783,391,391,783,783,1566,783,783,783,391,391,783,391,783,783,1566,783,783,1566,1566,783,783,783,391,391,391,1566,783,783,1566,783,783,391,391,783,783,783,1566]","[128,-128,0,64,64,64,128,0,128,64,192,128,0,192,64,128,-64,64,0,0,64,128,128,-128,0,0,64,64,64,64,64,-64,64,128,256,128,64,0,64,128,-64,-64,0,128,0,128,128,128,64,128,-64,128,0,128,64,0,256,64,64,64,0,192,0,0]","[128,-128,0,64,64,64,128,0,128,64,192,128,0,192,64,128,-64,64,0,0,64,128,128,-128,0,0,64,64,64,64,64,-64,64,128,256,128,64,0,64,128,-64,-64,0,128,0,128,128,128,64,128,-64,128,0,128,64,0,256,64,64,64,0,192,0,0]","[1694,1909,1566,2101,1082,1630,1694,1566,1146,2101,2229,1694,2037,1758,2101,1146,1973,1082,1566,2037,1630,2165,1694,1438,1566,1018,2101,1082,1082,2101,2101,1502,2101,2165,2293,1146,1082,2037,1082,2165,1973,1502,2037,2165,1566,1694,2165,2165,2101,1146,954,1146,1566,2165,2101,1566,2293,2101,1082,1082,2037,2229,2037,1566]","[1694,1909,1566,2101,1082,1630,1694,1566,1146,2101,2229,1694,2037,1758,2101,1146,1973,1082,1566,2037,1630,2165,1694,1438,1566,1018,2101,1082,1082,2101,2101,1502,2101,2165,2293,1146,1082,2037,1082,2165,1973,1502,2037,2165,1566,1694,2165,2165,2101,1146,954,1146,1566,2165,2101,1566,2293,2101,1082,1082,2037,2229,2037,1566]","[""0"",""0"",""0"",""0"",""0"",""0"",""0"",""0"",""0"",""0"",""0"",""0"",""0"",""0"",""0"",""0"",""0"",""0"",""0"",""0"",""0"",""0"",""0"",""0"",""0"",""0"",""0"",""0"",""0"",""0"",""0"",""0"",""0"",""0"",""0"",""0"",""0"",""0"",""0"",""0"",""0"",""0"",""0"",""0"",""0"",""0"",""0"",""0"",""0"",""0"",""0"",""0"",""0"",""0"",""0"",""0"",""0"",""0"",""0"",""0"",""0"",""0"",""0"",""0""]","[1694,1909,1566,2101,1082,1630,1694,1566,1146,2101,2229,1694,2037,1758,2101,1146,1973,1082,1566,2037,1630,2165,1694,1438,1566,1018,2101,1082,1082,2101,2101,1502,2101,2165,2293,1146,1082,2037,1082,2165,1973,1502,2037,2165,1566,1694,2165,2165,2101,1146,954,1146,1566,2165,2101,1566,2293,2101,1082,1082,2037,2229,2037,1566]","[1,0,1,0,0,1,1,1,0,0,0,1,0,1,0,0,0,0,1,0,1,0,1,1,1,0,0,0,0,0,0,1,0,0,0,0,0,0,0,0,0,1,0,0,1,1,0,0,0,0,0,0,1,0,0,1,0,0,0,0,0,0,0,1]"
6,validation_0002,validation,3,527,"[1694,1909,1566,2101,1082,1630,1694,1566,1146,2101,2229,1694,2037,1758,2101,1146,1973,1082,1566,2037,1630,2165,1694,1438,1566,1018,2101,1082,1082,2101,2101,1502,2101,2165,2293,1146,1082,2037,1082,2165,1973,1502,2037,2165,1566,1694,2165,2165,2101,1146,954,1146,1566,2165,2101,1566,2293,2101,1082,1082,2037,2229,2037,1566]","[1581,790,1581,790,395,1581,1581,1581,395,790,790,1581,790,1581,790,395,790,395,1581,790,1581,790,1581,1581,1581,395,790,395,395,790,790,1581,790,790,790,395,395,790,395,790,790,1581,790,790,1581,1581,790,790,790,395,395,395,1581,790,790,1581,790,790,395,395,790,790,790,1581]","[0,0,0,0,0,0,0,0,0,0,0,0,0,0,0,0,0,0,0,0,0,0,0,0,0,0,0,0,0,0,0,0,0,0,0,0,0,0,0,0,0,0,0,0,0,0,0,0,0,0,0,0,0,0,0,0,0,0,0,0,0,0,0,0]","[0,0,0,0,0,0,0,0,0,0,0,0,0,0,0,0,0,0,0,0,0,0,0,0,0,0,0,0,0,0,0,0,0,0,0,0,0,0,0,0,0,0,0,0,0,0,0,0,0,0,0,0,0,0,0,0,0,0,0,0,0,0,0,0]","[3064,2461,2952,2629,1342,3008,3064,2952,1398,2629,2741,3064,2573,3120,2629,1398,2517,1342,2952,2573,3008,2685,3064,2840,2952,1286,2629,1342,1342,2629,2629,2896,2629,2685,2797,1398,1342,2573,1342,2685,2517,2896,2573,2685,2952,3064,2685,2685,2629,1398,1230,1398,2952,2685,2629,2952,2797,2629,1342,1342,2573,2741,2573,2952]","[3064,2461,2952,2629,1342,3008,3064,2952,1398,2629,2741,3064,2573,3120,2629,1398,2517,1342,2952,2573,3008,2685,3064,2840,2952,1286,2629,1342,1342,2629,2629,2896,2629,2685,2797,1398,1342,2573,1342,2685,2517,2896,2573,2685,2952,3064,2685,2685,2629,1398,1230,1398,2952,2685,2629,2952,2797,2629,1342,1342,2573,2741,2573,2952]","[""1"",""0"",""1"",""1"",""0"",""1"",""1"",""1"",""0"",""1"",""1"",""1"",""1"",""1"",""1"",""0"",""0"",""0"",""1"",""1"",""1"",""1"",""1"",""1"",""1"",""0"",""1"",""0"",""0"",""1"",""1"",""1"",""1"",""1"",""1"",""0"",""0"",""1"",""0"",""1"",""0"",""1"",""1"",""1"",""1"",""1"",""1"",""1"",""1"",""0"",""0"",""0"",""1"",""1"",""1"",""1"",""1"",""1"",""0"",""0"",""1"",""1"",""1"",""1""]","[0,2461,0,0,1342,0,0,0,1398,0,0,0,0,0,0,1398,2517,1342,0,0,0,0,0,0,0,1286,0,1342,1342,0,0,0,0,0,0,1398,1342,0,1342,0,2517,0,0,0,0,0,0,0,0,1398,1230,1398,0,0,0,0,0,0,1342,1342,0,0,0,0]","[2,0,2,1,0,2,2,2,0,1,1,2,1,2,1,0,0,0,2,1,2,1,2,2,2,0,1,0,0,1,1,2,1,1,1,0,0,1,0,1,0,2,1,1,2,2,1,1,1,0,0,0,2,1,1,2,1,1,0,0,1,1,1,2]"
6,validation_0002,validation,4,521,"[0,2461,0,0,1342,0,0,0,1398,0,0,0,0,0,0,1398,2517,1342,0,0,0,0,0,0,0,1286,0,1342,1342,0,0,0,0,0,0,1398,1342,0,1342,0,2517,0,0,0,0,0,0,0,0,1398,1230,1398,0,0,0,0,0,0,1342,1342,0,0,0,0]","[1563,781,1563,781,390,1563,1563,1563,390,781,781,1563,781,1563,781,390,781,390,1563,781,1563,781,1563,1563,1563,390,781,390,390,781,781,1563,781,781,781,390,390,781,390,781,781,1563,781,781,1563,1563,781,781,781,390,390,390,1563,781,781,1563,781,781,390,390,781,781,781,1563]","[128,0,192,256,192,320,192,128,128,128,256,128,0,192,128,128,0,0,192,0,192,192,256,-64,-64,192,128,64,320,192,320,-64,128,256,192,384,192,256,192,192,0,-64,320,256,-64,256,384,128,384,320,256,128,64,192,128,192,384,128,128,192,192,128,128,256]","[128,0,192,256,192,320,192,128,128,128,256,128,0,192,128,128,0,0,192,0,192,192,256,-64,-64,192,128,64,320,192,320,-64,128,256,192,384,192,256,192,192,0,-64,320,256,-64,256,384,128,384,320,256,128,64,192,128,192,384,128,128,192,192,128,128,256]","[1691,2935,1755,1037,1757,1883,1755,1691,1742,909,1037,1691,781,1755,909,1742,2984,1565,1755,781,1755,973,1819,1499,1499,1708,909,1629,1885,973,1101,1499,909,1037,973,1998,1757,1037,1757,973,2984,1499,1101,1037,1499,1819,1165,909,1165,1934,1723,1742,1627,973,909,1755,1165,909,1693,1757,973,909,909,1819]","[1691,2935,1755,1037,1757,1883,1755,1691,1742,909,1037,1691,781,1755,909,1742,2984,1565,1755,781,1755,973,1819,1499,1499,1708,909,1629,1885,973,1101,1499,909,1037,973,1998,1757,1037,1757,973,2984,1499,1101,1037,1499,1819,1165,909,1165,1934,1723,1742,1627,973,909,1755,1165,909,1693,1757,973,909,909,1819]","[""0"",""1"",""0"",""0"",""0"",""0"",""0"",""0"",""0"",""0"",""0"",""0"",""0"",""0"",""0"",""0"",""1"",""0"",""0"",""0"",""0"",""0"",""0"",""0"",""0"",""0"",""0"",""0"",""0"",""0"",""0"",""0"",""0"",""0"",""0"",""0"",""0"",""0"",""0"",""0"",""1"",""0"",""0"",""0"",""0"",""0"",""0"",""0"",""0"",""0"",""0"",""0"",""0"",""0"",""0"",""0"",""0"",""0"",""0"",""0"",""0"",""0"",""0"",""0""]","[1691,0,1755,1037,1757,1883,1755,1691,1742,909,1037,1691,781,1755,909,1742,0,1565,1755,781,1755,973,1819,1499,1499,1708,909,1629,1885,973,1101,1499,909,1037,973,1998,1757,1037,1757,973,0,1499,1101,1037,1499,1819,1165,909,1165,1934,1723,1742,1627,973,909,1755,1165,909,1693,1757,973,909,909,1819]","[2,1,2,1,0,2,2,2,0,1,1,2,1,2,1,0,1,0,2,1,2,1,2,2,2,0,1,0,0,1,1,2,1,1,1,0,0,1,0,1,1,2,1,1,2,2,1,1,1,0,0,0,2,1,1,2,1,1,0,0,1,1,1,2]"
6,validation_0002,validation,5,521,"[1691,0,1755,1037,1757,1883,1755,1691,1742,909,1037,1691,781,1755,909,1742,0,1565,1755,781,1755,973,1819,1499,1499,1708,909,1629,1885,973,1101,1499,909,1037,973,1998,1757,1037,1757,973,0,1499,1101,1037,1499,1819,1165,909,1165,1934,1723,1742,1627,973,909,1755,1165,909,1693,1757,973,909,909,1819]","[1563,781,1563,781,390,1563,1563,1563,390,781,781,1563,781,1563,781,390,781,390,1563,781,1563,781,1563,1563,1563,390,781,390,390,781,781,1563,781,781,781,390,390,781,390,781,781,1563,781,781,1563,1563,781,781,781,390,390,390,1563,781,781,1563,781,781,390,390,781,781,781,1563]","[0,0,0,-64,64,0,0,0,0,64,0,0,0,0,64,-64,0,0,0,64,0,0,0,0,64,0,0,0,0,0,0,0,64,0,64,64,64,0,0,0,0,0,64,0,-64,64,0,0,64,0,0,0,-64,0,0,0,0,0,0,0,0,0,0,0]","[0,0,0,-64,64,0,0,0,0,64,0,0,0,0,64,-64,0,0,0,64,0,0,0,0,64,0,0,0,0,0,0,0,64,0,64,64,64,0,0,0,0,0,64,0,-64,64,0,0,64,0,0,0,-64,0,0,0,0,0,0,0,0,0,0,0]","[3043,781,3099,1625,1992,3211,3099,3043,1915,1641,1689,3043,1465,3099,1641,1851,781,1760,3099,1529,3099,1633,3155,2875,2939,1885,1577,1816,2040,1633,1745,2875,1641,1689,1697,2203,1992,1689,1928,1633,781,2875,1809,1689,2811,3219,1801,1577,1865,2083,1898,1915,2923,1633,1577,3099,1801,1577,1872,1928,1633,1577,1577,3155]","[3043,781,3099,1625,1992,3211,3099,3043,1915,1641,1689,3043,1465,3099,1641,1851,781,1760,3099,1529,3099,1633,3155,2875,2939,1885,1577,1816,2040,1633,1745,2875,1641,1689,1697,2203,1992,1689,1928,1633,781,2875,1809,1689,2811,3219,1801,1577,1865,2083,1898,1915,2923,1633,1577,3099,1801,1577,1872,1928,1633,1577,1577,3155]","[""1"",""0"",""1"",""0"",""0"",""1"",""1"",""1"",""0"",""0"",""0"",""1"",""0"",""1"",""0"",""0"",""0"",""0"",""1"",""0"",""1"",""0"",""1"",""1"",""1"",""0"",""0"",""0"",""0"",""0"",""0"",""1"",""0"",""0"",""0"",""0"",""0"",""0"",""0"",""0"",""0"",""1"",""0"",""0"",""1"",""1"",""0"",""0"",""0"",""0"",""0"",""0"",""1"",""0"",""0"",""1"",""0"",""0"",""0"",""0"",""0"",""0"",""0"",""1""]","[0,781,0,1625,1992,0,0,0,1915,1641,1689,0,1465,0,1641,1851,781,1760,0,1529,0,1633,0,0,0,1885,1577,1816,2040,1633,1745,0,1641,1689,1697,2203,1992,1689,1928,1633,781,0,1809,1689,0,0,1801,1577,1865,2083,1898,1915,0,1633,1577,0,1801,1577,1872,1928,1633,1577,1577,0]","[3,1,3,1,0,3,3,3,0,1,1,3,1,3,1,0,1,0,3,1,3,1,3,3,3,0,1,0,0,1,1,3,1,1,1,0,0,1,0,1,1,3,1,1,3,3,1,1,1,0,0,0,3,1,1,3,1,1,0,0,1,1,1,3]"
6,validation_0002,validation,6,523,"[0,781,0,1625,1992,0,0,0,1915,1641,1689,0,1465,0,1641,1851,781,1760,0,1529,0,1633,0,0,0,1885,1577,1816,2040,1633,1745,0,1641,1689,1697,2203,1992,1689,1928,1633,781,0,1809,1689,0,0,1801,1577,1865,2083,1898,1915,0,1633,1577,0,1801,1577,1872,1928,1633,1577,1577,0]","[1569,784,1569,784,392,1569,1569,1569,392,784,784,1569,784,1569,784,392,784,392,1569,784,1569,784,1569,1569,1569,392,784,392,392,784,784,1569,784,784,784,392,392,784,392,784,784,1569,784,784,1569,1569,784,784,784,392,392,392,1569,784,784,1569,784,784,392,392,784,784,784,1569]","[128,-128,0,64,64,64,128,0,128,64,192,128,0,192,64,128,-64,64,0,0,64,128,128,-128,0,0,64,64,64,64,64,-64,64,128,256,128,64,0,64,128,-64,-64,0,128,0,128,128,128,64,128,-64,128,0,128,64,0,256,64,64,64,0,192,0,0]","[128,-128,0,64,64,64,128,0,128,64,192,128,0,192,64,128,-64,64,0,0,64,128,128,-128,0,0,64,64,64,64,64,-64,64,128,256,128,64,0,64,128,-64,-64,0,128,0,128,128,128,64,128,-64,128,0,128,64,0,256,64,64,64,0,192,0,0]","[1697,1340,1569,2270,2199,1633,1697,1569,2196,2284,2454,1697,2066,1761,2284,2140,1404,1996,1569,2122,1633,2341,1697,1441,1569,2042,2228,2045,2241,2277,2375,1505,2284,2390,2525,2448,2199,2262,2143,2341,1404,1505,2367,2390,1569,1697,2488,2292,2480,2343,1989,2196,1569,2341,2228,1569,2616,2228,2094,2143,2213,2356,2164,1569]","[1697,1340,1569,2270,2199,1633,1697,1569,2196,2284,2454,1697,2066,1761,2284,2140,1404,1996,1569,2122,1633,2341,1697,1441,1569,2042,2228,2045,2241,2277,2375,1505,2284,2390,2525,2448,2199,2262,2143,2341,1404,1505,2367,2390,1569,1697,2488,2292,2480,2343,1989,2196,1569,2341,2228,1569,2616,2228,2094,2143,2213,2356,2164,1569]","[""0"",""0"",""0"",""0"",""0"",""0"",""0"",""0"",""0"",""0"",""0"",""0"",""0"",""0"",""0"",""0"",""0"",""0"",""0"",""0"",""0"",""0"",""0"",""0"",""0"",""0"",""0"",""0"",""0"",""0"",""0"",""0"",""0"",""0"",""0"",""0"",""0"",""0"",""0"",""0"",""0"",""0"",""0"",""0"",""0"",""0"",""0"",""0"",""0"",""0"",""0"",""0"",""0"",""0"",""0"",""0"",""1"",""0"",""0"",""0"",""0"",""0"",""0"",""0""]","[1697,1340,1569,2270,2199,1633,1697,1569,2196,2284,2454,1697,2066,1761,2284,2140,1404,1996,1569,2122,1633,2341,1697,1441,1569,2042,2228,2045,2241,2277,2375,1505,2284,2390,2525,2448,2199,2262,2143,2341,1404,1505,2367,2390,1569,1697,2488,2292,2480,2343,1989,2196,1569,2341,2228,1569,0,2228,2094,2143,2213,2356,2164,1569]","[3,1,3,1,0,3,3,3,0,1,1,3,1,3,1,0,1,0,3,1,3,1,3,3,3,0,1,0,0,1,1,3,1,1,1,0,0,1,0,1,1,3,1,1,3,3,1,1,1,0,0,0,3,1,1,3,2,1,0,0,1,1,1,3]"
6,validation_0002,validation,7,524,"[1697,1340,1569,2270,2199,1633,1697,1569,2196,2284,2454,1697,2066,1761,2284,2140,1404,1996,1569,2122,1633,2341,1697,1441,1569,2042,2228,2045,2241,2277,2375,1505,2284,2390,2525,2448,2199,2262,2143,2341,1404,1505,2367,2390,1569,1697,2488,2292,2480,2343,1989,2196,1569,2341,2228,1569,0,2228,2094,2143,2213,2356,2164,1569]","[1572,786,1572,786,393,1572,1572,1572,393,786,786,1572,786,1572,786,393,786,393,1572,786,1572,786,1572,1572,1572,393,786,393,393,786,786,1572,786,786,786,393,393,786,393,786,786,1572,786,786,1572,1572,786,786,786,393,393,393,1572,786,786,1572,786,786,393,393,786,786,786,1572]","[0,0,0,0,0,0,0,0,64,0,0,0,0,0,0,0,0,0,0,0,0,0,0,0,0,64,0,0,0,0,0,0,0,64,0,0,0,0,0,0,0,0,0,64,0,0,0,0,0,0,64,0,0,0,0,0,0,0,0,0,0,0,64,0]","[0,0,0,0,0,0,0,0,64,0,0,0,0,0,0,0,0,0,0,0,0,0,0,0,0,64,0,0,0,0,0,0,0,64,0,0,0,0,0,0,0,0,0,64,0,0,0,0,0,0,64,0,0,0,0,0,0,0,0,0,0,0,64,0]","[3057,1959,2945,2773,2318,3001,3057,2945,2379,2785,2934,3057,2594,3113,2785,2266,2015,2140,2945,2643,3001,2835,3057,2833,2945,2244,2736,2183,2354,2779,2865,2889,2785,2942,2996,2535,2318,2766,2269,2835,2015,2889,2858,2942,2945,3057,2963,2792,2956,2444,2198,2315,2945,2835,2736,2945,786,2736,2226,2269,2723,2848,2744,2945]","[3057,1959,2945,2773,2318,3001,3057,2945,2379,2785,2934,3057,2594,3113,2785,2266,2015,2140,2945,2643,3001,2835,3057,2833,2945,2244,2736,2183,2354,2779,2865,2889,2785,2942,2996,2535,2318,2766,2269,2835,2015,2889,2858,2942,2945,3057,2963,2792,2956,2444,2198,2315,2945,2835,2736,2945,786,2736,2226,2269,2723,2848,2744,2945]","[""1"",""0"",""1"",""1"",""0"",""1"",""1"",""1"",""0"",""1"",""1"",""1"",""1"",""1"",""1"",""0"",""0"",""0"",""1"",""1"",""1"",""1"",""1"",""1"",""1"",""0"",""1"",""0"",""0"",""1"",""1"",""1"",""1"",""1"",""1"",""0"",""0"",""1"",""0"",""1"",""0"",""1"",""1"",""1"",""1"",""1"",""1"",""1"",""1"",""0"",""0"",""0"",""1"",""1"",""1"",""1"",""0"",""1"",""0"",""0"",""1"",""1"",""1"",""1""]","[0,1959,0,0,2318,0,0,0,2379,0,0,0,0,0,0,2266,2015,2140,0,0,0,0,0,0,0,2244,0,2183,2354,0,0,0,0,0,0,2535,2318,0,2269,0,2015,0,0,0,0,0,0,0,0,2444,2198,2315,0,0,0,0,786,0,2226,2269,0,0,0,0]","[4,1,4,2,0,4,4,4,0,2,2,4,2,4,2,0,1,0,4,2,4,2,4,4,4,0,2,0,0,2,2,4,2,2,2,0,0,2,0,2,1,4,2,2,4,4,2,2,2,0,0,0,4,2,2,4,2,2,0,0,2,2,2,4]"
6,validation_0002,validation,8,522,"[0,1959,0,0,2318,0,0,0,2379,0,0,0,0,0,0,2266,2015,2140,0,0,0,0,0,0,0,2244,0,2183,2354,0,0,0,0,0,0,2535,2318,0,2269,0,2015,0,0,0,0,0,0,0,0,2444,2198,2315,0,0,0,0,786,0,2226,2269,0,0,0,0]","[1566,783,1566,783,391,1566,1566,1566,391,783,783,1566,783,1566,783,391,783,391,1566,783,1566,783,1566,1566,1566,391,783,391,391,783,783,1566,783,783,783,391,391,783,391,783,783,1566,783,783,1566,1566,783,783,783,391,391,391,1566,783,783,1566,783,783,391,391,783,783,783,1566]","[128,0,192,256,192,320,192,128,64,128,256,128,0,192,128,128,0,0,192,0,192,192,256,-64,-64,128,128,64,320,192,320,-64,128,192,192,384,192,256,192,192,0,-64,320,192,-64,256,384,128,384,320,192,128,64,192,128,192,384,128,128,192,192,128,64,256]","[128,0,192,256,192,320,192,128,64,128,256,128,0,192,128,128,0,0,192,0,192,192,256,-64,-64,128,128,64,320,192,320,-64,128,192,192,384,192,256,192,192,0,-64,320,192,-64,256,384,128,384,320,192,128,64,192,128,192,384,128,128,192,192,128,64,256]","[1694,2498,1758,1039,2612,1886,1758,1694,2537,911,1039,1694,783,1758,911,2502,2547,2264,1758,783,1758,975,1822,1502,1502,2483,911,2366,2771,975,1103,1502,911,975,975,2994,2612,1039,2569,975,2547,1502,1103,975,1502,1822,1167,911,1167,2850,2507,2545,1630,975,911,1758,1855,911,2467,2569,975,911,847,1822]","[1694,2498,1758,1039,2612,1886,1758,1694,2537,911,1039,1694,783,1758,911,2502,2547,2264,1758,783,1758,975,1822,1502,1502,2483,911,2366,2771,975,1103,1502,911,975,975,2994,2612,1039,2569,975,2547,1502,1103,975,1502,1822,1167,911,1167,2850,2507,2545,1630,975,911,1758,1855,911,2467,2569,975,911,847,1822]","[""0"",""0"",""0"",""0"",""1"",""0"",""0"",""0"",""0"",""0"",""0"",""0"",""0"",""0"",""0"",""0"",""0"",""0"",""0"",""0"",""0"",""0"",""0"",""0"",""0"",""0"",""0"",""0"",""1"",""0"",""0"",""0"",""0"",""0"",""0"",""1"",""1"",""0"",""1"",""0"",""0"",""0"",""0"",""0"",""0"",""0"",""0"",""0"",""0"",""1"",""0"",""0"",""0"",""0"",""0"",""0"",""0"",""0"",""0"",""1"",""0"",""0"",""0"",""0""]","[1694,2498,1758,1039,0,1886,1758,1694,2537,911,1039,1694,783,1758,911,2502,2547,2264,1758,783,1758,975,1822,1502,1502,2483,911,2366,0,975,1103,1502,911,975,975,0,0,1039,0,975,2547,1502,1103,975,1502,1822,1167,911,1167,0,2507,2545,1630,975,911,1758,1855,911,2467,0,975,911,847,1822]","[4,1,4,2,1,4,4,4,0,2,2,4,2,4,2,0,1,0,4,2,4,2,4,4,4,0,2,0,1,2,2,4,2,2,2,1,1,2,1,2,1,4,2,2,4,4,2,2,2,1,0,0,4,2,2,4,2,2,0,1,2,2,2,4]"
6,validation_0002,validation,9,523,"[1694,2498,1758,1039,0,1886,1758,1694,2537,911,1039,1694,783,1758,911,2502,2547,2264,1758,783,1758,975,1822,1502,1502,2483,911,2366,0,975,1103,1502,911,975,975,0,0,1039,0,975,2547,1502,1103,975,1502,1822,1167,911,1167,0,2507,2545,1630,975,911,1758,1855,911,2467,0,975,911,847,1822]","[1569,784,1569,784,392,1569,1569,1569,392,784,784,1569,784,1569,784,392,784,392,1569,784,1569,784,1569,1569,1569,392,784,392,392,784,784,1569,784,784,784,392,392,784,392,784,784,1569,784,784,1569,1569,784,784,784,392,392,392,1569,784,784,1569,784,784,392,392,784,784,784,1569]","[64,0,0,-64,0,128,64,-64,0,0,-64,64,64,0,0,0,0,64,-64,64,64,-64,0,0,64,64,64,0,0,64,64,0,0,0,-64,0,0,0,64,64,0,0,0,0,128,-64,0,0,-64,64,64,64,64,64,64,0,64,64,128,128,128,64,0,-64]","[64,0,0,-64,0,128,64,-64,0,0,-64,64,64,0,0,0,0,64,-64,64,64,-64,0,0,64,64,64,0,0,64,64,0,0,0,-64,0,0,0,64,64,0,0,0,0,128,-64,0,0,-64,64,64,64,64,64,64,0,64,64,128,128,128,64,0,-64]","[3116,2970,3108,1630,392,3348,3172,2988,2612,1582,1630,3116,1534,3108,1582,2582,3013,2437,3044,1534,3172,1574,3164,2884,2948,2629,1646,2463,392,1702,1814,2884,1582,1638,1574,392,392,1694,456,1702,3013,2884,1750,1638,3012,3100,1806,1582,1742,456,2650,2683,3060,1702,1646,3108,2472,1646,2679,520,1766,1646,1526,3100]","[3116,2970,3108,1630,392,3348,3172,2988,2612,1582,1630,3116,1534,3108,1582,2582,3013,2437,3044,1534,3172,1574,3164,2884,2948,2629,1646,2463,392,1702,1814,2884,1582,1638,1574,392,392,1694,456,1702,3013,2884,1750,1638,3012,3100,1806,1582,1742,456,2650,2683,3060,1702,1646,3108,2472,1646,2679,520,1766,1646,1526,3100]","[""1"",""1"",""1"",""0"",""0"",""1"",""1"",""1"",""1"",""0"",""0"",""1"",""0"",""1"",""0"",""1"",""1"",""0"",""1"",""0"",""1"",""0"",""1"",""1"",""1"",""1"",""0"",""0"",""0"",""0"",""0"",""1"",""0"",""0"",""0"",""0"",""0"",""0"",""0"",""0"",""1"",""1"",""0"",""0"",""1"",""1"",""0"",""0"",""0"",""0"",""1"",""1"",""1"",""0"",""0"",""1"",""0"",""0"",""1"",""0"",""0"",""0"",""0"",""1""]","[0,0,0,1630,392,0,0,0,0,1582,1630,0,1534,0,1582,0,0,2437,0,1534,0,1574,0,0,0,0,1646,2463,392,1702,1814,0,1582,1638,1574,392,392,1694,456,1702,0,0,1750,1638,0,0,1806,1582,1742,456,0,0,0,1702,1646,0,2472,1646,0,520,1766,1646,1526,0]","[5,2,5,2,1,5,5,5,1,2,2,5,2,5,2,1,2,0,5,2,5,2,5,5,5,1,2,0,1,2,2,5,2,2,2,1,1,2,1,2,2,5,2,2,5,5,2,2,2,1,1,1,5,2,2,5,2,2,1,1,2,2,2,5]"
6,validation_0002,validation,10,519,"[0,0,0,1630,392,0,0,0,0,1582,1630,0,1534,0,1582,0,0,2437,0,1534,0,1574,0,0,0,0,1646,2463,392,1702,1814,0,1582,1638,1574,392,392,1694,456,1702,0,0,1750,1638,0,0,1806,1582,1742,456,0,0,0,1702,1646,0,2472,1646,0,520,1766,1646,1526,0]","[1557,778,1557,778,389,1557,1557,1557,389,778,778,1557,778,1557,778,389,778,389,1557,778,1557,778,1557,1557,1557,389,778,389,389,778,778,1557,778,778,778,389,389,778,389,778,778,1557,778,778,1557,1557,778,778,778,389,389,389,1557,778,778,1557,778,778,389,389,778,778,778,1557]","[192,-128,0,0,128,128,128,0,256,128,128,192,64,192,64,64,0,128,0,64,64,128,128,-128,64,0,64,64,0,128,64,0,128,64,384,192,128,0,64,128,-64,-64,192,128,0,192,128,128,128,128,0,128,-64,128,64,64,320,128,64,64,64,192,0,64]","[192,-128,0,0,128,128,128,0,256,128,128,192,64,192,64,64,0,128,0,64,64,128,128,-128,64,0,64,64,0,128,64,0,128,64,384,192,128,0,64,128,-64,-64,192,128,0,192,128,128,128,128,0,128,-64,128,64,64,320,128,64,64,64,192,0,64]","[1749,650,1557,2205,860,1685,1685,1557,645,2291,2333,1749,2185,1749,2227,453,778,2650,1557,2185,1621,2284,1685,1429,1621,389,2283,2609,732,2396,2430,1557,2291,2276,2540,924,860,2261,852,2396,714,1493,2502,2340,1557,1749,2487,2291,2431,916,389,517,1493,2396,2283,1621,3261,2347,453,908,2388,2411,2114,1621]","[1749,650,1557,2205,860,1685,1685,1557,645,2291,2333,1749,2185,1749,2227,453,778,2650,1557,2185,1621,2284,1685,1429,1621,389,2283,2609,732,2396,2430,1557,2291,2276,2540,924,860,2261,852,2396,714,1493,2502,2340,1557,1749,2487,2291,2431,916,389,517,1493,2396,2283,1621,3261,2347,453,908,2388,2411,2114,1621]","[""0"",""0"",""0"",""0"",""0"",""0"",""0"",""0"",""0"",""0"",""0"",""0"",""0"",""0"",""0"",""0"",""0"",""1"",""0"",""0"",""0"",""0"",""0"",""0"",""0"",""0"",""0"",""1"",""0"",""0"",""0"",""0"",""0"",""0"",""0"",""0"",""0"",""0"",""0"",""0"",""0"",""0"",""0"",""0"",""0"",""0"",""0"",""0"",""0"",""0"",""0"",""0"",""0"",""0"",""0"",""0"",""1"",""0"",""0"",""0"",""0"",""0"",""0"",""0""]","[1749,650,1557,2205,860,1685,1685,1557,645,2291,2333,1749,2185,1749,2227,453,778,0,1557,2185,1621,2284,1685,1429,1621,389,2283,0,732,2396,2430,1557,2291,2276,2540,924,860,2261,852,2396,714,1493,2502,2340,1557,1749,2487,2291,2431,916,389,517,1493,2396,2283,1621,0,2347,453,908,2388,2411,2114,1621]","[5,2,5,2,1,5,5,5,1,2,2,5,2,5,2,1,2,1,5,2,5,2,5,5,5,1,2,1,1,2,2,5,2,2,2,1,1,2,1,2,2,5,2,2,5,5,2,2,2,1,1,1,5,2,2,5,3,2,1,1,2,2,2,5]"
6,validation_0002,validation,11,524,"[1749,650,1557,2205,860,1685,1685,1557,645,2291,2333,1749,2185,1749,2227,453,778,0,1557,2185,1621,2284,1685,1429,1621,389,2283,0,732,2396,2430,1557,2291,2276,2540,924,860,2261,852,2396,714,1493,2502,2340,1557,1749,2487,2291,2431,916,389,517,1493,2396,2283,1621,0,2347,453,908,2388,2411,2114,1621]","[1572,786,1572,786,393,1572,1572,1572,393,786,786,1572,786,1572,786,393,786,393,1572,786,1572,786,1572,1572,1572,393,786,393,393,786,786,1572,786,786,786,393,393,786,393,786,786,1572,786,786,1572,1572,786,786,786,393,393,393,1572,786,786,1572,786,786,393,393,786,786,786,1572]","[0,0,0,0,0,0,0,0,64,0,64,0,0,0,-64,0,64,0,64,0,0,0,0,0,0,64,0,64,0,0,0,0,-64,128,0,64,0,0,-64,0,0,0,0,64,64,0,0,0,0,64,128,0,0,0,0,0,0,0,0,0,0,0,64,0]","[0,0,0,0,0,0,0,0,64,0,64,0,0,0,-64,0,64,0,64,0,0,0,0,0,0,64,0,64,0,0,0,0,-64,128,0,64,0,0,-64,0,0,0,0,64,64,0,0,0,0,64,128,0,0,0,0,0,0,0,0,0,0,0,64,0]","[3103,1355,2935,2716,1146,3047,3047,2935,1022,2791,2892,3103,2698,3103,2671,790,1531,393,2999,2698,2991,2785,3047,2823,2991,798,2784,457,1034,2883,2913,2935,2727,2906,3009,1266,1146,2765,1075,2883,1411,2879,2976,2898,2999,3103,2963,2791,2914,1259,862,846,2879,2883,2784,2991,786,2840,790,1188,2876,2896,2700,2991]","[3103,1355,2935,2716,1146,3047,3047,2935,1022,2791,2892,3103,2698,3103,2671,790,1531,393,2999,2698,2991,2785,3047,2823,2991,798,2784,457,1034,2883,2913,2935,2727,2906,3009,1266,1146,2765,1075,2883,1411,2879,2976,2898,2999,3103,2963,2791,2914,1259,862,846,2879,2883,2784,2991,786,2840,790,1188,2876,2896,2700,2991]","[""1"",""0"",""1"",""1"",""0"",""1"",""1"",""1"",""0"",""1"",""1"",""1"",""1"",""1"",""1"",""0"",""0"",""0"",""1"",""1"",""1"",""1"",""1"",""1"",""1"",""0"",""1"",""0"",""0"",""1"",""1"",""1"",""1"",""1"",""1"",""0"",""0"",""1"",""0"",""1"",""0"",""1"",""1"",""1"",""1"",""1"",""1"",""1"",""1"",""0"",""0"",""0"",""1"",""1"",""1"",""1"",""0"",""1"",""0"",""0"",""1"",""1"",""1"",""1""]","[0,1355,0,0,1146,0,0,0,1022,0,0,0,0,0,0,790,1531,393,0,0,0,0,0,0,0,798,0,457,1034,0,0,0,0,0,0,1266,1146,0,1075,0,1411,0,0,0,0,0,0,0,0,1259,862,846,0,0,0,0,786,0,790,1188,0,0,0,0]","[6,2,6,3,1,6,6,6,1,3,3,6,3,6,3,1,2,1,6,3,6,3,6,6,6,1,3,1,1,3,3,6,3,3,3,1,1,3,1,3,2,6,3,3,6,6,3,3,3,1,1,1,6,3,3,6,3,3,1,1,3,3,3,6]"
6,validation_0002,validation,12,522,"[0,1355,0,0,1146,0,0,0,1022,0,0,0,0,0,0,790,1531,393,0,0,0,0,0,0,0,798,0,457,1034,0,0,0,0,0,0,1266,1146,0,1075,0,1411,0,0,0,0,0,0,0,0,1259,862,846,0,0,0,0,786,0,790,1188,0,0,0,0]","[1566,783,1566,783,391,1566,1566,1566,391,783,783,1566,783,1566,783,391,783,391,1566,783,1566,783,1566,1566,1566,391,783,391,391,783,783,1566,783,783,783,391,391,783,391,783,783,1566,783,783,1566,1566,783,783,783,391,391,391,1566,783,783,1566,783,783,391,391,783,783,783,1566]","[128,0,192,256,192,320,192,128,64,128,256,128,0,192,128,128,0,0,192,0,192,192,256,-64,-64,128,128,64,320,192,320,-64,128,192,192,384,192,256,192,192,0,-64,320,192,-64,256,384,128,384,320,192,128,64,192,128,192,384,128,128,192,192,128,64,256]","[128,0,192,256,192,320,192,128,64,128,256,128,0,192,128,128,0,0,192,0,192,192,256,-64,-64,128,128,64,320,192,320,-64,128,192,192,384,192,256,192,192,0,-64,320,192,-64,256,384,128,384,320,192,128,64,192,128,192,384,128,128,192,192,128,64,256]","[1694,1969,1758,1039,1586,1886,1758,1694,1350,911,1039,1694,783,1758,911,1211,2123,735,1758,783,1758,975,1822,1502,1502,1218,911,855,1616,975,1103,1502,911,975,975,1883,1586,1039,1524,975,2018,1502,1103,975,1502,1822,1167,911,1167,1813,1338,1260,1630,975,911,1758,1855,911,1211,1623,975,911,847,1822]","[1694,1969,1758,1039,1586,1886,1758,1694,1350,911,1039,1694,783,1758,911,1211,2123,735,1758,783,1758,975,1822,1502,1502,1218,911,855,1616,975,1103,1502,911,975,975,1883,1586,1039,1524,975,2018,1502,1103,975,1502,1822,1167,911,1167,1813,1338,1260,1630,975,911,1758,1855,911,1211,1623,975,911,847,1822]","[""0"",""0"",""0"",""0"",""0"",""0"",""0"",""0"",""0"",""0"",""0"",""0"",""0"",""0"",""0"",""0"",""0"",""0"",""0"",""0"",""0"",""0"",""0"",""0"",""0"",""0"",""0"",""0"",""0"",""0"",""0"",""0"",""0"",""0"",""0"",""0"",""0"",""0"",""0"",""0"",""0"",""0"",""0"",""0"",""0"",""0"",""0"",""0"",""0"",""0"",""0"",""0"",""0"",""0"",""0"",""0"",""0"",""0"",""0"",""0"",""0"",""0"",""0"",""0""]","[1694,1969,1758,1039,1586,1886,1758,1694,1350,911,1039,1694,783,1758,911,1211,2123,735,1758,783,1758,975,1822,1502,1502,1218,911,855,1616,975,1103,1502,911,975,975,1883,1586,1039,1524,975,2018,1502,1103,975,1502,1822,1167,911,1167,1813,1338,1260,1630,975,911,1758,1855,911,1211,1623,975,911,847,1822]","[6,2,6,3,1,6,6,6,1,3,3,6,3,6,3,1,2,1,6,3,6,3,6,6,6,1,3,1,1,3,3,6,3,3,3,1,1,3,1,3,2,6,3,3,6,6,3,3,3,1,1,1,6,3,3,6,3,3,1,1,3,3,3,6]"
6,validation_0002,validation,13,521,"[1694,1969,1758,1039,1586,1886,1758,1694,1350,911,1039,1694,783,1758,911,1211,2123,735,1758,783,1758,975,1822,1502,1502,1218,911,855,1616,975,1103,1502,911,975,975,1883,1586,1039,1524,975,2018,1502,1103,975,1502,1822,1167,911,1167,1813,1338,1260,1630,975,911,1758,1855,911,1211,1623,975,911,847,1822]","[1563,781,1563,781,390,1563,1563,1563,390,781,781,1563,781,1563,781,390,781,390,1563,781,1563,781,1563,1563,1563,390,781,390,390,781,781,1563,781,781,781,390,390,781,390,781,781,1563,781,781,1563,1563,781,781,781,390,390,390,1563,781,781,1563,781,781,390,390,781,781,781,1563]","[0,0,0,0,0,0,0,0,0,0,0,0,0,0,0,0,0,0,0,0,0,0,0,0,0,0,0,0,0,0,0,0,0,0,0,0,0,0,0,0,0,0,0,0,0,0,0,0,0,0,0,0,0,0,0,0,0,0,0,0,0,0,0,0]","[0,0,0,0,0,0,0,0,0,0,0,0,0,0,0,0,0,0,0,0,0,0,0,0,0,0,0,0,0,0,0,0,0,0,0,0,0,0,0,0,0,0,0,0,0,0,0,0,0,0,0,0,0,0,0,0,0,0,0,0,0,0,0,0]","[3046,2504,3102,1691,1778,3214,3102,3046,1572,1579,1691,3046,1467,3102,1579,1450,2639,1034,3102,1467,3102,1635,3158,2878,2878,1456,1579,1139,1804,1635,1747,2878,1579,1635,1635,2038,1778,1691,1724,1635,2547,2878,1747,1635,2878,3158,1803,1579,1803,1977,1561,1493,2990,1635,1579,3102,2405,1579,1450,1811,1635,1579,1523,3158]","[3046,2504,3102,1691,1778,3214,3102,3046,1572,1579,1691,3046,1467,3102,1579,1450,2639,1034,3102,1467,3102,1635,3158,2878,2878,1456,1579,1139,1804,1635,1747,2878,1579,1635,1635,2038,1778,1691,1724,1635,2547,2878,1747,1635,2878,3158,1803,1579,1803,1977,1561,1493,2990,1635,1579,3102,2405,1579,1450,1811,1635,1579,1523,3158]","[""1"",""0"",""1"",""0"",""0"",""1"",""1"",""1"",""0"",""0"",""0"",""1"",""0"",""1"",""0"",""0"",""1"",""0"",""1"",""0"",""1"",""0"",""1"",""1"",""1"",""0"",""0"",""0"",""0"",""0"",""0"",""1"",""0"",""0"",""0"",""0"",""0"",""0"",""0"",""0"",""0"",""1"",""0"",""0"",""1"",""1"",""0"",""0"",""0"",""0"",""0"",""0"",""1"",""0"",""0"",""1"",""0"",""0"",""0"",""0"",""0"",""0"",""0"",""1""]","[0,2504,0,1691,1778,0,0,0,1572,1579,1691,0,1467,0,1579,1450,0,1034,0,1467,0,1635,0,0,0,1456,1579,1139,1804,1635,1747,0,1579,1635,1635,2038,1778,1691,1724,1635,2547,0,1747,1635,0,0,1803,1579,1803,1977,1561,1493,0,1635,1579,0,2405,1579,1450,1811,1635,1579,1523,0]","[7,2,7,3,1,7,7,7,1,3,3,7,3,7,3,1,3,1,7,3,7,3,7,7,7,1,3,1,1,3,3,7,3,3,3,1,1,3,1,3,2,7,3,3,7,7,3,3,3,1,1,1,7,3,3,7,3,3,1,1,3,3,3,7]"
6,validation_0002,validation,14,517,"[0,2504,0,1691,1778,0,0,0,1572,1579,1691,0,1467,0,1579,1450,0,1034,0,1467,0,1635,0,0,0,1456,1579,1139,1804,1635,1747,0,1579,1635,1635,2038,1778,1691,1724,1635,2547,0,1747,1635,0,0,1803,1579,1803,1977,1561,1493,0,1635,1579,0,2405,1579,1450,1811,1635,1579,1523,0]","[1551,775,1551,775,387,1551,1551,1551,387,775,775,1551,775,1551,775,387,775,387,1551,775,1551,775,1551,1551,1551,387,775,387,387,775,775,1551,775,775,775,387,387,775,387,775,775,1551,775,775,1551,1551,775,775,775,387,387,387,1551,775,775,1551,775,775,387,387,775,775,775,1551]","[128,-128,0,0,128,64,128,0,128,64,192,128,0,192,64,64,-64,64,0,64,64,128,128,-128,64,0,64,64,64,64,64,-64,128,128,256,192,128,0,64,128,-64,-64,0,128,0,128,128,128,64,128,-64,128,0,128,64,0,256,64,128,64,0,192,0,0]","[128,-128,0,0,128,64,128,0,128,64,192,128,0,192,64,64,-64,64,0,64,64,128,128,-128,64,0,64,64,64,64,64,-64,128,128,256,192,128,0,64,128,-64,-64,0,128,0,128,128,128,64,128,-64,128,0,128,64,0,256,64,128,64,0,192,0,0]","[1679,2838,1551,2255,2071,1615,1679,1551,1891,2221,2447,1679,2059,1743,2221,1720,711,1356,1551,2123,1615,2334,1679,1423,1615,1661,2221,1448,2030,2270,2368,1487,2285,2334,2462,2363,2071,2255,1960,2334,2940,1487,2304,2334,1551,1679,2481,2285,2417,2245,1689,1822,1551,2334,2221,1551,3136,2221,1784,2036,2206,2349,2108,1551]","[1679,2838,1551,2255,2071,1615,1679,1551,1891,2221,2447,1679,2059,1743,2221,1720,711,1356,1551,2123,1615,2334,1679,1423,1615,1661,2221,1448,2030,2270,2368,1487,2285,2334,2462,2363,2071,2255,1960,2334,2940,1487,2304,2334,1551,1679,2481,2285,2417,2245,1689,1822,1551,2334,2221,1551,3136,2221,1784,2036,2206,2349,2108,1551]","[""0"",""1"",""0"",""0"",""0"",""0"",""0"",""0"",""0"",""0"",""0"",""0"",""0"",""0"",""0"",""0"",""0"",""0"",""0"",""0"",""0"",""0"",""0"",""0"",""0"",""0"",""0"",""0"",""0"",""0"",""0"",""0"",""0"",""0"",""0"",""0"",""0"",""0"",""0"",""0"",""1"",""0"",""0"",""0"",""0"",""0"",""0"",""0"",""0"",""0"",""0"",""0"",""0"",""0"",""0"",""0"",""1"",""0"",""0"",""0"",""0"",""0"",""0"",""0""]","[1679,0,1551,2255,2071,1615,1679,1551,1891,2221,2447,1679,2059,1743,2221,1720,711,1356,1551,2123,1615,2334,1679,1423,1615,1661,2221,1448,2030,2270,2368,1487,2285,2334,2462,2363,2071,2255,1960,2334,0,1487,2304,2334,1551,1679,2481,2285,2417,2245,1689,1822,1551,2334,2221,1551,0,2221,1784,2036,2206,2349,2108,1551]","[7,3,7,3,1,7,7,7,1,3,3,7,3,7,3,1,3,1,7,3,7,3,7,7,7,1,3,1,1,3,3,7,3,3,3,1,1,3,1,3,3,7,3,3,7,7,3,3,3,1,1,1,7,3,3,7,4,3,1,1,3,3,3,7]"
6,validation_0002,validation,15,522,"[1679,0,1551,2255,2071,1615,1679,1551,1891,2221,2447,1679,2059,1743,2221,1720,711,1356,1551,2123,1615,2334,1679,1423,1615,1661,2221,1448,2030,2270,2368,1487,2285,2334,2462,2363,2071,2255,1960,2334,0,1487,2304,2334,1551,1679,2481,2285,2417,2245,1689,1822,1551,2334,2221,1551,0,2221,1784,2036,2206,2349,2108,1551]","[1566,783,1566,783,391,1566,1566,1566,391,783,783,1566,783,1566,783,391,783,391,1566,783,1566,783,1566,1566,1566,391,783,391,391,783,783,1566,783,783,783,391,391,783,391,783,783,1566,783,783,1566,1566,783,783,783,391,391,391,1566,783,783,1566,783,783,391,391,783,783,783,1566]","[0,0,0,0,0,0,0,0,64,64,0,0,0,0,64,0,0,0,0,0,0,0,0,0,0,64,0,0,0,0,0,0,0,64,64,0,0,0,0,0,0,0,64,64,-64,64,0,0,64,0,64,0,-64,0,0,0,0,0,-64,0,0,0,64,0]","[0,0,0,0,0,0,0,0,64,64,0,0,0,0,64,0,0,0,0,0,0,0,0,0,0,64,0,0,0,0,0,0,0,64,64,0,0,0,0,0,0,0,64,64,-64,64,0,0,64,0,64,0,-64,0,0,0,0,0,-64,0,0,0,64,0]","[3036,783,2924,2757,2204,2980,3036,2924,2110,2791,2925,3036,2585,3092,2791,1896,1406,1578,2924,2641,2980,2826,3036,2812,2980,1909,2727,1658,2168,2770,2855,2868,2783,2890,3002,2459,2204,2757,2106,2826,783,2868,2863,2890,2860,3100,2954,2783,2962,2356,1933,1986,2860,2826,2727,2924,783,2727,1888,2173,2714,2839,2692,2924]","[3036,783,2924,2757,2204,2980,3036,2924,2110,2791,2925,3036,2585,3092,2791,1896,1406,1578,2924,2641,2980,2826,3036,2812,2980,1909,2727,1658,2168,2770,2855,2868,2783,2890,3002,2459,2204,2757,2106,2826,783,2868,2863,2890,2860,3100,2954,2783,2962,2356,1933,1986,2860,2826,2727,2924,783,2727,1888,2173,2714,2839,2692,2924]","[""1"",""0"",""1"",""1"",""0"",""1"",""1"",""1"",""0"",""1"",""1"",""1"",""1"",""1"",""1"",""0"",""0"",""0"",""1"",""1"",""1"",""1"",""1"",""1"",""1"",""0"",""1"",""0"",""0"",""1"",""1"",""1"",""1"",""1"",""1"",""0"",""0"",""1"",""0"",""1"",""0"",""1"",""1"",""1"",""1"",""1"",""1"",""1"",""1"",""0"",""0"",""0"",""1"",""1"",""1"",""1"",""0"",""1"",""0"",""0"",""1"",""1"",""1"",""1""]","[0,783,0,0,2204,0,0,0,2110,0,0,0,0,0,0,1896,1406,1578,0,0,0,0,0,0,0,1909,0,1658,2168,0,0,0,0,0,0,2459,2204,0,2106,0,783,0,0,0,0,0,0,0,0,2356,1933,1986,0,0,0,0,783,0,1888,2173,0,0,0,0]","[8,3,8,4,1,8,8,8,1,4,4,8,4,8,4,1,3,1,8,4,8,4,8,8,8,1,4,1,1,4,4,8,4,4,4,1,1,4,1,4,3,8,4,4,8,8,4,4,4,1,1,1,8,4,4,8,4,4,1,1,4,4,4,8]"
6,validation_0002,validation,16,522,"[0,783,0,0,2204,0,0,0,2110,0,0,0,0,0,0,1896,1406,1578,0,0,0,0,0,0,0,1909,0,1658,2168,0,0,0,0,0,0,2459,2204,0,2106,0,783,0,0,0,0,0,0,0,0,2356,1933,1986,0,0,0,0,783,0,1888,2173,0,0,0,0]","[1566,783,1566,783,391,1566,1566,1566,391,783,783,1566,783,1566,783,391,783,391,1566,783,1566,783,1566,1566,1566,391,783,391,391,783,783,1566,783,783,783,391,391,783,391,783,783,1566,783,783,1566,1566,783,783,783,391,391,391,1566,783,783,1566,783,783,391,391,783,783,783,1566]","[128,0,192,256,192,320,192,128,64,128,256,128,0,192,128,128,0,0,192,0,192,192,256,-64,-64,128,128,64,320,192,320,-64,128,192,192,384,192,256,192,192,0,-64,320,192,-64,256,384,128,384,320,192,128,64,192,128,192,384,128,128,192,192,128,64,256]","[128,0,192,256,192,320,192,128,64,128,256,128,0,192,128,128,0,0,192,0,192,192,256,-64,-64,128,128,64,320,192,320,-64,128,192,192,384,192,256,192,192,0,-64,320,192,-64,256,384,128,384,320,192,128,64,192,128,192,384,128,128,192,192,128,64,256]","[1694,1469,1758,1039,2512,1886,1758,1694,2302,911,1039,1694,783,1758,911,2178,2014,1772,1758,783,1758,975,1822,1502,1502,2190,911,1906,2608,975,1103,1502,911,975,975,2927,2512,1039,2426,975,1469,1502,1103,975,1502,1822,1167,911,1167,2773,2275,2257,1630,975,911,1758,1853,911,2171,2485,975,911,847,1822]","[1694,1469,1758,1039,2512,1886,1758,1694,2302,911,1039,1694,783,1758,911,2178,2014,1772,1758,783,1758,975,1822,1502,1502,2190,911,1906,2608,975,1103,1502,911,975,975,2927,2512,1039,2426,975,1469,1502,1103,975,1502,1822,1167,911,1167,2773,2275,2257,1630,975,911,1758,1853,911,2171,2485,975,911,847,1822]","[""0"",""0"",""0"",""0"",""0"",""0"",""0"",""0"",""0"",""0"",""0"",""0"",""0"",""0"",""0"",""0"",""0"",""0"",""0"",""0"",""0"",""0"",""0"",""0"",""0"",""0"",""0"",""0"",""1"",""0"",""0"",""0"",""0"",""0"",""0"",""1"",""0"",""0"",""0"",""0"",""0"",""0"",""0"",""0"",""0"",""0"",""0"",""0"",""0"",""1"",""0"",""0"",""0"",""0"",""0"",""0"",""0"",""0"",""0"",""0"",""0"",""0"",""0"",""0""]","[1694,1469,1758,1039,2512,1886,1758,1694,2302,911,1039,1694,783,1758,911,2178,2014,1772,1758,783,1758,975,1822,1502,1502,2190,911,1906,0,975,1103,1502,911,975,975,0,2512,1039,2426,975,1469,1502,1103,975,1502,1822,1167,911,1167,0,2275,2257,1630,975,911,1758,1853,911,2171,2485,975,911,847,1822]","[8,3,8,4,1,8,8,8,1,4,4,8,4,8,4,1,3,1,8,4,8,4,8,8,8,1,4,1,2,4,4,8,4,4,4,2,1,4,1,4,3,8,4,4,8,8,4,4,4,2,1,1,8,4,4,8,4,4,1,1,4,4,4,8]"
6,validation_0002,validation,17,522,"[1694,1469,1758,1039,2512,1886,1758,1694,2302,911,1039,1694,783,1758,911,2178,2014,1772,1758,783,1758,975,1822,1502,1502,2190,911,1906,0,975,1103,1502,911,975,975,0,2512,1039,2426,975,1469,1502,1103,975,1502,1822,1167,911,1167,0,2275,2257,1630,975,911,1758,1853,911,2171,2485,975,911,847,1822]","[1566,783,1566,783,391,1566,1566,1566,391,783,783,1566,783,1566,783,391,783,391,1566,783,1566,783,1566,1566,1566,391,783,391,391,783,783,1566,783,783,783,391,391,783,391,783,783,1566,783,783,1566,1566,783,783,783,391,391,391,1566,783,783,1566,783,783,391,391,783,783,783,1566]","[0,64,0,-64,0,64,0,-64,0,0,0,64,0,0,0,0,0,0,0,64,64,-64,0,0,0,0,64,0,0,64,0,0,0,0,-64,0,0,0,0,0,0,0,0,0,0,0,0,0,-64,0,64,0,0,64,0,0,64,0,64,0,64,64,0,0]","[0,64,0,-64,0,64,0,-64,0,0,0,64,0,0,0,0,0,0,0,64,64,-64,0,0,0,0,64,0,0,64,0,0,0,0,-64,0,0,0,0,0,0,0,0,0,0,0,0,0,-64,0,64,0,0,64,0,0,64,0,64,0,64,64,0,0]","[3049,2133,3105,1629,2589,3281,3105,2985,2406,1581,1693,3113,1469,3105,1581,2297,2546,1942,3105,1533,3169,1573,3161,2881,2881,2308,1645,2059,391,1701,1749,2881,1581,1637,1573,391,2589,1693,2514,1637,2069,2881,1749,1637,2881,3161,1805,1581,1741,391,2446,2366,2993,1701,1581,3105,2469,1581,2355,2566,1701,1645,1525,3161]","[3049,2133,3105,1629,2589,3281,3105,2985,2406,1581,1693,3113,1469,3105,1581,2297,2546,1942,3105,1533,3169,1573,3161,2881,2881,2308,1645,2059,391,1701,1749,2881,1581,1637,1573,391,2589,1693,2514,1637,2069,2881,1749,1637,2881,3161,1805,1581,1741,391,2446,2366,2993,1701,1581,3105,2469,1581,2355,2566,1701,1645,1525,3161]","[""1"",""0"",""1"",""0"",""1"",""1"",""1"",""1"",""0"",""0"",""0"",""1"",""0"",""1"",""0"",""0"",""0"",""0"",""1"",""0"",""1"",""0"",""1"",""1"",""1"",""0"",""0"",""0"",""0"",""0"",""0"",""1"",""0"",""0"",""0"",""0"",""1"",""0"",""0"",""0"",""0"",""1"",""0"",""0"",""1"",""1"",""0"",""0"",""0"",""0"",""0"",""0"",""1"",""0"",""0"",""1"",""0"",""0"",""0"",""1"",""0"",""0"",""0"",""1""]","[0,2133,0,1629,0,0,0,0,2406,1581,1693,0,1469,0,1581,2297,2546,1942,0,1533,0,1573,0,0,0,2308,1645,2059,391,1701,1749,0,1581,1637,1573,391,0,1693,2514,1637,2069,0,1749,1637,0,0,1805,1581,1741,391,2446,2366,0,1701,1581,0,2469,1581,2355,0,1701,1645,1525,0]","[9,3,9,4,2,9,9,9,1,4,4,9,4,9,4,1,3,1,9,4,9,4,9,9,9,1,4,1,2,4,4,9,4,4,4,2,2,4,1,4,3,9,4,4,9,9,4,4,4,2,1,1,9,4,4,9,4,4,1,2,4,4,4,9]"
6,validation_0002,validation,18,522,"[0,2133,0,1629,0,0,0,0,2406,1581,1693,0,1469,0,1581,2297,2546,1942,0,1533,0,1573,0,0,0,2308,1645,2059,391,1701,1749,0,1581,1637,1573,391,0,1693,2514,1637,2069,0,1749,1637,0,0,1805,1581,1741,391,2446,2366,0,1701,1581,0,2469,1581,2355,0,1701,1645,1525,0]","[1566,783,1566,783,391,1566,1566,1566,391,783,783,1566,783,1566,783,391,783,391,1566,783,1566,783,1566,1566,1566,391,783,391,391,783,783,1566,783,783,783,391,391,783,391,783,783,1566,783,783,1566,1566,783,783,783,391,391,391,1566,783,783,1566,783,783,391,391,783,783,783,1566]","[192,-192,0,64,64,64,192,0,128,64,128,128,64,192,64,128,-64,128,-64,0,64,128,128,-128,64,64,64,64,64,64,64,-64,64,128,256,128,64,0,128,192,-64,-64,0,128,64,128,128,128,64,192,-64,192,64,128,128,0,256,64,128,128,64,192,0,-64]","[192,-192,0,64,64,64,192,0,128,64,128,128,64,192,64,128,-64,128,-64,0,64,128,128,-128,64,64,64,64,64,64,64,-64,64,128,256,128,64,0,128,192,-64,-64,0,128,64,128,128,128,64,192,-64,192,64,128,128,0,256,64,128,128,64,192,0,-64]","[1758,2458,1566,2273,455,1630,1758,1566,2625,2231,2393,1694,2133,1758,2231,2529,2947,2219,1502,2125,1630,2288,1694,1438,1630,2475,2287,2257,798,2336,2378,1502,2231,2344,2416,862,455,2265,2719,2408,2530,1502,2314,2344,1630,1694,2491,2295,2371,926,2468,2654,1630,2400,2295,1566,3200,2231,2580,519,2336,2415,2118,1502]","[1758,2458,1566,2273,455,1630,1758,1566,2625,2231,2393,1694,2133,1758,2231,2529,2947,2219,1502,2125,1630,2288,1694,1438,1630,2475,2287,2257,798,2336,2378,1502,2231,2344,2416,862,455,2265,2719,2408,2530,1502,2314,2344,1630,1694,2491,2295,2371,926,2468,2654,1630,2400,2295,1566,3200,2231,2580,519,2336,2415,2118,1502]","[""0"",""0"",""0"",""0"",""0"",""0"",""0"",""0"",""1"",""0"",""0"",""0"",""0"",""0"",""0"",""0"",""1"",""0"",""0"",""0"",""0"",""0"",""0"",""0"",""0"",""0"",""0"",""0"",""0"",""0"",""0"",""0"",""0"",""0"",""0"",""0"",""0"",""0"",""1"",""0"",""0"",""0"",""0"",""0"",""0"",""0"",""0"",""0"",""0"",""0"",""0"",""1"",""0"",""0"",""0"",""0"",""1"",""0"",""1"",""0"",""0"",""0"",""0"",""0""]","[1758,2458,1566,2273,455,1630,1758,1566,0,2231,2393,1694,2133,1758,2231,2529,0,2219,1502,2125,1630,2288,1694,1438,1630,2475,2287,2257,798,2336,2378,1502,2231,2344,2416,862,455,2265,0,2408,2530,1502,2314,2344,1630,1694,2491,2295,2371,926,2468,0,1630,2400,2295,1566,0,2231,0,519,2336,2415,2118,1502]","[9,3,9,4,2,9,9,9,2,4,4,9,4,9,4,1,4,1,9,4,9,4,9,9,9,1,4,1,2,4,4,9,4,4,4,2,2,4,2,4,3,9,4,4,9,9,4,4,4,2,1,2,9,4,4,9,5,4,2,2,4,4,4,9]"
6,validation_0002,validation,19,522,"[1758,2458,1566,2273,455,1630,1758,1566,0,2231,2393,1694,2133,1758,2231,2529,0,2219,1502,2125,1630,2288,1694,1438,1630,2475,2287,2257,798,2336,2378,1502,2231,2344,2416,862,455,2265,0,2408,2530,1502,2314,2344,1630,1694,2491,2295,2371,926,2468,0,1630,2400,2295,1566,0,2231,0,519,2336,2415,2118,1502]","[1566,783,1566,783,391,1566,1566,1566,391,783,783,1566,783,1566,783,391,783,391,1566,783,1566,783,1566,1566,1566,391,783,391,391,783,783,1566,783,783,783,391,391,783,391,783,783,1566,783,783,1566,1566,783,783,783,391,391,391,1566,783,783,1566,783,783,391,391,783,783,783,1566]","[64,0,0,-64,64,64,0,0,192,0,-64,0,64,0,-64,-64,0,64,0,64,0,0,0,0,64,64,0,0,-64,64,64,0,64,0,64,64,0,0,0,0,0,0,64,64,64,-64,0,0,0,0,128,0,64,0,0,64,0,64,64,64,0,64,64,0]","[64,0,0,-64,64,64,0,0,192,0,-64,0,64,0,-64,-64,0,64,0,64,0,0,0,0,64,64,0,0,-64,64,64,0,64,0,64,64,0,0,0,0,0,0,64,64,64,-64,0,0,0,0,128,0,64,0,0,64,0,64,64,64,0,64,64,0]","[3169,2934,2937,2708,854,3057,3105,2937,583,2736,2813,3049,2714,3105,2672,2540,783,2397,2881,2707,2993,2785,3049,2825,3057,2621,2785,2366,1026,2891,2928,2881,2800,2834,2961,1210,790,2765,391,2890,2997,2881,2872,2898,3057,2985,2963,2792,2858,1202,2679,391,3057,2883,2792,3001,783,2800,455,910,2827,2961,2701,2881]","[3169,2934,2937,2708,854,3057,3105,2937,583,2736,2813,3049,2714,3105,2672,2540,783,2397,2881,2707,2993,2785,3049,2825,3057,2621,2785,2366,1026,2891,2928,2881,2800,2834,2961,1210,790,2765,391,2890,2997,2881,2872,2898,3057,2985,2963,2792,2858,1202,2679,391,3057,2883,2792,3001,783,2800,455,910,2827,2961,2701,2881]","[""1"",""1"",""1"",""1"",""0"",""1"",""1"",""1"",""0"",""1"",""1"",""1"",""1"",""1"",""1"",""0"",""0"",""0"",""1"",""1"",""1"",""1"",""1"",""1"",""1"",""1"",""1"",""0"",""0"",""1"",""1"",""1"",""1"",""1"",""1"",""0"",""0"",""1"",""0"",""1"",""1"",""1"",""1"",""1"",""1"",""1"",""1"",""1"",""1"",""0"",""1"",""0"",""1"",""1"",""1"",""1"",""0"",""1"",""0"",""0"",""1"",""1"",""1"",""1""]","[0,0,0,0,854,0,0,0,583,0,0,0,0,0,0,2540,783,2397,0,0,0,0,0,0,0,0,0,2366,1026,0,0,0,0,0,0,1210,790,0,391,0,0,0,0,0,0,0,0,0,0,1202,0,391,0,0,0,0,783,0,455,910,0,0,0,0]","[10,4,10,5,2,10,10,10,2,5,5,10,5,10,5,1,4,1,10,5,10,5,10,10,10,2,5,1,2,5,5,10,5,5,5,2,2,5,2,5,4,10,5,5,10,10,5,5,5,2,2,2,10,5,5,10,5,5,2,2,5,5,5,10]"
7,validation_0003,validation,0,515,"[0,0,0,0,0,0,0,0,0,0,0,0,0,0,0,0,0,0,0,0,0,0,0,0,0,0,0,0,0,0,0,0,0,0,0,0,0,0,0,0,0,0,0,0,0,0,0,0,0,0,0,0,0,0,0,0,0,0,0,0,0,0,0,0]","[1545,772,1545,772,386,1545,1545,1545,386,772,772,1545,772,1545,772,386,772,386,1545,772,1545,772,1545,1545,1545,386,772,386,386,772,772,1545,772,772,772,386,386,772,386,772,772,1545,772,772,1545,1545,772,772,772,386,386,386,1545,772,772,1545,772,772,386,386,772,772,772,1545]","[0,0,0,0,0,0,0,0,0,0,0,0,0,0,0,0,0,0,0,0,0,0,0,0,0,0,0,0,0,0,0,0,0,0,0,0,0,0,0,0,0,0,0,0,0,0,0,0,0,0,0,0,0,0,0,0,0,0,0,0,0,0,0,0]","[0,0,0,0,0,0,0,0,0,0,0,0,0,0,0,0,0,0,0,0,0,0,0,0,0,0,0,0,0,0,0,0,0,0,0,0,0,0,0,0,0,0,0,0,0,0,0,0,0,0,0,0,0,0,0,0,0,0,0,0,0,0,0,0]","[1545,772,1545,772,386,1545,1545,1545,386,772,772,1545,772,1545,772,386,772,386,1545,772,1545,772,1545,1545,1545,386,772,386,386,772,772,1545,772,772,772,386,386,772,386,772,772,1545,772,772,1545,1545,772,772,772,386,386,386,1545,772,772,1545,772,772,386,386,772,772,772,1545]","[1545,772,1545,772,386,1545,1545,1545,386,772,772,1545,772,1545,772,386,772,386,1545,772,1545,772,1545,1545,1545,386,772,386,386,772,772,1545,772,772,772,386,386,772,386,772,772,1545,772,772,1545,1545,772,772,772,386,386,386,1545,772,772,1545,772,772,386,386,772,772,772,1545]","[""0"",""0"",""0"",""0"",""0"",""0"",""0"",""0"",""0"",""0"",""0"",""0"",""0"",""0"",""0"",""0"",""0"",""0"",""0"",""0"",""0"",""0"",""0"",""0"",""0"",""0"",""0"",""0"",""0"",""0"",""0"",""0"",""0"",""0"",""0"",""0"",""0"",""0"",""0"",""0"",""0"",""0"",""0"",""0"",""0"",""0"",""0"",""0"",""0"",""0"",""0"",""0"",""0"",""0"",""0"",""0"",""0"",""0"",""0"",""0"",""0"",""0"",""0"",""0""]","[1545,772,1545,772,386,1545,1545,1545,386,772,772,1545,772,1545,772,386,772,386,1545,772,1545,772,1545,1545,1545,386,772,386,386,772,772,1545,772,772,772,386,386,772,386,772,772,1545,772,772,1545,1545,772,772,772,386,386,386,1545,772,772,1545,772,772,386,386,772,772,772,1545]","[0,0,0,0,0,0,0,0,0,0,0,0,0,0,0,0,0,0,0,0,0,0,0,0,0,0,0,0,0,0,0,0,0,0,0,0,0,0,0,0,0,0,0,0,0,0,0,0,0,0,0,0,0,0,0,0,0,0,0,0,0,0,0,0]"
7,validation_0003,validation,1,515,"[1545,772,1545,772,386,1545,1545,1545,386,772,772,1545,772,1545,772,386,772,386,1545,772,1545,772,1545,1545,1545,386,772,386,386,772,772,1545,772,772,772,386,386,772,386,772,772,1545,772,772,1545,1545,772,772,772,386,386,386,1545,772,772,1545,772,772,386,386,772,772,772,1545]","[1545,772,1545,772,386,1545,1545,1545,386,772,772,1545,772,1545,772,386,772,386,1545,772,1545,772,1545,1545,1545,386,772,386,386,772,772,1545,772,772,772,386,386,772,386,772,772,1545,772,772,1545,1545,772,772,772,386,386,386,1545,772,772,1545,772,772,386,386,772,772,772,1545]","[0,0,0,0,0,0,0,0,0,0,0,0,0,0,0,0,0,0,0,0,0,0,0,0,0,0,0,0,0,0,0,0,0,0,0,0,0,0,0,0,0,0,0,0,0,0,0,0,0,0,0,0,0,0,0,0,0,0,0,0,0,0,0,0]","[0,0,0,0,0,0,0,0,0,0,0,0,0,0,0,0,0,0,0,0,0,0,0,0,0,0,0,0,0,0,0,0,0,0,0,0,0,0,0,0,0,0,0,0,0,0,0,0,0,0,0,0,0,0,0,0,0,0,0,0,0,0,0,0]","[2897,1448,2897,1448,724,2897,2897,2897,724,1448,1448,2897,1448,2897,1448,724,1448,724,2897,1448,2897,1448,2897,2897,2897,724,1448,724,724,1448,1448,2897,1448,1448,1448,724,724,1448,724,1448,1448,2897,1448,1448,2897,2897,1448,1448,1448,724,724,724,2897,1448,1448,2897,1448,1448,724,724,1448,1448,1448,2897]","[2897,1448,2897,1448,724,2897,2897,2897,724,1448,1448,2897,1448,2897,1448,724,1448,724,2897,1448,2897,1448,2897,2897,2897,724,1448,724,724,1448,1448,2897,1448,1448,1448,724,724,1448,724,1448,1448,2897,1448,1448,2897,2897,1448,1448,1448,724,724,724,2897,1448,1448,2897,1448,1448,724,724,1448,1448,1448,2897]","[""1"",""0"",""1"",""0"",""0"",""1"",""1"",""1"",""0"",""0"",""0"",""1"",""0"",""1"",""0"",""0"",""0"",""0"",""1"",""0"",""1"",""0"",""1"",""1"",""1"",""0"",""0"",""0"",""0"",""0"",""0"",""1"",""0"",""0"",""0"",""0"",""0"",""0"",""0"",""0"",""0"",""1"",""0"",""0"",""1"",""1"",""0"",""0"",""0"",""0"",""0"",""0"",""1"",""0"",""0"",""1"",""0"",""0"",""0"",""0"",""0"",""0"",""0"",""1""]","[0,1448,0,1448,724,0,0,0,724,1448,1448,0,1448,0,1448,724,1448,724,0,1448,0,1448,0,0,0,724,1448,724,724,1448,1448,0,1448,1448,1448,724,724,1448,724,1448,1448,0,1448,1448,0,0,1448,1448,1448,724,724,724,0,1448,1448,0,1448,1448,724,724,1448,1448,1448,0]","[1,0,1,0,0,1,1,1,0,0,0,1,0,1,0,0,0,0,1,0,1,0,1,1,1,0,0,0,0,0,0,1,0,0,0,0,0,0,0,0,0,1,0,0,1,1,0,0,0,0,0,0,1,0,0,1,0,0,0,0,0,0,0,1]"
7,validation_0003,validation,2,515,"[0,1448,0,1448,724,0,0,0,724,1448,1448,0,1448,0,1448,724,1448,724,0,1448,0,1448,0,0,0,724,1448,724,724,1448,1448,0,1448,1448,1448,724,724,1448,724,1448,1448,0,1448,1448,0,0,1448,1448,1448,724,724,724,0,1448,1448,0,1448,1448,724,724,1448,1448,1448,0]","[1545,772,1545,772,386,1545,1545,1545,386,772,772,1545,772,1545,772,386,772,386,1545,772,1545,772,1545,1545,1545,386,772,386,386,772,772,1545,772,772,772,386,386,772,386,772,772,1545,772,772,1545,1545,772,772,772,386,386,386,1545,772,772,1545,772,772,386,386,772,772,772,1545]","[128,-128,0,64,64,64,128,0,128,64,192,128,0,192,64,128,-64,64,0,0,64,128,128,-128,0,0,64,64,64,64,64,-64,64,128,256,128,64,0,64,128,-64,-64,0,128,0,128,128,128,64,128,-64,128,0,128,64,0,256,64,64,64,0,192,0,0]","[128,-128,0,64,64,64,128,0,128,64,192,128,0,192,64,128,-64,64,0,0,64,128,128,-128,0,0,64,64,64,64,64,-64,64,128,256,128,64,0,64,128,-64,-64,0,128,0,128,128,128,64,128,-64,128,0,128,64,0,256,64,64,64,0,192,0,0]","[1673,1911,1545,2103,1084,1609,1673,1545,1148,2103,2231,1673,2039,1737,2103,1148,1975,1084,1545,2039,1609,2167,1673,1417,1545,1020,2103,1084,1084,2103,2103,1481,2103,2167,2295,1148,1084,2039,1084,2167,1975,1481,2039,2167,1545,1673,2167,2167,2103,1148,956,1148,1545,2167,2103,1545,2295,2103,1084,1084,2039,2231,2039,1545]","[1673,1911,1545,2103,1084,1609,1673,1545,1148,2103,2231,1673,2039,1737,2103,1148,1975,1084,1545,2039,1609,2167,1673,1417,1545,1020,2103,1084,1084,2103,2103,1481,2103,2167,2295,1148,1084,2039,1084,2167,1975,1481,2039,2167,1545,1673,2167,2167,2103,1148,956,1148,1545,2167,2103,1545,2295,2103,1084,1084,2039,2231,2039,1545]","[""0"",""0"",""0"",""0"",""0"",""0"",""0"",""0"",""0"",""0"",""0"",""0"",""0"",""0"",""0"",""0"",""0"",""0"",""0"",""0"",""0"",""0"",""0"",""0"",""0"",""0"",""0"",""0"",""0"",""0"",""0"",""0"",""0"",""0"",""0"",""0"",""0"",""0"",""0"",""0"",""0"",""0"",""0"",""0"",""0"",""0"",""0"",""0"",""0"",""0"",""0"",""0"",""0"",""0"",""0"",""0"",""0"",""0"",""0"",""0"",""0"",""0"",""0"",""0""]","[1673,1911,1545,2103,1084,1609,1673,1545,1148,2103,2231,1673,2039,1737,2103,1148,1975,1084,1545,2039,1609,2167,1673,1417,1545,1020,2103,1084,1084,2103,2103,1481,2103,2167,2295,1148,1084,2039,1084,2167,1975,1481,2039,2167,1545,1673,2167,2167,2103,1148,956,1148,1545,2167,2103,1545,2295,2103,1084,1084,2039,2231,2039,1545]","[1,0,1,0,0,1,1,1,0,0,0,1,0,1,0,0,0,0,1,0,1,0,1,1,1,0,0,0,0,0,0,1,0,0,0,0,0,0,0,0,0,1,0,0,1,1,0,0,0,0,0,0,1,0,0,1,0,0,0,0,0,0,0,1]"
7,validation_0003,validation,3,516,"[1673,1911,1545,2103,1084,1609,1673,1545,1148,2103,2231,1673,2039,1737,2103,1148,1975,1084,1545,2039,1609,2167,1673,1417,1545,1020,2103,1084,1084,2103,2103,1481,2103,2167,2295,1148,1084,2039,1084,2167,1975,1481,2039,2167,1545,1673,2167,2167,2103,1148,956,1148,1545,2167,2103,1545,2295,2103,1084,1084,2039,2231,2039,1545]","[1548,774,1548,774,387,1548,1548,1548,387,774,774,1548,774,1548,774,387,774,387,1548,774,1548,774,1548,1548,1548,387,774,387,387,774,774,1548,774,774,774,387,387,774,387,774,774,1548,774,774,1548,1548,774,774,774,387,387,387,1548,774,774,1548,774,774,387,387,774,774,774,1548]","[0,0,0,0,0,0,0,0,0,0,0,0,0,0,0,0,0,0,0,0,0,0,0,0,0,0,0,0,0,0,0,0,0,0,0,0,0,0,0,0,0,0,0,0,0,0,0,0,0,0,0,0,0,0,0,0,0,0,0,0,0,0,0,0]","[0,0,0,0,0,0,0,0,0,0,0,0,0,0,0,0,0,0,0,0,0,0,0,0,0,0,0,0,0,0,0,0,0,0,0,0,0,0,0,0,0,0,0,0,0,0,0,0,0,0,0,0,0,0,0,0,0,0,0,0,0,0,0,0]","[3012,2447,2900,2615,1336,2956,3012,2900,1392,2615,2727,3012,2559,3068,2615,1392,2503,1336,2900,2559,2956,2671,3012,2788,2900,1280,2615,1336,1336,2615,2615,2844,2615,2671,2783,1392,1336,2559,1336,2671,2503,2844,2559,2671,2900,3012,2671,2671,2615,1392,1224,1392,2900,2671,2615,2900,2783,2615,1336,1336,2559,2727,2559,2900]","[3012,2447,2900,2615,1336,2956,3012,2900,1392,2615,2727,3012,2559,3068,2615,1392,2503,1336,2900,2559,2956,2671,3012,2788,2900,1280,2615,1336,1336,2615,2615,2844,2615,2671,2783,1392,1336,2559,1336,2671,2503,2844,2559,2671,2900,3012,2671,2671,2615,1392,1224,1392,2900,2671,2615,2900,2783,2615,1336,1336,2559,2727,2559,2900]","[""1"",""0"",""1"",""1"",""0"",""1"",""1"",""1"",""0"",""1"",""1"",""1"",""0"",""1"",""1"",""0"",""0"",""0"",""1"",""0"",""1"",""1"",""1"",""1"",""1"",""0"",""1"",""0"",""0"",""1"",""1"",""1"",""1"",""1"",""1"",""0"",""0"",""0"",""0"",""1"",""0"",""1"",""0"",""1"",""1"",""1"",""1"",""1"",""1"",""0"",""0"",""0"",""1"",""1"",""1"",""1"",""1"",""1"",""0"",""0"",""0"",""1"",""0"",""1""]","[0,2447,0,0,1336,0,0,0,1392,0,0,0,2559,0,0,1392,2503,1336,0,2559,0,0,0,0,0,1280,0,1336,1336,0,0,0,0,0,0,1392,1336,2559,1336,0,2503,0,2559,0,0,0,0,0,0,1392,1224,1392,0,0,0,0,0,0,1336,1336,2559,0,2559,0]","[2,0,2,1,0,2,2,2,0,1,1,2,0,2,1,0,0,0,2,0,2,1,2,2,2,0,1,0,0,1,1,2,1,1,1,0,0,0,0,1,0,2,0,1,2,2,1,1,1,0,0,0,2,1,1,2,1,1,0,0,0,1,0,2]"
7,validation_0003,validation,4,514,"[0,2447,0,0,1336,0,0,0,1392,0,0,0,2559,0,0,1392,2503,1336,0,2559,0,0,0,0,0,1280,0,1336,1336,0,0,0,0,0,0,1392,1336,2559,1336,0,2503,0,2559,0,0,0,0,0,0,1392,1224,1392,0,0,0,0,0,0,1336,1336,2559,0,2559,0]","[1542,771,1542,771,385,1542,1542,1542,385,771,771,1542,771,1542,771,385,771,385,1542,771,1542,771,1542,1542,1542,385,771,385,385,771,771,1542,771,771,771,385,385,771,385,771,771,1542,771,771,1542,1542,771,771,771,385,385,385,1542,771,771,1542,771,771,385,385,771,771,771,1542]","[192,0,128,192,192,256,128,64,128,64,256,64,0,192,64,128,-64,0,128,128,192,128,192,-64,0,128,192,64,192,64,320,-64,192,256,192,256,128,192,0,192,0,0,192,256,-64,128,320,192,320,192,128,128,192,192,128,128,256,128,64,128,192,192,64,256]","[192,0,128,192,192,256,128,64,128,64,256,64,0,192,64,128,-64,0,128,128,192,128,192,-64,0,128,192,64,192,64,320,-64,192,256,192,256,128,192,0,192,0,0,192,256,-64,128,320,192,320,192,128,128,192,192,128,128,256,128,64,128,192,192,64,256]","[1734,2913,1670,963,1746,1798,1670,1606,1731,835,1027,1606,3011,1734,835,1731,2898,1554,1670,3139,1734,899,1734,1478,1542,1633,963,1618,1746,835,1091,1478,963,1027,963,1859,1682,3203,1554,963,2962,1542,3203,1027,1478,1670,1091,963,1091,1795,1584,1731,1734,963,899,1670,1027,899,1618,1682,3203,963,3075,1798]","[1734,2913,1670,963,1746,1798,1670,1606,1731,835,1027,1606,3011,1734,835,1731,2898,1554,1670,3139,1734,899,1734,1478,1542,1633,963,1618,1746,835,1091,1478,963,1027,963,1859,1682,3203,1554,963,2962,1542,3203,1027,1478,1670,1091,963,1091,1795,1584,1731,1734,963,899,1670,1027,899,1618,1682,3203,963,3075,1798]","[""0"",""1"",""0"",""0"",""0"",""0"",""0"",""0"",""0"",""0"",""0"",""0"",""1"",""0"",""0"",""0"",""1"",""0"",""0"",""1"",""0"",""0"",""0"",""0"",""0"",""0"",""0"",""0"",""0"",""0"",""0"",""0"",""0"",""0"",""0"",""0"",""0"",""1"",""0"",""0"",""1"",""0"",""1"",""0"",""0"",""0"",""0"",""0"",""0"",""0"",""0"",""0"",""0"",""0"",""0"",""0"",""0"",""0"",""0"",""0"",""1"",""0"",""1"",""0""]","[1734,0,1670,963,1746,1798,1670,1606,1731,835,1027,1606,0,1734,835,1731,0,1554,1670,0,1734,899,1734,1478,1542,1633,963,1618,1746,835,1091,1478,963,1027,963,1859,1682,0,1554,963,0,1542,0,1027,1478,1670,1091,963,1091,1795,1584,1731,1734,963,899,1670,1027,899,1618,1682,0,963,0,1798]","[2,1,2,1,0,2,2,2,0,1,1,2,1,2,1,0,1,0,2,1,2,1,2,2,2,0,1,0,0,1,1,2,1,1,1,0,0,1,0,1,1,2,1,1,2,2,1,1,1,0,0,0,2,1,1,2,1,1,0,0,1,1,1,2]"
7,validation_0003,validation,5,513,"[1734,0,1670,963,1746,1798,1670,1606,1731,835,1027,1606,0,1734,835,1731,0,1554,1670,0,1734,899,1734,1478,1542,1633,963,1618,1746,835,1091,1478,963,1027,963,1859,1682,0,1554,963,0,1542,0,1027,1478,1670,1091,963,1091,1795,1584,1731,1734,963,899,1670,1027,899,1618,1682,0,963,0,1798]","[1539,769,1539,769,384,1539,1539,1539,384,769,769,1539,769,1539,769,384,769,384,1539,769,1539,769,1539,1539,1539,384,769,384,384,769,769,1539,769,769,769,384,384,769,384,769,769,1539,769,769,1539,1539,769,769,769,384,384,384,1539,769,769,1539,769,769,384,384,769,769,769,1539]","[-64,0,64,0,64,64,64,64,0,128,0,64,0,0,128,-64,64,0,64,-64,0,64,64,0,0,64,-64,0,128,128,0,0,0,0,64,192,128,64,192,0,0,-64,192,0,-64,192,64,-64,128,128,128,0,-192,0,0,64,128,0,64,64,0,-64,64,0]","[-64,0,64,0,64,64,64,64,0,128,0,64,0,0,128,-64,64,0,64,-64,0,64,64,0,0,64,-64,0,128,128,0,0,0,0,64,192,128,64,192,0,0,-64,192,0,-64,192,64,-64,128,128,128,0,-192,0,0,64,128,0,64,64,0,-64,64,0]","[2993,769,3065,1612,1976,3177,3065,3009,1899,1628,1668,3009,769,3057,1628,1835,833,1744,3065,705,3057,1620,3121,2833,2889,1877,1548,1800,2040,1628,1724,2833,1612,1668,1676,2203,1984,833,1936,1612,769,2825,961,1668,2769,3193,1788,1548,1852,2083,1898,1899,2865,1612,1556,3065,1796,1556,1864,1920,769,1548,833,3113]","[2993,769,3065,1612,1976,3177,3065,3009,1899,1628,1668,3009,769,3057,1628,1835,833,1744,3065,705,3057,1620,3121,2833,2889,1877,1548,1800,2040,1628,1724,2833,1612,1668,1676,2203,1984,833,1936,1612,769,2825,961,1668,2769,3193,1788,1548,1852,2083,1898,1899,2865,1612,1556,3065,1796,1556,1864,1920,769,1548,833,3113]","[""1"",""0"",""1"",""0"",""0"",""1"",""1"",""1"",""0"",""0"",""0"",""1"",""0"",""1"",""0"",""0"",""0"",""0"",""1"",""0"",""1"",""0"",""1"",""1"",""1"",""0"",""0"",""0"",""0"",""0"",""0"",""1"",""0"",""0"",""0"",""0"",""0"",""0"",""0"",""0"",""0"",""1"",""0"",""0"",""1"",""1"",""0"",""0"",""0"",""0"",""0"",""0"",""1"",""0"",""0"",""1"",""0"",""0"",""0"",""0"",""0"",""0"",""0"",""1""]","[0,769,0,1612,1976,0,0,0,1899,1628,1668,0,769,0,1628,1835,833,1744,0,705,0,1620,0,0,0,1877,1548,1800,2040,1628,1724,0,1612,1668,1676,2203,1984,833,1936,1612,769,0,961,1668,0,0,1788,1548,1852,2083,1898,1899,0,1612,1556,0,1796,1556,1864,1920,769,1548,833,0]","[3,1,3,1,0,3,3,3,0,1,1,3,1,3,1,0,1,0,3,1,3,1,3,3,3,0,1,0,0,1,1,3,1,1,1,0,0,1,0,1,1,3,1,1,3,3,1,1,1,0,0,0,3,1,1,3,1,1,0,0,1,1,1,3]"
7,validation_0003,validation,6,516,"[0,769,0,1612,1976,0,0,0,1899,1628,1668,0,769,0,1628,1835,833,1744,0,705,0,1620,0,0,0,1877,1548,1800,2040,1628,1724,0,1612,1668,1676,2203,1984,833,1936,1612,769,0,961,1668,0,0,1788,1548,1852,2083,1898,1899,0,1612,1556,0,1796,1556,1864,1920,769,1548,833,0]","[1548,774,1548,774,387,1548,1548,1548,387,774,774,1548,774,1548,774,387,774,387,1548,774,1548,774,1548,1548,1548,387,774,387,387,774,774,1548,774,774,774,387,387,774,387,774,774,1548,774,774,1548,1548,774,774,774,387,387,387,1548,774,774,1548,774,774,387,387,774,774,774,1548]","[128,-128,0,64,64,64,128,0,128,64,192,128,0,192,64,128,-64,64,0,0,64,128,128,-128,0,0,64,64,64,64,64,-64,64,128,256,128,64,0,64,128,-64,-64,0,128,0,128,128,128,64,128,-64,128,0,128,64,0,256,64,64,64,0,192,0,0]","[128,-128,0,64,64,64,128,0,128,64,192,128,0,192,64,128,-64,64,0,0,64,128,128,-128,0,0,64,64,64,64,64,-64,64,128,256,128,64,0,64,128,-64,-64,0,128,0,128,128,128,64,128,-64,128,0,128,64,0,256,64,64,64,0,192,0,0]","[1676,1319,1548,2249,2180,1612,1676,1548,2177,2263,2426,1676,1447,1740,2263,2121,1439,1977,1548,1391,1612,2320,1676,1420,1548,2030,2193,2026,2236,2263,2347,1484,2249,2362,2497,2443,2187,1503,2145,2313,1383,1484,1615,2362,1548,1676,2467,2257,2459,2338,1984,2177,1548,2313,2200,1548,2602,2200,2082,2131,1447,2321,1503,1548]","[1676,1319,1548,2249,2180,1612,1676,1548,2177,2263,2426,1676,1447,1740,2263,2121,1439,1977,1548,1391,1612,2320,1676,1420,1548,2030,2193,2026,2236,2263,2347,1484,2249,2362,2497,2443,2187,1503,2145,2313,1383,1484,1615,2362,1548,1676,2467,2257,2459,2338,1984,2177,1548,2313,2200,1548,2602,2200,2082,2131,1447,2321,1503,1548]","[""0"",""0"",""0"",""0"",""0"",""0"",""0"",""0"",""0"",""0"",""0"",""0"",""0"",""0"",""0"",""0"",""0"",""0"",""0"",""0"",""0"",""0"",""0"",""0"",""0"",""0"",""0"",""0"",""0"",""0"",""0"",""0"",""0"",""0"",""0"",""0"",""0"",""0"",""0"",""0"",""0"",""0"",""0"",""0"",""0"",""0"",""0"",""0"",""0"",""0"",""0"",""0"",""0"",""0"",""0"",""0"",""1"",""0"",""0"",""0"",""0"",""0"",""0"",""0""]","[1676,1319,1548,2249,2180,1612,1676,1548,2177,2263,2426,1676,1447,1740,2263,2121,1439,1977,1548,1391,1612,2320,1676,1420,1548,2030,2193,2026,2236,2263,2347,1484,2249,2362,2497,2443,2187,1503,2145,2313,1383,1484,1615,2362,1548,1676,2467,2257,2459,2338,1984,2177,1548,2313,2200,1548,0,2200,2082,2131,1447,2321,1503,1548]","[3,1,3,1,0,3,3,3,0,1,1,3,1,3,1,0,1,0,3,1,3,1,3,3,3,0,1,0,0,1,1,3,1,1,1,0,0,1,0,1,1,3,1,1,3,3,1,1,1,0,0,0,3,1,1,3,2,1,0,0,1,1,1,3]"
7,validation_0003,validation,7,509,"[1676,1319,1548,2249,2180,1612,1676,1548,2177,2263,2426,1676,1447,1740,2263,2121,1439,1977,1548,1391,1612,2320,1676,1420,1548,2030,2193,2026,2236,2263,2347,1484,2249,2362,2497,2443,2187,1503,2145,2313,1383,1484,1615,2362,1548,1676,2467,2257,2459,2338,1984,2177,1548,2313,2200,1548,0,2200,2082,2131,1447,2321,1503,1548]","[1527,763,1527,763,381,1527,1527,1527,381,763,763,1527,763,1527,763,381,763,381,1527,763,1527,763,1527,1527,1527,381,763,381,381,763,763,1527,763,763,763,381,381,763,381,763,763,1527,763,763,1527,1527,763,763,763,381,381,381,1527,763,763,1527,763,763,381,381,763,763,763,1527]","[0,0,0,0,0,0,0,0,64,0,0,0,0,0,0,0,0,0,0,0,0,0,0,0,0,64,0,0,0,0,0,0,0,64,0,0,0,0,0,0,0,0,0,64,0,0,0,0,0,0,64,0,0,0,0,0,0,0,0,0,0,0,64,0]","[0,0,0,0,0,0,0,0,64,0,0,0,0,0,0,0,0,0,0,0,0,0,0,0,0,64,0,0,0,0,0,0,0,64,0,0,0,0,0,0,0,0,0,64,0,0,0,0,0,0,64,0,0,0,0,0,0,0,0,0,0,0,64,0]","[2994,1918,2882,2731,2289,2938,2994,2882,2350,2744,2886,2994,2030,3050,2744,2237,2023,2111,2882,1981,2938,2793,2994,2770,2882,2222,2682,2154,2338,2744,2817,2826,2731,2894,2948,2519,2295,2079,2258,2787,1974,2826,2177,2894,2882,2994,2922,2738,2915,2427,2181,2286,2882,2787,2688,2882,763,2688,2203,2246,2030,2794,2143,2882]","[2994,1918,2882,2731,2289,2938,2994,2882,2350,2744,2886,2994,2030,3050,2744,2237,2023,2111,2882,1981,2938,2793,2994,2770,2882,2222,2682,2154,2338,2744,2817,2826,2731,2894,2948,2519,2295,2079,2258,2787,1974,2826,2177,2894,2882,2994,2922,2738,2915,2427,2181,2286,2882,2787,2688,2882,763,2688,2203,2246,2030,2794,2143,2882]","[""1"",""0"",""1"",""1"",""0"",""1"",""1"",""1"",""0"",""1"",""1"",""1"",""0"",""1"",""1"",""0"",""0"",""0"",""1"",""0"",""1"",""1"",""1"",""1"",""1"",""0"",""1"",""0"",""0"",""1"",""1"",""1"",""1"",""1"",""1"",""0"",""0"",""0"",""0"",""1"",""0"",""1"",""0"",""1"",""1"",""1"",""1"",""1"",""1"",""0"",""0"",""0"",""1"",""1"",""1"",""1"",""0"",""1"",""0"",""0"",""0"",""1"",""0"",""1""]","[0,1918,0,0,2289,0,0,0,2350,0,0,0,2030,0,0,2237,2023,2111,0,1981,0,0,0,0,0,2222,0,2154,2338,0,0,0,0,0,0,2519,2295,2079,2258,0,1974,0,2177,0,0,0,0,0,0,2427,2181,2286,0,0,0,0,763,0,2203,2246,2030,0,2143,0]","[4,1,4,2,0,4,4,4,0,2,2,4,1,4,2,0,1,0,4,1,4,2,4,4,4,0,2,0,0,2,2,4,2,2,2,0,0,1,0,2,1,4,1,2,4,4,2,2,2,0,0,0,4,2,2,4,2,2,0,0,1,2,1,4]"
7,validation_0003,validation,8,510,"[0,1918,0,0,2289,0,0,0,2350,0,0,0,2030,0,0,2237,2023,2111,0,1981,0,0,0,0,0,2222,0,2154,2338,0,0,0,0,0,0,2519,2295,2079,2258,0,1974,0,2177,0,0,0,0,0,0,2427,2181,2286,0,0,0,0,763,0,2203,2246,2030,0,2143,0]","[1530,765,1530,765,382,1530,1530,1530,382,765,765,1530,765,1530,765,382,765,382,1530,765,1530,765,1530,1530,1530,382,765,382,382,765,765,1530,765,765,765,382,382,765,382,765,765,1530,765,765,1530,1530,765,765,765,382,382,382,1530,765,765,1530,765,765,382,382,765,765,765,1530]","[192,0,128,192,192,256,128,64,64,64,256,64,0,192,64,128,-64,0,128,128,192,128,192,-64,0,64,192,64,192,64,320,-64,192,192,192,256,128,192,0,192,0,0,192,192,-64,128,320,192,320,192,64,128,192,192,128,128,256,128,64,128,192,192,0,256]","[192,0,128,192,192,256,128,64,64,64,256,64,0,192,64,128,-64,0,128,128,192,128,192,-64,0,64,192,64,192,64,320,-64,192,192,192,256,128,192,0,192,0,0,192,192,-64,128,320,192,320,192,64,128,192,192,128,128,256,128,64,128,192,192,0,256]","[1722,2444,1658,957,2577,1786,1658,1594,2503,829,1021,1594,2542,1722,829,2468,2472,2230,1658,2627,1722,893,1722,1466,1530,2391,957,2331,2620,829,1085,1466,957,957,957,2843,2519,2777,2358,957,2493,1530,2862,957,1466,1658,1085,957,1085,2698,2355,2511,1722,957,893,1658,1689,893,2374,2476,2734,957,2641,1786]","[1722,2444,1658,957,2577,1786,1658,1594,2503,829,1021,1594,2542,1722,829,2468,2472,2230,1658,2627,1722,893,1722,1466,1530,2391,957,2331,2620,829,1085,1466,957,957,957,2843,2519,2777,2358,957,2493,1530,2862,957,1466,1658,1085,957,1085,2698,2355,2511,1722,957,893,1658,1689,893,2374,2476,2734,957,2641,1786]","[""0"",""0"",""0"",""0"",""1"",""0"",""0"",""0"",""0"",""0"",""0"",""0"",""0"",""0"",""0"",""0"",""0"",""0"",""0"",""1"",""0"",""0"",""0"",""0"",""0"",""0"",""0"",""0"",""1"",""0"",""0"",""0"",""0"",""0"",""0"",""1"",""0"",""1"",""0"",""0"",""0"",""0"",""1"",""0"",""0"",""0"",""0"",""0"",""0"",""1"",""0"",""0"",""0"",""0"",""0"",""0"",""0"",""0"",""0"",""0"",""1"",""0"",""1"",""0""]","[1722,2444,1658,957,0,1786,1658,1594,2503,829,1021,1594,2542,1722,829,2468,2472,2230,1658,0,1722,893,1722,1466,1530,2391,957,2331,0,829,1085,1466,957,957,957,0,2519,0,2358,957,2493,1530,0,957,1466,1658,1085,957,1085,0,2355,2511,1722,957,893,1658,1689,893,2374,2476,0,957,0,1786]","[4,1,4,2,1,4,4,4,0,2,2,4,1,4,2,0,1,0,4,2,4,2,4,4,4,0,2,0,1,2,2,4,2,2,2,1,0,2,0,2,1,4,2,2,4,4,2,2,2,1,0,0,4,2,2,4,2,2,0,0,2,2,2,4]"
7,validation_0003,validation,9,512,"[1722,2444,1658,957,0,1786,1658,1594,2503,829,1021,1594,2542,1722,829,2468,2472,2230,1658,0,1722,893,1722,1466,1530,2391,957,2331,0,829,1085,1466,957,957,957,0,2519,0,2358,957,2493,1530,0,957,1466,1658,1085,957,1085,0,2355,2511,1722,957,893,1658,1689,893,2374,2476,0,957,0,1786]","[1536,768,1536,768,384,1536,1536,1536,384,768,768,1536,768,1536,768,384,768,384,1536,768,1536,768,1536,1536,1536,384,768,384,384,768,768,1536,768,768,768,384,384,768,384,768,768,1536,768,768,1536,1536,768,768,768,384,384,384,1536,768,768,1536,768,768,384,384,768,768,768,1536]","[0,64,0,0,0,128,64,0,0,64,0,128,0,0,64,0,0,64,0,-64,64,0,64,0,-64,128,0,0,128,192,0,0,-64,0,-64,128,64,64,256,0,0,-64,64,0,0,128,64,-64,0,128,192,64,-64,64,0,64,192,0,192,64,64,64,64,0]","[0,64,0,0,0,128,64,0,0,64,0,128,0,0,64,0,0,64,0,-64,64,0,64,0,-64,128,0,0,128,192,0,0,-64,0,-64,128,64,64,256,0,0,-64,64,0,0,128,64,-64,0,128,192,64,-64,64,0,64,192,0,192,64,64,64,64,0]","[3043,2971,2987,1606,384,3227,3051,2931,2575,1558,1662,3059,2993,3043,1558,2544,2931,2400,2987,704,3107,1550,3107,2819,2811,2605,1606,2424,512,1686,1718,2819,1542,1606,1542,512,2653,832,2704,1606,2950,2811,832,1606,2819,3115,1782,1542,1718,512,2637,2646,2979,1670,1550,3051,2438,1550,2654,2615,832,1670,832,3099]","[3043,2971,2987,1606,384,3227,3051,2931,2575,1558,1662,3059,2993,3043,1558,2544,2931,2400,2987,704,3107,1550,3107,2819,2811,2605,1606,2424,512,1686,1718,2819,1542,1606,1542,512,2653,832,2704,1606,2950,2811,832,1606,2819,3115,1782,1542,1718,512,2637,2646,2979,1670,1550,3051,2438,1550,2654,2615,832,1670,832,3099]","[""1"",""1"",""1"",""0"",""0"",""1"",""1"",""1"",""1"",""0"",""0"",""1"",""1"",""1"",""0"",""0"",""1"",""0"",""1"",""0"",""1"",""0"",""1"",""1"",""1"",""1"",""0"",""0"",""0"",""0"",""0"",""1"",""0"",""0"",""0"",""0"",""1"",""0"",""1"",""0"",""1"",""1"",""0"",""0"",""1"",""1"",""0"",""0"",""0"",""0"",""1"",""1"",""1"",""0"",""0"",""1"",""0"",""0"",""1"",""1"",""0"",""0"",""0"",""1""]","[0,0,0,1606,384,0,0,0,0,1558,1662,0,0,0,1558,2544,0,2400,0,704,0,1550,0,0,0,0,1606,2424,512,1686,1718,0,1542,1606,1542,512,0,832,0,1606,0,0,832,1606,0,0,1782,1542,1718,512,0,0,0,1670,1550,0,2438,1550,0,0,832,1670,832,0]","[5,2,5,2,1,5,5,5,1,2,2,5,2,5,2,0,2,0,5,2,5,2,5,5,5,1,2,0,1,2,2,5,2,2,2,1,1,2,1,2,2,5,2,2,5,5,2,2,2,1,1,1,5,2,2,5,2,2,1,1,2,2,2,5]"
7,validation_0003,validation,10,514,"[0,0,0,1606,384,0,0,0,0,1558,1662,0,0,0,1558,2544,0,2400,0,704,0,1550,0,0,0,0,1606,2424,512,1686,1718,0,1542,1606,1542,512,0,832,0,1606,0,0,832,1606,0,0,1782,1542,1718,512,0,0,0,1670,1550,0,2438,1550,0,0,832,1670,832,0]","[1542,771,1542,771,385,1542,1542,1542,385,771,771,1542,771,1542,771,385,771,385,1542,771,1542,771,1542,1542,1542,385,771,385,385,771,771,1542,771,771,771,385,385,771,385,771,771,1542,771,771,1542,1542,771,771,771,385,385,385,1542,771,771,1542,771,771,385,385,771,771,771,1542]","[192,-192,64,0,128,192,192,0,256,128,64,192,128,192,64,64,64,128,0,64,64,128,128,-128,128,0,64,64,0,128,128,-64,128,64,384,192,64,0,64,192,-64,-64,256,128,64,128,128,128,128,192,0,128,-64,128,128,64,320,192,64,192,128,128,0,0]","[192,-192,64,0,128,192,192,0,256,128,64,192,128,192,64,64,64,128,0,64,64,128,128,-128,128,0,64,64,0,128,128,-64,128,64,384,192,64,0,64,192,-64,-64,256,128,64,128,128,128,128,192,0,128,-64,128,128,64,320,192,64,192,128,128,0,0]","[1734,579,1606,2177,849,1734,1734,1542,641,2263,2290,1734,899,1734,2199,2675,835,2613,1542,1451,1606,2256,1670,1414,1670,385,2241,2570,833,2375,2403,1478,2249,2241,2505,1025,449,1499,449,2369,707,1478,1755,2305,1606,1670,2459,2249,2403,1025,385,513,1478,2361,2256,1606,3225,2320,449,577,1627,2361,1499,1542]","[1734,579,1606,2177,849,1734,1734,1542,641,2263,2290,1734,899,1734,2199,2675,835,2613,1542,1451,1606,2256,1670,1414,1670,385,2241,2570,833,2375,2403,1478,2249,2241,2505,1025,449,1499,449,2369,707,1478,1755,2305,1606,1670,2459,2249,2403,1025,385,513,1478,2361,2256,1606,3225,2320,449,577,1627,2361,1499,1542]","[""0"",""0"",""0"",""0"",""0"",""0"",""0"",""0"",""0"",""0"",""0"",""0"",""0"",""0"",""0"",""1"",""0"",""1"",""0"",""0"",""0"",""0"",""0"",""0"",""0"",""0"",""0"",""1"",""0"",""0"",""0"",""0"",""0"",""0"",""0"",""0"",""0"",""0"",""0"",""0"",""0"",""0"",""0"",""0"",""0"",""0"",""0"",""0"",""0"",""0"",""0"",""0"",""0"",""0"",""0"",""0"",""1"",""0"",""0"",""0"",""0"",""0"",""0"",""0""]","[1734,579,1606,2177,849,1734,1734,1542,641,2263,2290,1734,899,1734,2199,0,835,0,1542,1451,1606,2256,1670,1414,1670,385,2241,0,833,2375,2403,1478,2249,2241,2505,1025,449,1499,449,2369,707,1478,1755,2305,1606,1670,2459,2249,2403,1025,385,513,1478,2361,2256,1606,0,2320,449,577,1627,2361,1499,1542]","[5,2,5,2,1,5,5,5,1,2,2,5,2,5,2,1,2,1,5,2,5,2,5,5,5,1,2,1,1,2,2,5,2,2,2,1,1,2,1,2,2,5,2,2,5,5,2,2,2,1,1,1,5,2,2,5,3,2,1,1,2,2,2,5]"
7,validation_0003,validation,11,513,"[1734,579,1606,2177,849,1734,1734,1542,641,2263,2290,1734,899,1734,2199,0,835,0,1542,1451,1606,2256,1670,1414,1670,385,2241,0,833,2375,2403,1478,2249,2241,2505,1025,449,1499,449,2369,707,1478,1755,2305,1606,1670,2459,2249,2403,1025,385,513,1478,2361,2256,1606,0,2320,449,577,1627,2361,1499,1542]","[1539,769,1539,769,384,1539,1539,1539,384,769,769,1539,769,1539,769,384,769,384,1539,769,1539,769,1539,1539,1539,384,769,384,384,769,769,1539,769,769,769,384,384,769,384,769,769,1539,769,769,1539,1539,769,769,769,384,384,384,1539,769,769,1539,769,769,384,384,769,769,769,1539]","[0,0,0,0,0,0,0,0,64,0,64,0,0,0,-64,0,64,0,64,0,0,0,0,0,0,64,0,64,0,0,0,64,-64,128,0,64,64,0,-64,0,0,0,0,64,128,0,0,0,0,64,128,0,0,0,0,0,0,0,0,0,0,0,64,0]","[0,0,0,0,0,0,0,0,64,0,64,0,0,0,-64,0,64,0,64,0,0,0,0,0,0,64,0,64,0,0,0,64,-64,128,0,64,64,0,-64,0,0,0,0,64,128,0,0,0,0,64,128,0,0,0,0,0,0,0,0,0,0,0,64,0]","[3057,1276,2945,2674,1127,3057,3057,2889,1009,2750,2837,3057,1556,3057,2630,384,1564,384,2953,2039,2945,2743,3001,2777,3001,785,2730,448,1113,2848,2872,2897,2673,2858,2961,1345,841,2081,713,2842,1388,2833,2305,2850,3073,3001,2921,2737,2872,1345,849,833,2833,2835,2743,2945,769,2799,777,889,2193,2835,2145,2889]","[3057,1276,2945,2674,1127,3057,3057,2889,1009,2750,2837,3057,1556,3057,2630,384,1564,384,2953,2039,2945,2743,3001,2777,3001,785,2730,448,1113,2848,2872,2897,2673,2858,2961,1345,841,2081,713,2842,1388,2833,2305,2850,3073,3001,2921,2737,2872,1345,849,833,2833,2835,2743,2945,769,2799,777,889,2193,2835,2145,2889]","[""1"",""0"",""1"",""1"",""0"",""1"",""1"",""1"",""0"",""1"",""1"",""1"",""0"",""1"",""1"",""0"",""0"",""0"",""1"",""0"",""1"",""1"",""1"",""1"",""1"",""0"",""1"",""0"",""0"",""1"",""1"",""1"",""1"",""1"",""1"",""0"",""0"",""0"",""0"",""1"",""0"",""1"",""0"",""1"",""1"",""1"",""1"",""1"",""1"",""0"",""0"",""0"",""1"",""1"",""1"",""1"",""0"",""1"",""0"",""0"",""0"",""1"",""0"",""1""]","[0,1276,0,0,1127,0,0,0,1009,0,0,0,1556,0,0,384,1564,384,0,2039,0,0,0,0,0,785,0,448,1113,0,0,0,0,0,0,1345,841,2081,713,0,1388,0,2305,0,0,0,0,0,0,1345,849,833,0,0,0,0,769,0,777,889,2193,0,2145,0]","[6,2,6,3,1,6,6,6,1,3,3,6,2,6,3,1,2,1,6,2,6,3,6,6,6,1,3,1,1,3,3,6,3,3,3,1,1,2,1,3,2,6,2,3,6,6,3,3,3,1,1,1,6,3,3,6,3,3,1,1,2,3,2,6]"
7,validation_0003,validation,12,513,"[0,1276,0,0,1127,0,0,0,1009,0,0,0,1556,0,0,384,1564,384,0,2039,0,0,0,0,0,785,0,448,1113,0,0,0,0,0,0,1345,841,2081,713,0,1388,0,2305,0,0,0,0,0,0,1345,849,833,0,0,0,0,769,0,777,889,2193,0,2145,0]","[1539,769,1539,769,384,1539,1539,1539,384,769,769,1539,769,1539,769,384,769,384,1539,769,1539,769,1539,1539,1539,384,769,384,384,769,769,1539,769,769,769,384,384,769,384,769,769,1539,769,769,1539,1539,769,769,769,384,384,384,1539,769,769,1539,769,769,384,384,769,769,769,1539]","[192,0,128,192,192,256,128,64,64,64,256,64,0,192,64,128,-64,0,128,128,192,128,192,-64,0,64,192,64,192,64,320,-64,192,192,192,256,128,192,0,192,0,0,192,192,-64,128,320,192,320,192,64,128,192,192,128,128,256,128,64,128,192,192,0,256]","[192,0,128,192,192,256,128,64,64,64,256,64,0,192,64,128,-64,0,128,128,192,128,192,-64,0,64,192,64,192,64,320,-64,192,192,192,256,128,192,0,192,0,0,192,192,-64,128,320,192,320,192,64,128,192,192,128,128,256,128,64,128,192,192,0,256]","[1731,1886,1667,961,1563,1795,1667,1603,1331,833,1025,1603,2131,1731,833,848,2074,720,1667,2682,1731,897,1731,1475,1539,1135,961,840,1550,833,1089,1475,961,961,961,1817,1248,2782,1008,961,1984,1539,2978,961,1475,1667,1089,961,1089,1753,1191,1241,1731,961,897,1667,1698,897,1128,1290,2880,961,2646,1795]","[1731,1886,1667,961,1563,1795,1667,1603,1331,833,1025,1603,2131,1731,833,848,2074,720,1667,2682,1731,897,1731,1475,1539,1135,961,840,1550,833,1089,1475,961,961,961,1817,1248,2782,1008,961,1984,1539,2978,961,1475,1667,1089,961,1089,1753,1191,1241,1731,961,897,1667,1698,897,1128,1290,2880,961,2646,1795]","[""0"",""0"",""0"",""0"",""0"",""0"",""0"",""0"",""0"",""0"",""0"",""0"",""0"",""0"",""0"",""0"",""0"",""0"",""0"",""1"",""0"",""0"",""0"",""0"",""0"",""0"",""0"",""0"",""0"",""0"",""0"",""0"",""0"",""0"",""0"",""0"",""0"",""1"",""0"",""0"",""0"",""0"",""1"",""0"",""0"",""0"",""0"",""0"",""0"",""0"",""0"",""0"",""0"",""0"",""0"",""0"",""0"",""0"",""0"",""0"",""1"",""0"",""1"",""0""]","[1731,1886,1667,961,1563,1795,1667,1603,1331,833,1025,1603,2131,1731,833,848,2074,720,1667,0,1731,897,1731,1475,1539,1135,961,840,1550,833,1089,1475,961,961,961,1817,1248,0,1008,961,1984,1539,0,961,1475,1667,1089,961,1089,1753,1191,1241,1731,961,897,1667,1698,897,1128,1290,0,961,0,1795]","[6,2,6,3,1,6,6,6,1,3,3,6,2,6,3,1,2,1,6,3,6,3,6,6,6,1,3,1,1,3,3,6,3,3,3,1,1,3,1,3,2,6,3,3,6,6,3,3,3,1,1,1,6,3,3,6,3,3,1,1,3,3,3,6]"
7,validation_0003,validation,13,511,"[1731,1886,1667,961,1563,1795,1667,1603,1331,833,1025,1603,2131,1731,833,848,2074,720,1667,0,1731,897,1731,1475,1539,1135,961,840,1550,833,1089,1475,961,961,961,1817,1248,0,1008,961,1984,1539,0,961,1475,1667,1089,961,1089,1753,1191,1241,1731,961,897,1667,1698,897,1128,1290,0,961,0,1795]","[1533,766,1533,766,383,1533,1533,1533,383,766,766,1533,766,1533,766,383,766,383,1533,766,1533,766,1533,1533,1533,383,766,383,383,766,766,1533,766,766,766,383,383,766,383,766,766,1533,766,766,1533,1533,766,766,766,383,383,383,1533,766,766,1533,766,766,383,383,766,766,766,1533]","[-64,0,0,64,0,64,64,64,0,64,0,64,0,0,64,0,0,0,64,-128,0,64,64,0,-64,64,-64,0,128,128,0,0,-64,0,0,128,64,64,192,0,0,-64,64,0,0,128,64,-64,64,128,128,0,-128,0,0,64,128,0,64,64,0,0,64,0]","[-64,0,0,64,0,64,64,64,0,64,0,64,0,0,64,0,0,0,64,-128,0,64,64,0,-64,64,-64,0,128,128,0,0,-64,0,0,128,64,64,192,0,0,-64,64,0,0,128,64,-64,64,128,128,0,-128,0,0,64,128,0,64,64,0,0,64,0]","[2984,2417,2992,1671,1751,3168,3056,3000,1548,1559,1663,3000,2631,3048,1559,1125,2581,1013,3056,638,3048,1615,3112,2824,2816,1441,1543,1118,1868,1623,1719,2824,1543,1607,1607,2101,1539,830,1457,1607,2502,2816,830,1607,2824,3120,1783,1543,1783,2045,1554,1469,2920,1607,1551,3056,2380,1551,1434,1576,766,1607,830,3104]","[2984,2417,2992,1671,1751,3168,3056,3000,1548,1559,1663,3000,2631,3048,1559,1125,2581,1013,3056,638,3048,1615,3112,2824,2816,1441,1543,1118,1868,1623,1719,2824,1543,1607,1607,2101,1539,830,1457,1607,2502,2816,830,1607,2824,3120,1783,1543,1783,2045,1554,1469,2920,1607,1551,3056,2380,1551,1434,1576,766,1607,830,3104]","[""1"",""0"",""1"",""0"",""0"",""1"",""1"",""1"",""0"",""0"",""0"",""1"",""1"",""1"",""0"",""0"",""1"",""0"",""1"",""0"",""1"",""0"",""1"",""1"",""1"",""0"",""0"",""0"",""0"",""0"",""0"",""1"",""0"",""0"",""0"",""0"",""0"",""0"",""0"",""0"",""0"",""1"",""0"",""0"",""1"",""1"",""0"",""0"",""0"",""0"",""0"",""0"",""1"",""0"",""0"",""1"",""0"",""0"",""0"",""0"",""0"",""0"",""0"",""1""]","[0,2417,0,1671,1751,0,0,0,1548,1559,1663,0,0,0,1559,1125,0,1013,0,638,0,1615,0,0,0,1441,1543,1118,1868,1623,1719,0,1543,1607,1607,2101,1539,830,1457,1607,2502,0,830,1607,0,0,1783,1543,1783,2045,1554,1469,0,1607,1551,0,2380,1551,1434,1576,766,1607,830,0]","[7,2,7,3,1,7,7,7,1,3,3,7,3,7,3,1,3,1,7,3,7,3,7,7,7,1,3,1,1,3,3,7,3,3,3,1,1,3,1,3,2,7,3,3,7,7,3,3,3,1,1,1,7,3,3,7,3,3,1,1,3,3,3,7]"
7,validation_0003,validation,14,514,"[0,2417,0,1671,1751,0,0,0,1548,1559,1663,0,0,0,1559,1125,0,1013,0,638,0,1615,0,0,0,1441,1543,1118,1868,1623,1719,0,1543,1607,1607,2101,1539,830,1457,1607,2502,0,830,1607,0,0,1783,1543,1783,2045,1554,1469,0,1607,1551,0,2380,1551,1434,1576,766,1607,830,0]","[1542,771,1542,771,385,1542,1542,1542,385,771,771,1542,771,1542,771,385,771,385,1542,771,1542,771,1542,1542,1542,385,771,385,385,771,771,1542,771,771,771,385,385,771,385,771,771,1542,771,771,1542,1542,771,771,771,385,385,385,1542,771,771,1542,771,771,385,385,771,771,771,1542]","[128,-128,64,0,128,64,128,0,128,64,192,128,0,192,64,64,0,64,0,64,64,128,128,-128,64,0,64,64,64,64,64,-64,128,128,256,192,128,0,64,128,-64,-64,64,128,0,128,128,128,64,128,-64,128,0,128,64,0,256,64,128,64,0,128,0,0]","[128,-128,64,0,128,64,128,0,128,64,192,128,0,192,64,64,0,64,0,64,64,128,128,-128,64,0,64,64,64,64,64,-64,128,128,256,192,128,0,64,128,-64,-64,64,128,0,128,128,128,64,128,-64,128,0,128,64,0,256,64,128,64,0,128,0,0]","[1670,2758,1606,2234,2046,1606,1670,1542,1868,2200,2419,1670,771,1734,2200,1434,771,1336,1542,1394,1606,2313,1670,1414,1606,1646,2186,1428,2084,2256,2340,1478,2250,2306,2434,2416,1860,1498,1724,2306,2897,1478,1562,2306,1542,1670,2460,2250,2396,2303,1681,1799,1542,2306,2193,1542,3110,2193,1768,1828,1442,2306,1498,1542]","[1670,2758,1606,2234,2046,1606,1670,1542,1868,2200,2419,1670,771,1734,2200,1434,771,1336,1542,1394,1606,2313,1670,1414,1606,1646,2186,1428,2084,2256,2340,1478,2250,2306,2434,2416,1860,1498,1724,2306,2897,1478,1562,2306,1542,1670,2460,2250,2396,2303,1681,1799,1542,2306,2193,1542,3110,2193,1768,1828,1442,2306,1498,1542]","[""0"",""1"",""0"",""0"",""0"",""0"",""0"",""0"",""0"",""0"",""0"",""0"",""0"",""0"",""0"",""0"",""0"",""0"",""0"",""0"",""0"",""0"",""0"",""0"",""0"",""0"",""0"",""0"",""0"",""0"",""0"",""0"",""0"",""0"",""0"",""0"",""0"",""0"",""0"",""0"",""1"",""0"",""0"",""0"",""0"",""0"",""0"",""0"",""0"",""0"",""0"",""0"",""0"",""0"",""0"",""0"",""1"",""0"",""0"",""0"",""0"",""0"",""0"",""0""]","[1670,0,1606,2234,2046,1606,1670,1542,1868,2200,2419,1670,771,1734,2200,1434,771,1336,1542,1394,1606,2313,1670,1414,1606,1646,2186,1428,2084,2256,2340,1478,2250,2306,2434,2416,1860,1498,1724,2306,0,1478,1562,2306,1542,1670,2460,2250,2396,2303,1681,1799,1542,2306,2193,1542,0,2193,1768,1828,1442,2306,1498,1542]","[7,3,7,3,1,7,7,7,1,3,3,7,3,7,3,1,3,1,7,3,7,3,7,7,7,1,3,1,1,3,3,7,3,3,3,1,1,3,1,3,3,7,3,3,7,7,3,3,3,1,1,1,7,3,3,7,4,3,1,1,3,3,3,7]"
7,validation_0003,validation,15,503,"[1670,0,1606,2234,2046,1606,1670,1542,1868,2200,2419,1670,771,1734,2200,1434,771,1336,1542,1394,1606,2313,1670,1414,1606,1646,2186,1428,2084,2256,2340,1478,2250,2306,2434,2416,1860,1498,1724,2306,0,1478,1562,2306,1542,1670,2460,2250,2396,2303,1681,1799,1542,2306,2193,1542,0,2193,1768,1828,1442,2306,1498,1542]","[1509,754,1509,754,377,1509,1509,1509,377,754,754,1509,754,1509,754,377,754,377,1509,754,1509,754,1509,1509,1509,377,754,377,377,754,754,1509,754,754,754,377,377,754,377,754,754,1509,754,754,1509,1509,754,754,754,377,377,377,1509,754,754,1509,754,754,377,377,754,754,754,1509]","[0,0,0,0,0,0,0,0,64,64,0,0,0,0,64,0,0,0,0,0,0,0,0,0,0,64,0,0,0,0,0,0,0,64,64,0,0,0,0,0,0,0,64,64,-64,64,0,0,64,0,64,0,-64,0,0,0,0,0,-64,0,0,0,64,0]","[0,0,0,0,0,0,0,0,64,64,0,0,0,0,64,0,0,0,0,0,0,0,0,0,0,64,0,0,0,0,0,0,0,64,64,0,0,0,0,0,0,0,64,64,-64,64,0,0,64,0,64,0,-64,0,0,0,0,0,-64,0,0,0,64,0]","[2971,754,2915,2709,2168,2915,2971,2859,2076,2743,2871,2971,1429,3027,2743,1632,1429,1546,2859,1974,2915,2778,2971,2747,2915,1882,2667,1627,2201,2728,2802,2803,2723,2836,2948,2491,2005,2065,1886,2772,754,2803,2185,2836,2795,3035,2907,2723,2915,2393,1912,1952,2795,2772,2673,2859,754,2673,1860,1977,2016,2772,2129,2859]","[2971,754,2915,2709,2168,2915,2971,2859,2076,2743,2871,2971,1429,3027,2743,1632,1429,1546,2859,1974,2915,2778,2971,2747,2915,1882,2667,1627,2201,2728,2802,2803,2723,2836,2948,2491,2005,2065,1886,2772,754,2803,2185,2836,2795,3035,2907,2723,2915,2393,1912,1952,2795,2772,2673,2859,754,2673,1860,1977,2016,2772,2129,2859]","[""1"",""0"",""1"",""1"",""0"",""1"",""1"",""1"",""0"",""1"",""1"",""1"",""0"",""1"",""1"",""0"",""0"",""0"",""1"",""0"",""1"",""1"",""1"",""1"",""1"",""0"",""1"",""0"",""0"",""1"",""1"",""1"",""1"",""1"",""1"",""0"",""0"",""0"",""0"",""1"",""0"",""1"",""0"",""1"",""1"",""1"",""1"",""1"",""1"",""0"",""0"",""0"",""1"",""1"",""1"",""1"",""0"",""1"",""0"",""0"",""0"",""1"",""0"",""1""]","[0,754,0,0,2168,0,0,0,2076,0,0,0,1429,0,0,1632,1429,1546,0,1974,0,0,0,0,0,1882,0,1627,2201,0,0,0,0,0,0,2491,2005,2065,1886,0,754,0,2185,0,0,0,0,0,0,2393,1912,1952,0,0,0,0,754,0,1860,1977,2016,0,2129,0]","[8,3,8,4,1,8,8,8,1,4,4,8,3,8,4,1,3,1,8,3,8,4,8,8,8,1,4,1,1,4,4,8,4,4,4,1,1,3,1,4,3,8,3,4,8,8,4,4,4,1,1,1,8,4,4,8,4,4,1,1,3,4,3,8]"
7,validation_0003,validation,16,515,"[0,754,0,0,2168,0,0,0,2076,0,0,0,1429,0,0,1632,1429,1546,0,1974,0,0,0,0,0,1882,0,1627,2201,0,0,0,0,0,0,2491,2005,2065,1886,0,754,0,2185,0,0,0,0,0,0,2393,1912,1952,0,0,0,0,754,0,1860,1977,2016,0,2129,0]","[1545,772,1545,772,386,1545,1545,1545,386,772,772,1545,772,1545,772,386,772,386,1545,772,1545,772,1545,1545,1545,386,772,386,386,772,772,1545,772,772,772,386,386,772,386,772,772,1545,772,772,1545,1545,772,772,772,386,386,386,1545,772,772,1545,772,772,386,386,772,772,772,1545]","[192,0,128,192,192,256,128,64,64,64,256,64,0,192,64,128,-64,0,128,128,192,128,192,-64,0,64,192,64,192,64,320,-64,192,192,192,256,128,192,0,192,0,0,192,192,-64,128,320,192,320,192,64,128,192,192,128,128,256,128,64,128,192,192,0,256]","[192,0,128,192,192,256,128,64,64,64,256,64,0,192,64,128,-64,0,128,128,192,128,192,-64,0,64,192,64,192,64,320,-64,192,192,192,256,128,192,0,192,0,0,192,192,-64,128,320,192,320,192,64,128,192,192,128,128,256,128,64,128,192,192,0,256]","[1737,1432,1673,964,2475,1801,1673,1609,2267,836,1028,1609,2023,1737,836,1942,1959,1739,1673,2628,1737,900,1737,1481,1545,2097,964,1874,2504,836,1092,1481,964,964,964,2822,2269,2771,2037,964,1432,1545,2876,964,1481,1673,1092,964,1092,2672,2123,2222,1737,964,900,1673,1688,900,2078,2244,2728,964,2635,1801]","[1737,1432,1673,964,2475,1801,1673,1609,2267,836,1028,1609,2023,1737,836,1942,1959,1739,1673,2628,1737,900,1737,1481,1545,2097,964,1874,2504,836,1092,1481,964,964,964,2822,2269,2771,2037,964,1432,1545,2876,964,1481,1673,1092,964,1092,2672,2123,2222,1737,964,900,1673,1688,900,2078,2244,2728,964,2635,1801]","[""0"",""0"",""0"",""0"",""0"",""0"",""0"",""0"",""0"",""0"",""0"",""0"",""0"",""0"",""0"",""0"",""0"",""0"",""0"",""1"",""0"",""0"",""0"",""0"",""0"",""0"",""0"",""0"",""0"",""0"",""0"",""0"",""0"",""0"",""0"",""1"",""0"",""1"",""0"",""0"",""0"",""0"",""1"",""0"",""0"",""0"",""0"",""0"",""0"",""1"",""0"",""0"",""0"",""0"",""0"",""0"",""0"",""0"",""0"",""0"",""1"",""0"",""1"",""0""]","[1737,1432,1673,964,2475,1801,1673,1609,2267,836,1028,1609,2023,1737,836,1942,1959,1739,1673,0,1737,900,1737,1481,1545,2097,964,1874,2504,836,1092,1481,964,964,964,0,2269,0,2037,964,1432,1545,0,964,1481,1673,1092,964,1092,0,2123,2222,1737,964,900,1673,1688,900,2078,2244,0,964,0,1801]","[8,3,8,4,1,8,8,8,1,4,4,8,3,8,4,1,3,1,8,4,8,4,8,8,8,1,4,1,1,4,4,8,4,4,4,2,1,4,1,4,3,8,4,4,8,8,4,4,4,2,1,1,8,4,4,8,4,4,1,1,4,4,4,8]"
7,validation_0003,validation,17,516,"[1737,1432,1673,964,2475,1801,1673,1609,2267,836,1028,1609,2023,1737,836,1942,1959,1739,1673,0,1737,900,1737,1481,1545,2097,964,1874,2504,836,1092,1481,964,964,964,0,2269,0,2037,964,1432,1545,0,964,1481,1673,1092,964,1092,0,2123,2222,1737,964,900,1673,1688,900,2078,2244,0,964,0,1801]","[1548,774,1548,774,387,1548,1548,1548,387,774,774,1548,774,1548,774,387,774,387,1548,774,1548,774,1548,1548,1548,387,774,387,387,774,774,1548,774,774,774,387,387,774,387,774,774,1548,774,774,1548,1548,774,774,774,387,387,387,1548,774,774,1548,774,774,387,387,774,774,774,1548]","[-64,64,0,0,0,64,64,0,0,64,0,64,0,0,64,0,0,0,64,-128,64,0,64,0,-64,64,0,0,128,128,0,0,-64,0,-64,128,64,64,192,0,0,-64,64,0,0,128,64,-64,0,128,192,0,-128,64,0,64,192,0,64,64,64,0,64,0]","[-64,64,0,0,0,64,64,0,0,64,0,64,0,0,64,0,0,0,64,-128,64,0,64,0,-64,64,0,0,128,128,0,0,-64,0,-64,128,64,64,192,0,0,-64,64,0,0,128,64,-64,0,128,192,0,-128,64,0,64,192,0,64,64,64,0,64,0]","[3004,2091,3012,1618,2553,3188,3076,2956,2371,1570,1674,3020,2545,3068,1570,2087,2489,1909,3076,646,3132,1562,3132,2844,2836,2286,1618,2027,2706,1634,1730,2844,1554,1618,1554,515,2437,838,2362,1618,2027,2836,838,1618,2844,3140,1794,1554,1730,515,2437,2332,2940,1682,1562,3076,2443,1562,2270,2415,838,1618,838,3124]","[3004,2091,3012,1618,2553,3188,3076,2956,2371,1570,1674,3020,2545,3068,1570,2087,2489,1909,3076,646,3132,1562,3132,2844,2836,2286,1618,2027,2706,1634,1730,2844,1554,1618,1554,515,2437,838,2362,1618,2027,2836,838,1618,2844,3140,1794,1554,1730,515,2437,2332,2940,1682,1562,3076,2443,1562,2270,2415,838,1618,838,3124]","[""1"",""0"",""1"",""0"",""0"",""1"",""1"",""1"",""0"",""0"",""0"",""1"",""0"",""1"",""0"",""0"",""0"",""0"",""1"",""0"",""1"",""0"",""1"",""1"",""1"",""0"",""0"",""0"",""1"",""0"",""0"",""1"",""0"",""0"",""0"",""0"",""0"",""0"",""0"",""0"",""0"",""1"",""0"",""0"",""1"",""1"",""0"",""0"",""0"",""0"",""0"",""0"",""1"",""0"",""0"",""1"",""0"",""0"",""0"",""0"",""0"",""0"",""0"",""1""]","[0,2091,0,1618,2553,0,0,0,2371,1570,1674,0,2545,0,1570,2087,2489,1909,0,646,0,1562,0,0,0,2286,1618,2027,0,1634,1730,0,1554,1618,1554,515,2437,838,2362,1618,2027,0,838,1618,0,0,1794,1554,1730,515,2437,2332,0,1682,1562,0,2443,1562,2270,2415,838,1618,838,0]","[9,3,9,4,1,9,9,9,1,4,4,9,3,9,4,1,3,1,9,4,9,4,9,9,9,1,4,1,2,4,4,9,4,4,4,2,1,4,1,4,3,9,4,4,9,9,4,4,4,2,1,1,9,4,4,9,4,4,1,1,4,4,4,9]"
7,validation_0003,validation,18,513,"[0,2091,0,1618,2553,0,0,0,2371,1570,1674,0,2545,0,1570,2087,2489,1909,0,646,0,1562,0,0,0,2286,1618,2027,0,1634,1730,0,1554,1618,1554,515,2437,838,2362,1618,2027,0,838,1618,0,0,1794,1554,1730,515,2437,2332,0,1682,1562,0,2443,1562,2270,2415,838,1618,838,0]","[1539,769,1539,769,384,1539,1539,1539,384,769,769,1539,769,1539,769,384,769,384,1539,769,1539,769,1539,1539,1539,384,769,384,384,769,769,1539,769,769,769,384,384,769,384,769,769,1539,769,769,1539,1539,769,769,769,384,384,384,1539,769,769,1539,769,769,384,384,769,769,769,1539]","[128,-128,0,64,64,128,128,0,128,64,192,192,0,192,64,128,-64,64,0,64,64,128,128,-128,0,0,64,64,64,128,64,-64,64,128,256,128,64,0,64,128,-64,-64,0,128,0,128,128,128,64,128,-64,128,0,128,64,0,256,64,128,64,0,256,0,0]","[128,-128,0,64,64,128,128,0,128,64,192,192,0,192,64,128,-64,64,0,64,64,128,128,-128,0,0,64,64,64,128,64,-64,64,128,256,128,64,0,64,128,-64,-64,0,128,0,128,128,128,64,128,-64,128,0,128,64,0,256,64,128,64,0,256,0,0]","[1667,2471,1539,2249,2682,1667,1667,1539,2587,2207,2426,1731,2996,1731,2207,2339,2883,2119,1539,1399,1603,2264,1667,1411,1539,2385,2249,2222,448,2327,2347,1475,2193,2313,2385,963,2581,1503,2515,2313,2479,1475,1503,2313,1539,1667,2467,2257,2347,963,2453,2553,1539,2369,2200,1539,3163,2200,2499,2562,1503,2441,1503,1539]","[1667,2471,1539,2249,2682,1667,1667,1539,2587,2207,2426,1731,2996,1731,2207,2339,2883,2119,1539,1399,1603,2264,1667,1411,1539,2385,2249,2222,448,2327,2347,1475,2193,2313,2385,963,2581,1503,2515,2313,2479,1475,1503,2313,1539,1667,2467,2257,2347,963,2453,2553,1539,2369,2200,1539,3163,2200,2499,2562,1503,2441,1503,1539]","[""0"",""0"",""0"",""0"",""1"",""0"",""0"",""0"",""1"",""0"",""0"",""0"",""1"",""0"",""0"",""0"",""1"",""0"",""0"",""0"",""0"",""0"",""0"",""0"",""0"",""0"",""0"",""0"",""0"",""0"",""0"",""0"",""0"",""0"",""0"",""0"",""1"",""0"",""0"",""0"",""0"",""0"",""0"",""0"",""0"",""0"",""0"",""0"",""0"",""0"",""0"",""0"",""0"",""0"",""0"",""0"",""1"",""0"",""0"",""1"",""0"",""0"",""0"",""0""]","[1667,2471,1539,2249,0,1667,1667,1539,0,2207,2426,1731,0,1731,2207,2339,0,2119,1539,1399,1603,2264,1667,1411,1539,2385,2249,2222,448,2327,2347,1475,2193,2313,2385,963,0,1503,2515,2313,2479,1475,1503,2313,1539,1667,2467,2257,2347,963,2453,2553,1539,2369,2200,1539,0,2200,2499,0,1503,2441,1503,1539]","[9,3,9,4,2,9,9,9,2,4,4,9,4,9,4,1,4,1,9,4,9,4,9,9,9,1,4,1,2,4,4,9,4,4,4,2,2,4,1,4,3,9,4,4,9,9,4,4,4,2,1,1,9,4,4,9,5,4,1,2,4,4,4,9]"
7,validation_0003,validation,19,519,"[1667,2471,1539,2249,0,1667,1667,1539,0,2207,2426,1731,0,1731,2207,2339,0,2119,1539,1399,1603,2264,1667,1411,1539,2385,2249,2222,448,2327,2347,1475,2193,2313,2385,963,0,1503,2515,2313,2479,1475,1503,2313,1539,1667,2467,2257,2347,963,2453,2553,1539,2369,2200,1539,0,2200,2499,0,1503,2441,1503,1539]","[1557,778,1557,778,389,1557,1557,1557,389,778,778,1557,778,1557,778,389,778,389,1557,778,1557,778,1557,1557,1557,389,778,389,389,778,778,1557,778,778,778,389,389,778,389,778,778,1557,778,778,1557,1557,778,778,778,389,389,389,1557,778,778,1557,778,778,389,389,778,778,778,1557]","[64,-64,64,-64,64,0,64,0,64,0,-64,0,128,0,0,-64,64,128,-64,64,0,0,0,0,128,128,0,0,0,64,0,0,64,64,0,64,64,0,64,64,0,0,64,64,64,0,0,0,0,64,64,64,128,0,64,0,0,0,128,64,64,0,64,-64]","[64,-64,64,-64,64,0,64,0,64,0,-64,0,128,0,0,-64,64,128,-64,64,0,0,0,0,128,128,0,0,0,64,0,0,64,64,0,64,64,0,64,64,0,0,64,64,64,0,0,0,0,64,64,64,128,0,64,0,0,0,128,64,64,0,64,-64]","[3080,2877,2968,2682,453,3016,3080,2904,453,2710,2837,3072,906,3072,2710,2372,842,2372,2840,2067,2960,2759,3016,2792,3032,2604,2746,2334,781,2879,2832,2848,2761,2866,2865,1296,453,2094,2654,2866,2948,2848,2158,2866,2968,3016,2937,2753,2832,1296,2600,2687,3032,2851,2767,2904,778,2703,2704,453,2158,2914,2158,2840]","[3080,2877,2968,2682,453,3016,3080,2904,453,2710,2837,3072,906,3072,2710,2372,842,2372,2840,2067,2960,2759,3016,2792,3032,2604,2746,2334,781,2879,2832,2848,2761,2866,2865,1296,453,2094,2654,2866,2948,2848,2158,2866,2968,3016,2937,2753,2832,1296,2600,2687,3032,2851,2767,2904,778,2703,2704,453,2158,2914,2158,2840]","[""1"",""1"",""1"",""1"",""0"",""1"",""1"",""1"",""0"",""1"",""1"",""1"",""0"",""1"",""1"",""0"",""0"",""0"",""1"",""0"",""1"",""1"",""1"",""1"",""1"",""1"",""1"",""0"",""0"",""1"",""1"",""1"",""1"",""1"",""1"",""0"",""0"",""0"",""1"",""1"",""1"",""1"",""0"",""1"",""1"",""1"",""1"",""1"",""1"",""0"",""1"",""1"",""1"",""1"",""1"",""1"",""0"",""1"",""1"",""0"",""0"",""1"",""0"",""1""]","[0,0,0,0,453,0,0,0,453,0,0,0,906,0,0,2372,842,2372,0,2067,0,0,0,0,0,0,0,2334,781,0,0,0,0,0,0,1296,453,2094,0,0,0,0,2158,0,0,0,0,0,0,1296,0,0,0,0,0,0,778,0,0,453,2158,0,2158,0]","[10,4,10,5,2,10,10,10,2,5,5,10,4,10,5,1,4,1,10,4,10,5,10,10,10,2,5,1,2,5,5,10,5,5,5,2,2,4,2,5,4,10,4,5,10,10,5,5,5,2,2,2,10,5,5,10,5,5,2,2,4,5,4,10]"
